CID,SMILES,Hf /kJmol-1,Hf_spread /kJmol-1,density / gcm-3,det_velocity / kms-1,det_pressure / Gpa
C3609,C1CCC2C(C(=O)O)CCCC2(C=O)C1,-650.3876725183139,21.16471269177944,1.777723278603622,0.6415265186377733,1.8119796995169795
C5831,C1CC(C(=O)O)CC(C2CCC(C)CC2)C1,-614.6114216873012,50.552293386159015,1.6633129985811017,0.6644807526806689,1.8656468936325967
C3862,C1CC(C(=O)O)C2CCCCC2C1,-539.4591652639366,44.03904642946773,1.712536899770753,0.6640716538521397,1.8976910842827885
C2562,C(C=O)C(=O)O,-532.208155176439,14.850984158353443,1.8566125951500339,0.6976301209654143,2.1988388439189195
C1420,C1C(C(=O)O)CC2CCCCC2C1,-524.7561520846278,0.0,1.7116042087185508,0.6592519715770571,1.8696134087816454
C3743,C1CC(OC(=O)N)C2CCCCC2C1,-476.01451267937875,24.27581571068731,1.7358907104515224,0.6122276062773226,1.6264884932381893
C183,C1CCC2C(OC(=O)N)CCCC2C1,-473.56157982503413,0.0,1.7348289243323292,0.6111782103117681,1.6203083848663327
C003,C(CC(=O)O)O[N+](=O)[O-],-470.8669831951968,0.0,2.0253714924328716,0.6032677882732952,1.727538153580149
C311,C1(C(=O)O)CCCCC1,-470.79462946436684,0.0,1.6945404808586417,0.677498535686506,1.9622658829127548
C1177,C1CC(C(=O)C)C2CC(O)CCC2C1,-470.78175748453583,11.656653535520455,1.6941784505317927,0.6352353307506007,1.724854525450735
C2551,C1CC(OC(=O)N)C2CCCCC2C1,-470.6396390830341,0.0,1.7350942757041459,0.6102979229245774,1.6157960622259329
C708,C1CCC2CCCC(OC(=O)N)C2C1,-470.1366881722255,0.0,1.7321788939145355,0.6094245266568298,1.6095100660679331
C1982,CCCC(=O)O,-461.5479355776883,58.6309418552808,1.613242877233322,0.7050582485670623,2.0598296181269724
C5203,C(C)C(=O)O,-433.1076833529812,52.62037729107091,1.6493618140726842,0.6948127670891494,2.028990523778773
C2907,CCOC(=O)N,-430.94796964469634,0.0,1.7155443967977897,0.6207752576787144,1.6601087038106583
C3395,CCOC(=O)N,-430.80345955982096,0.0,1.712318944562102,0.6199174576792432,1.653594800350872
C4594,C1(C=O)CCCCC1O,-426.44599279640283,0.0,1.689390480814525,0.6595652149540724,1.8562236901840437
C1094,C1CCCCC1(O)C=O,-422.85380947230294,0.0,1.692821106606595,0.659090214899975,1.8559038002419759
C6125,C(C1CCCCC1O)C1CCCCC1,-405.1376910924571,0.0,1.5981184037600369,0.6439820694034386,1.7079644200664017
C1985,C1(C2CCCCC2)CCCCC1O,-382.4032003176919,38.05386099988886,1.611050734245162,0.6459804024909586,1.7275812318667791
C2349,CC1CCC([N+](=O)[O-])C2C1CCCC2O,-370.212959988308,36.15687165276871,1.7710553208920063,0.5498896925094046,1.328275472343582
C091,C1(C(=O)N)CCC2CCCCC2C1,-357.57907064743137,54.02251688005107,1.680789258813089,0.5939366111257872,1.500394464944944
C1262,C1CCC2CCCC(O)C2C1,-328.77693599088184,49.93065450253079,1.6368194370919964,0.6446780280002586,1.7382647175509525
C5994,C(CC(=O)[N+](=O)[O-])c1ccccc1O,-298.0763145564481,1.7133939268626652,1.9252864324296257,0.3936798241803637,0.7150774735775577
C3554,C1(C=O)C(C(=O)O)CC2CCCCC2C1,,,,,
C2928,C1(C2CCC3C(C2)CC(C(=O)O)CC3)CCCCC1,,,,,
C5854,C1(C)CCCC(C2C(O)CCCC2)C1O,,,,,
C3500,C1CCCCC1C1C(O)CCCC1O,,,,,
C4931,C(C1CCCCC1)C1CCCCC1(O)CCC,,,,,
C3183,C1(C(=O)N)CCC(C2CCCC3C2CCCC3)CC1,,,,,
C5910,C(C(C)C=O)C1CC(O)CCC1,,,,,
C4626,C1CCCC(C=O)C1O,,,,,
C4238,C1C(C=O)CCCC1O,,,,,
C6192,C1CCCC(C2CCCCC2)C1OCCC,,,,,
C2303,CC1CCCC(C2CCC3CCCCC3C2)(C=O)C1,,,,,
C4216,CC1CCC(C2(C3CCCCC3)CCC(C)CC2)CC1,,,,,
C4979,C1CC(OC(=O)N)C2CCC([N+](=O)[O-])CC2C1,,,,,
C6439,C1CCCC(C2CCCCC2)C1O,,,,,
C3262,C(C)C1CC(C(=O)O)C(C)CC1,,,,,
C3627,C(C)C1(C2CCCCC2)CCCC2C1CCCC2,,,,,
C1992,C1CCC2(c3c(O)cccc3)CCCCC2(O[N+](=O)[O-])C1,,,,,
C2127,C(CC(N)O)N,,,,,
C5350,C1(Cc2ccccc2)CCC2CCCCC2C1OC(=O)N,,,,,
C3857,C1CCC2(O)C(N)CCCC2C1,,,,,
C1559,C(C(C)O[N+](=O)[O-])CO,,,,,
C3409,C1CC(C2CC(O)C(c3ccc(C)cc3)CC2)CCC1,,,,,
C6353,C1CCCCC1OC(=O)C,,,,,
C958,CC(C)C1CCC2CC(CC)CCC2C1,,,,,
C3303,CCC1CCC2CCC(c3cc(O)ccc3)CC2C1,,,,,
C6227,C1C(CC2CCCCC2)C([N+](=O)[O-])CCC1N,,,,,
C4229,C1C(C(=O)O)(c2ccc(C)cc2)CCCC1,,,,,
C6238,C1CCC2CCCCC2(C2CCCCC2)C1,,,,,
C1292,C1CCCC([N+](=O)[O-])C1O,,,,,
C2103,C1CCC(C2CCC(C)CC2)CC1N,,,,,
C6107,C(C)(C(=O)[N+](=O)[O-])N,,,,,
C494,CC=CC(=O)O,,,,,
C5913,C1CCC2CCCCC2(C=O)C1,,,,,
C4464,C(C(C)CCC)O,,,,,
C1415,C1CCC2CCC(C(=O)[N+](=O)[O-])CC2C1,,,,,
C3621,C1CCC(C2C(N)CCCC2)CC1,,,,,
C2659,C1CCC2CCCC(C3CCCCC3)C2C1,,,,,
C1165,C(C(C)C=O)N,,,,,
C3299,C1CCC2(c3ccc(O)cc3)CCCCC2C1,,,,,
C5063,C1CC(c2cc(O)ccc2)C2CCCCC2C1,,,,,
C612,C1CCC(CCC)CC1O,,,,,
C1648,CC1C(C(=O)C)CCCC1,,,,,
C5365,C(CC)C(=O)N,,,,,
C1074,CC(C)(C(=O)C)C,,,,,
C2724,CC1(C2CCCCC2)CCCCC1,,,,,
C5778,CC(Cc1ccc(O)cc1)C(=N)C=O,,,,,
C1355,C1CCC2(O)CC(C=C)CCC2C1,,,,,
C857,CC1CCC(C2CCCCC2)CC1,,,,,
C6518,C1CCC2CCC(CCC)CC2C1,,,,,
C4752,C1(O)CCCCC1,,,,,
C442,CC(C)C1C(O)CC([N+](=O)[O-])CC1,,,,,
C1507,CC1CC(C2CC(CC=C)C(C)CC2)CCC1,,,,,
C6520,CCC(=O)N,,,,,
C4342,CCCC(=O)C,,,,,
C3913,C1CCCCC1O,,,,,
C5045,C1CCC(C(=O)C)CC1,,,,,
C921,C1CCCC(O)C1,,,,,
C398,C1CCC(O)CC1,,,,,
C6314,CC1(C(=O)C)CCCCC1,,,,,
C5339,C1CCCCC1C1CCCCC1,,,,,
C2333,C1CC(C(=O)C)CCC1,,,,,
C723,C1CCC(C2CCCCC2)CC1,,,,,
C3260,CCC(C1C(O)CCCC1)[N+](=O)[O-],,,,,
C2255,C1CCC2CCCCC2C1O[N+](=O)[O-],,,,,
C3119,C1CCCC(C(=O)C)C1,,,,,
C2274,C1CCCCC1C(=O)C,,,,,
C2358,C1CCC2CCCCC2C1c1ccccc1O,,,,,
C3775,C1C(C2CC(C=C)CCC2)CC2CCCCC2C1,,,,,
C4361,CC(C)C(=O)[N+](=O)[O-],,,,,
C6273,C1CCCC(C2CCCC3C2([N+](=O)[O-])CCCC3)C1,,,,,
C3783,CCCC1CCC2C(CC=C)CCCC2C1,,,,,
C3766,C(C)O,,,,,
C1735,CCO,,,,,
C1961,CCCC=O,,,,,
C3004,CCC(=O)[N+](=O)[O-],,,,,
C4900,CCC(=O)[N+](=O)[O-],,,,,
C6108,C1CCC2CCCCC2(O[N+](=O)[O-])C1,,,,,
C4341,C1CCCCC1C(=O)N,,,,,
C4890,C1CCC2CCCCC2C1C,,,,,
C3704,C1CCC2CCCC(C)C2C1,,,,,
C2831,CC1C(C(=O)N)CCCC1,,,,,
C1722,C(C1CCCCC1)C(=O)N,,,,,
C4966,C1CCC2CCCC(C)C2C1,,,,,
C2816,CN[N+](=O)[O-],,,,,
C371,CN[N+](=O)[O-],,,,,
C2591,C1CCC2(N)CCCCC2C1,,,,,
C3479,CO,,,,,
C5882,CO,,,,,
C3529,C(C)(O)c1ccccc1O,,,,,
C3987,CC1CCCCC1O,,,,,
C1540,C1C(CCC)(N)CCC(CC)C1,,,,,
C1838,CC1CCC(O)CC1,,,,,
C4426,C1C(C)CCCC1O,,,,,
C2108,C(C#C)C(=O)CO,,,,,
C6293,C(CC)CCC,,,,,
C1215,C(CC)CCC,,,,,
C428,C(C)CC(C)c1c(O)cccc1,,,,,
C1554,C(C[N+](=O)[O-])O[N+](=O)[O-],,,,,
C6491,C1CCCC(CCC)C1,,,,,
C178,C1CCCCC1CCC,,,,,
C452,C1(CCC)CCCCC1,,,,,
C4580,C1C(CCC)CCCC1,,,,,
C020,C(C)C1CCCCC1,,,,,
C3593,C=CC1C(CCC)CCCC1O,,,,,
C5065,C1CCCCC1CCC,,,,,
C2516,CC(C)C1CCCC2C1CC(N=O)CC2,,,,,
C1643,CCO[N+](=O)[O-],,,,,
C6133,C1CCCC(CC=C)C1O,,,,,
C3833,CCCCC,,,,,
C2973,CC(=C)O,,,,,
C5100,C(C)CCC,,,,,
C1123,C1CCC(CC)CC1,,,,,
C3712,CC1CCCCC1C,,,,,
C3852,C1(C=CC)CCCCC1O,,,,,
C5738,C(CC)c1cc(O)ccc1,,,,,
C2645,C1CCC2(C=C)CCCCC2C1,,,,,
C1645,C(CC)c1cc(O)ccc1,,,,,
C4227,C1CCC2CCCCC2(Cc2ccccc2)C1,,,,,
C6465,CC(=C)O,,,,,
C3434,C1CCC2CCCCC2C1c1ccccc1C,,,,,
C746,C(C)c1c(O)cccc1,,,,,
C1438,CCc1c(O)cccc1,,,,,
C6380,CCc1ccccc1O,,,,,
C3104,CC(CC1CCCCC1)CC,,,,,
C014,C(C=C)C(=O)N,,,,,
C5351,C(CC)N,,,,,
C3647,C1C(C=CC)CCCC1O,,,,,
C5735,C1CCC2CCCCC2C1c1ccccc1C,,,,,
C4320,C(CC)N,,,,,
C3641,C(C=C)C(=O)N,,,,,
C656,C1CC(C=C)CC(O)C1,,,,,
C1738,C1CCCCC1C,,,,,
C4421,C1CCC(C=C)CC1O,,,,,
C5786,CC(=C)C(=O)C,,,,,
C4997,CC(CC=O)CC=C,,,,,
C462,C1CCCC(C)C1,,,,,
C2639,CC1CCCCC1,,,,,
C5134,C1CC(c2ccccc2C)C2CCCCC2C1,,,,,
C6397,C1CCC2(C=CC)CCCCC2C1,,,,,
C1939,C1CCC(C)CC1,,,,,
C2949,Cc1ccccc1O,,,,,
C5296,Cc1c(O)cccc1,,,,,
C4161,CO[N+](=O)[O-],,,,,
C1145,CO[N+](=O)[O-],,,,,
C5504,C(C1CCCCC1O)C=C,,,,,
C5411,C(#C)C(=O)O,,,,,
C2541,C(=C)O,,,,,
C2050,Cc1c(O)cccc1,,,,,
C848,CC1CC(C)CCC1,,,,,
C327,C1C(CC=C)CC2CCCCC2C1,,,,,
C5189,C1CCC(N)C(N=[N+]=[N-])(C2C(O)CCCC2)C1,,,,,
C3699,C1CCC2CCCC(C=CC)C2C1,,,,,
C2294,C1C(C=CC)CCCC1O,,,,,
C231,C1CC(C=CC)CCC1O,,,,,
C665,C1C(N)CCCC1,,,,,
C5782,C1CCCC(N)C1,,,,,
C5733,C1CCCC(N)C1,,,,,
C004,CCC,,,,,
C4961,C(C)C,,,,,
C3336,C(C#C)(C=O)c1ccccc1O,,,,,
C2616,C1CCC2CCCCC2C1N=O,,,,,
C3138,CC(=C)C=O,,,,,
C1777,C1CC(c2ccc(C)cc2)C2CCCCC2C1,,,,,
C3794,C1CCCCC1O[N+](=O)[O-],,,,,
C2145,C1CCCCC1O[N+](=O)[O-],,,,,
C5741,C1CCCCC1[N+](=O)[O-],,,,,
C5885,C1CCCC([N+](=O)[O-])C1,,,,,
C3220,CC,,,,,
C1137,C(#CC=O)C1CCC2CCCCC2C1,,,,,
C6431,C1CC(C2CCCCC2C)CC(N=[N+]=[N-])C1O,,,,,
C1933,CC1CC(CN)CCC1,,,,,
C4642,C(C)N,,,,,
C769,C1CCCCC1(O)c1ccccc1C,,,,,
C5537,C(C1CCCCC1O)c1ccccc1C,,,,,
C5583,C1CCCC(c2cc(O)ccc2)C1[N+](=O)[O-],,,,,
C2523,C1CCC2C(C#CC)CCC(C=O)C2C1,,,,,
C2534,CC1CCC(c2ccc(O)cc2)CC1,,,,,
C2911,C1CC(C2CC(O)CCC2)C(N=[N+]=[N-])C(N)C1,,,,,
C4846,C1CCC(O[N+](=O)[O-])CC1,,,,,
C6002,C1CCCCC1O[N+](=O)[O-],,,,,
C1062,CC1CCCCC1(O)c1ccc(C)cc1,,,,,
C5810,C(=C)C=O,,,,,
C3454,C1CC(c2ccccc2O)CCC1,,,,,
C2301,C1CCCC(c2c(O)cccc2)C1,,,,,
C5481,C1CC(c2ccccc2O)CCC1,,,,,
C4510,C1CCCCC1c1ccccc1O,,,,,
C1027,C1CCCCC1c1ccccc1O,,,,,
C1498,C1(c2ccc(C)cc2)CCCCC1O,,,,,
C3103,C1(c2cc(O)ccc2)CCCCC1,,,,,
C3838,C(CC)C=N,,,,,
C5489,C(CC)C=N,,,,,
C5422,CCCC=N,,,,,
C4942,C(C1CCCCC1)c1ccc(O)cc1,,,,,
C3934,CC1C(c2ccc(O)cc2)CCCC1,,,,,
C3967,CC1CC(c2cc(O)ccc2)CCC1,,,,,
C2076,C(C)C=N,,,,,
C572,CC(C)C(C)C=C,,,,,
C4949,C1CC(c2ccc3c(c2)cccc3)C2CCCCC2C1,,,,,
C4854,C1CCCCC1Oc1ccccc1C,,,,,
C947,CCC=N,,,,,
C5051,C1CCCCC1c1c(O)cccc1,,,,,
C5975,CC(Cc1ccccc1O)N=O,,,,,
C5081,C(C=C)CCC,,,,,
C6490,C1CCC(c2ccc(O)cc2)CC1,,,,,
C4036,C1CCCCC1c1ccc(O)cc1,,,,,
C5813,C1CCC2CCC(c3cccc4c3cccc4)CC2C1,,,,,
C4442,C1CCCC(c2cc(O)ccc2)C1,,,,,
C3562,CC(C)c1ccc(C)cc1,,,,,
C3106,CN,,,,,
C3650,CN,,,,,
C557,C(=C)CCC,,,,,
C5647,C(C=C)CC,,,,,
C535,CC(C)C=C,,,,,
C502,C=Cc1ccc(O)cc1,,,,,
C6461,C1CCC(C2CCC3CCC([N+](=O)[O-])C(C#C)C3C2)CC1,,,,,
C735,C(=C)CCC,,,,,
C453,C=CCCC,,,,,
C4700,C=CCCC,,,,,
C868,C1C(c2ccc(C)cc2)CCCC1,,,,,
C6374,C(C(C)CC)N=O,,,,,
C1697,C(C#C)C1CC(c2ccc(O)cc2)C2C(C1)CCCC2,,,,,
C1265,C(CC)c1ccccc1C,,,,,
C2631,C(=C)O[N+](=O)[O-],,,,,
C2567,C(=C)O[N+](=O)[O-],,,,,
C6058,CC=CC,,,,,
C5086,CCC=C,,,,,
C916,CCC=C,,,,,
C1571,CCC=C,,,,,
C6018,C1(C=C)CCCCC1,,,,,
C6313,CC=C[N+](=O)[O-],,,,,
C2940,C(C=C)[N+](=O)[O-],,,,,
C5402,C1(N=[N+]=[N-])CCCC(O)C1,,,,,
C4169,C=CC1CCCCC1,,,,,
C4703,C1(N=O)CCCCC1,,,,,
C4501,CCCC1(C)CCC(N=O)CC1,,,,,
C089,C1CCCCC1N=O,,,,,
C1433,CC=CN,,,,,
C5645,C1CCCCC1C=C,,,,,
C5585,C=CC1CCCCC1,,,,,
C1356,CC=C,,,,,
C3544,C(=C)C,,,,,
C1079,C(=C)C,,,,,
C4466,C=CC,,,,,
C6264,CC=C,,,,,
C3629,C1CCC(c2ccc(C)cc2)CC1,,,,,
C5640,C(CC)N=O,,,,,
C444,Cc1ccccc1C,,,,,
C1826,C1CC(CC=C)CCC1,,,,,
C2818,C1CCC(CC=C)CC1,,,,,
C4557,C1CCCCC1CC=C,,,,,
C3092,C1CCCCC1CC=C,,,,,
C5529,C1(c2ccccc2C)CCCCC1,,,,,
C5624,C1CCCC(CC=C)C1,,,,,
C4750,C(C#C)C(=O)C,,,,,
C2809,C(=C)[N+](=O)[O-],,,,,
C5354,CC1CCCCC1C=C,,,,,
C4975,C(C#C)C=O,,,,,
C4241,C1CC(N=O)CCC1,,,,,
C5185,C1CC(C=CC)CCC1,,,,,
C5359,CC=Cc1c(O)cccc1,,,,,
C1791,CC(CCCCC(=O)C)N=[N+]=[N-],,,,,
C1411,CC1CCCC(C=C)C1,,,,,
C3279,C(C#C)O,,,,,
C3726,C(C)N=O,,,,,
C5950,C1C(C=CC)CCCC1,,,,,
C1052,CCC(=C)c1cc(O)ccc1,,,,,
C3205,C1CCCC(C=NO)C1,,,,,
C1851,C(#C)C(=O)C,,,,,
C1723,C#CC(=O)N,,,,,
C3753,CN=O,,,,,
C1967,C(#C)O,,,,,
C3485,CC(C)([N+](=O)[O-])C=CN,,,,,
C5474,CC1CCCC(Cc2ccccc2)C1,,,,,
C2767,C1C(N=[N+]=[N-])C(N)C2CCCC(CCC)C2C1,,,,,
C2166,CC1(N=[N+]=[N-])C(C=CO)CCCC1,,,,,
C5356,CCCc1ccc2ccccc2c1,,,,,
C3248,C(CC)c1ccc2c(c1)cccc2,,,,,
C1741,C(C)c1cccc2c1cccc2,,,,,
C2865,CC(=C)Cc1ccccc1,,,,,
C580,C(C)c1cccc2c1cccc2,,,,,
C798,C(C=C)(O[N+](=O)[O-])c1ccc(C)cc1,,,,,
C1160,CC=CC=C,,,,,
C2036,C(C)c1ccc2ccccc2c1,,,,,
C2163,C(C)c1ccc2c(c1)cccc2,,,,,
C6007,C(C=C)c1ccccc1C,,,,,
C2377,C(C(C)c1ccc2ccccc2c1)O[N+](=O)[O-],,,,,
C5512,C(C#C)N,,,,,
C4562,CC(=C)c1cccc(C)c1,,,,,
C1781,CC(=C)c1cccc(C)c1,,,,,
C1010,CC(=C)c1cccc(C)c1,,,,,
C6554,C(=C)C1CCCCC1Cc1ccccc1C,,,,,
C416,Cc1ccc2c(c1)cccc2,,,,,
C5144,Cc1ccc2ccccc2c1,,,,,
C2479,Cc1cccc2c1cccc2,,,,,
C3695,Cc1cccc2c1cccc2,,,,,
C5007,C1CCC2C(N=[N+]=[N-])C(c3cc(O)ccc3)CCC2C1,,,,,
C4338,C(C#C)N,,,,,
C5261,CC=Cc1cccc(C)c1,,,,,
C5853,C(C(=C)C=C)c1c(O)cccc1,,,,,
C736,C=Cc1cccc(C)c1,,,,,
C4430,CC(=C)Cc1ccccc1,,,,,
C2835,C(C=C)Cc1ccccc1,,,,,
C3121,CC(=C)c1ccccc1C,,,,,
C1996,CC1CCCCC1c1cccc2c1cccc2,,,,,
C597,CC1(c2ccc3ccccc3c2)CCCCC1,,,,,
C523,C(C=C)C=C,,,,,
C1981,C=CCC=C,,,,,
C6671,C(CC)CC#C,,,,,
C5775,CC(=C)C=C,,,,,
C324,C(C#C)O[N+](=O)[O-],,,,,
C185,C(C#C)CC,,,,,
C6355,C1CC(c2ccc3c(c2)cccc3)CCC1,,,,,
C1748,C(#C)c1c(O)cccc1,,,,,
C2149,C(#C)c1ccccc1O,,,,,
C5527,C(#C)c1c(O)cccc1,,,,,
C3118,C(#C)c1ccccc1O,,,,,
C748,C1(c2ccc3ccccc3c2)CCCCC1,,,,,
C2484,C1C(c2ccc3ccccc3c2)CCCC1,,,,,
C5284,CC1(c2ccc3ccccc3c2)CCCCC1,,,,,
C2104,C1CCCC(C#C)C1,,,,,
C3116,C(C(C)N=O)CC=C,,,,,
C4050,C(C)C#C,,,,,
C3822,C(#C)c1ccccc1O,,,,,
C1370,C(#C)c1c(O)cccc1,,,,,
C1397,C1CCCC(c2ccc3c(c2)cccc3)C1,,,,,
C4990,C1(c2ccc3c(c2)cccc3)CCCCC1,,,,,
C410,C1CCCC(c2ccc3c(c2)cccc3)C1,,,,,
C3158,CC=CC=CC,,,,,
C2769,CC1(CC#C)CCCCC1,,,,,
C1935,C1CCCC(C#C)C1,,,,,
C4369,C1C(C#C)CCCC1,,,,,
C3229,C(#C)C,,,,,
C5176,C(#C)C,,,,,
C2105,C1CCC(CC2CCC(N=[N+]=[N-])CC2)CC1N=O,,,,,
C5031,C(C#C)C1CCCCC1,,,,,
C2027,C(#C)C1CCCC2(C)C1CC(N=NO)CC2,,,,,
C1023,CC1CC(CC#C)CCC1,,,,,
C2665,C(C#C)c1ccc(O)cc1,,,,,
C110,C1(CC#C)CCCCC1,,,,,
C1486,CC1CCC(C#C)CC1,,,,,
C3195,C(=C)c1ccc2c(c1)cccc2,,,,,
C3697,C1(C=CC)CCCCC1N=[N+]=[N-],,,,,
C3319,C1C(N=[N+]=[N-])CCCC1,,,,,
C2651,C1CCC(N=[N+]=[N-])CC1,,,,,
C339,C=CC(=CC)Cc1ccccc1,,,,,
C3468,CC=CC#C,,,,,
C1921,C(C=C)c1ccc2c(c1)cccc2,,,,,
C4011,CCN=[N+]=[N-],,,,,
C3057,C(=C)CC#C,,,,,
C3026,C(C#C)C=C,,,,,
C3213,C(=C)CC#C,,,,,
C395,C#Cc1cccc(C)c1,,,,,
C964,C(C#C)Cc1ccccc1,,,,,
C6331,C(#C)c1ccccc1C,,,,,
C3952,C(#C)c1ccccc1C,,,,,
C1436,CC=Cc1ccc2c(c1)cccc2,,,,,
C3354,C(#C)Cc1ccccc1,,,,,
C713,C(C#C)CC=C,,,,,
C482,C(C=C)CC#C,,,,,
C2817,C(=CCC#C)C,,,,,
C4053,CC=CCC#C,,,,,
C1166,C(=C)(N=[N+]=[N-])c1ccccc1O,,,,,
C5696,CC(=C)N=[N+]=[N-],,,,,
C6083,C#Cc1ccc2c(c1)cccc2,,,,,
C1718,C=CCN=[N+]=[N-],,,,,
C5122,C1(CC#C)C(N=[N+]=[N-])CCCC1,,,,,
C5478,CC(=C)N=[N+]=[N-],,,,,
C024,C#CC#C,,,,,
C249,C(#C)CC#C,,,,,
C1409,C(#C)C#CC,,,,,
C4731,CC#CC#C,,,,,
C6393,C(C#C)(C)N=[N+]=[N-],,,,,
C6155,C(C#C)N=[N+]=[N-],,,,,
C6031,C#CN=[N+]=[N-],,,,,
C5706,C#CN=[N+]=[N-],,,,,
C3796,C(#C)N=[N+]=[N-],,,,,
C3072,C(C)(N=[N+]=[N-])N=[N+]=[N-],,,,,
C001,N1CNC(OO[N+](=O)[O-])N(CC=C)C1,,,,,
C002,C(C)C1CCC(Cc2ccccc2)C(C)C1,,,,,
C005,C1CCC(C2CNCN2c2cnnnc2)CC1,,,,,
C006,C1(C(=O)O)CNNN1,,,,,
C007,C1(C(=O)N)C(c2ccn[nH]2)NNC1,,,,,
C008,C1CNCC(NC(=N)N)N1,,,,,
C009,C1C(C(=O)C(N2CCCN2)N=[N+]=[N-])NNC1,,,,,
C010,C(#C)c1nnnnc1,,,,,
C011,N1N(N=[N+]=[N-])NCCC1CCC,,,,,
C012,C1(c2ccc3c(c2)cccc3)C(C2CNNN2)NNC1,,,,,
C013,N1CN([N+](=O)[O-])CNN1,,,,,
C015,C(C)C=N,,,,,
C016,N1CC(C2CC(N3CCNN3)CCC2O)CC(C2CCC(C3CCCCC3)CC2C)C1,,,,,
C017,C1(C)N(C(=O)C)NNN1,,,,,
C018,C1CN(c2ncccc2)CN1C1NCCNC1,,,,,
C019,C1(NC2CNNC(c3nccnn3)C2)NNNN1NC(=N)N,,,,,
C021,N1(O)C(C2C(O)(C3C(O)CC(c4c[nH]cn4)CC3)CCCC2)CNCN1,,,,,
C022,C1C(C2CCC3C(C2)CCCC3)NC(C2CCCCC2O)(c2c[nH]nc2)CN1C=CC,,,,,
C023,N1CN(C2NCCNC2)N(CCCNN)CN1,,,,,
C025,C1C(C2(C3CCCC4C3CCCC4)CC(O)CCC2)N(c2c[nH]cn2)CCN1,,,,,
C026,C(C=C)(C1C(c2ccncc2)NNN1)C,,,,,
C027,N1C(O)NCCC1,,,,,
C028,CC(C)C1N(C(=O)[N+](=O)[O-])NCNN1,,,,,
C029,C(C(=C)N=[N+]=[N-])C(=O)C,,,,,
C030,C1CNC(NC(=N)Nc2nccnn2)N1,,,,,
C031,N1(n2ccnn2)CNNCN1,,,,,
C032,C1(C2N(C#C)C(C3CNN(c4cnc[nH]4)N3)NN2)NNNN1,,,,,
C033,C1NC(C(=O)[N+](=O)[O-])(C#N)NN1,,,,,
C034,C1(C)CCC2CCCCC2(c2cnc[nH]2)C1,,,,,
C035,N1(O)CNC(N=[N+]=[N-])NN1,,,,,
C036,C(C#CC=O)C1NC(C2NNNN2c2nnccc2)CN1,,,,,
C037,N1CNCN(c2ncncn2)N1,,,,,
C038,N1C(C2CNNCC2)CNC(CCC)N1,,,,,
C039,CC(=C)NC(=NC#N)N,,,,,
C040,CC#CC1CCC2C(C1)CCCC2O[N+](=O)[O-],,,,,
C041,N1CNC(c2cnn[nH]2)NC1,,,,,
C042,C(#C)N=NC1C(C2CCNN2n2cnnn2)NCN1,,,,,
C043,N1C(C=N)(OO)N(N2CCNN2)NC(c2c(O)cccc2)N1,,,,,
C044,C1(C=N)CNC(C2CCC(C)CC2)CN1,,,,,
C045,C1(C=N)C(c2ccccc2C)NCN1,,,,,
C046,C(#C)C1(C2NN(CC=C)NCN2)CCC(C#N)C2C1CCCC2,,,,,
C047,C1CCC(C2CC(O)CCC2)CC1Oc1cc[nH]n1,,,,,
C048,N1NCCC(C2N(c3ncccc3)NCNC2)C1,,,,,
C049,CC=Cn1cnnn1,,,,,
C050,C1N(C#CC)NNN1C1CCCCC1,,,,,
C051,C(=C)(C1(C2CCCC(C)C2)CNCN1)c1cnccc1,,,,,
C052,C1CN(OC(=O)N)C(c2nnnnc2)CN1C1C(CCC)NCN1,,,,,
C053,N1(C(=O)O)CNC(C2N(CCC)NCCC2)NN1,,,,,
C054,CC(C)c1cc[nH]n1,,,,,
C055,C1NC(C2CCC3C(C2)CCC(C(=O)N)C3)NN1,,,,,
C056,C1C(C2CN(c3nnn[nH]3)NCC2)NCN1,,,,,
C057,N1CNCC(C2NNN(C=C)NC2)C1,,,,,
C058,N1NNCC(NC(=N)N)C1N1CCCN1,,,,,
C059,C1CC(N2CCNN2)C(C2NCNCN2)(c2cnnnc2)CC1,,,,,
C060,N1(N=O)NCCC(CC)C1,,,,,
C061,C1CN(C2CCC3C(C2)CCCC3)CN1c1c[nH]nn1,,,,,
C062,N1NC(C2(C(=O)O)NCCNC2)CCC1,,,,,
C063,N1NCCC(C(=O)O)C1,,,,,
C064,N1NN(C#CC)C(CC)CC1,,,,,
C065,C1CN(n2ccnc2)NN1,,,,,
C066,N1C(N=NCC#C)(c2nnccc2)C(OO)CCC1,,,,,
C067,C1NNN(NC(=N)N)N1,,,,,
C068,C(=C)(N1CN(C2CCNCC2O[N+](=O)[O-])NN1)c1ccc(C)cc1,,,,,
C069,C(=CN(NC(=O)[N+](=O)[O-])n1cnnn1)N1CCNN1,,,,,
C070,C(=Cc1cccc2c1cccc2)(C#CC)N=[N+]=[N-],,,,,
C071,C(C=CN=N)(C)C1NNNC(C2NCCNC2)C1,,,,,
C072,C1(C2NCNCN2)CNN(CC=C)N1,,,,,
C073,CC#Cc1nnnnc1,,,,,
C074,N1NN(C2N(c3nnn[nH]3)NNCN2)CC(N[N+](=O)[O-])C1,,,,,
C075,C(C#CN=O)(C)n1cnnn1,,,,,
C076,C(#C)NC(=N)N,,,,,
C077,C(C=C)C1CN(c2nnn[nH]2)CN1,,,,,
C078,C1(C2CCC3C(C2)CCCC3)(C2NCCN2c2c[nH]nn2)NCNN1C1CCCC2C1CCCC2,,,,,
C079,C1CNC(C)(C#CC)N1c1nccnc1,,,,,
C080,N1(C(=O)C)CCNCN1,,,,,
C081,C1CN(C2CC(O)CC(c3cc[nH]n3)C2)CN1,,,,,
C082,C1NC(C=CC)NN1,,,,,
C083,N1(C2CCCCC2OC2CCC(O)CC2)CNCC(c2nnnnc2)C1,,,,,
C084,N1CCCC(N)(N)C1NN,,,,,
C085,C(C1C(NNC(=NC)N)CCCC1)C=C,,,,,
C086,N1CNC(OC(=O)N)N(OO)C1,,,,,
C087,N1C(C=CC)NNCN1,,,,,
C088,CC=CC1C(C(=O)N)C(O)(C2NCCNN2)CCC1,,,,,
C090,C1N(NN)CN(C2CCNN2)N1N=O,,,,,
C092,C1CNCCN1n1cnnn1,,,,,
C093,C1(CC=O)CNNC1,,,,,
C094,C1CNC(CC#CC2CNNNC2)N1CCC(=O)O,,,,,
C095,N1C(C(=O)N)N(C(=O)C)C(C2CCCCC2C)NN1,,,,,
C096,N1(N=N)NN(OC(=O)N)C(C=CC)CC1,,,,,
C097,N1C(c2nc[nH]n2)CNCN1C(=O)C,,,,,
C098,C(=CC#N)N[N+](=O)[O-],,,,,
C099,C(C#C)c1c[nH]nn1,,,,,
C100,N1NNC(C2NN(c3ncncn3)NCN2)CC1,,,,,
C101,N1(C2CNCCC2)CN(n2ccnn2)NCN1,,,,,
C102,C1CNN(n2cccn2)N1,,,,,
C103,C(#C)NC(=N)Nc1cnncn1,,,,,
C104,CC(=CC1NNCNN1c1ncncn1)OCCC,,,,,
C105,N1NCC(c2c(O)cccc2)CC1,,,,,
C106,C(CC(=O)C)(C#CC)c1cnncn1,,,,,
C107,C1C(C2CC(O)CCC2)(C2CNCCC2)NCC(OC(=O)N)N1,,,,,
C108,N1CCC(C#CC)CC1C1CCCCC1,,,,,
C109,N1CCCC(n2ccnc2)C1,,,,,
C111,CC1NC(C2CCN(C(=O)O)N2)CN1CC#C,,,,,
C112,CCC(C1C(O)(C(=O)C)CCCC1)C(=O)[N+](=O)[O-],,,,,
C113,C1([N+](=O)[O-])CNCN1,,,,,
C114,C#CC1(C2CN(c3nnccc3)NN2)NN(C=C)CNC1,,,,,
C115,C(CN=O)c1cnncn1,,,,,
C116,C(#CC1CNC(c2ccccc2O)N1N)O[N+](=O)[O-],,,,,
C117,CC#CC1NNCNC1C1CCCC(C)C1c1cnncn1,,,,,
C118,N1CNNCN1c1ccc(O)cc1,,,,,
C119,C(C(=C)C1NNCCC1)C1CNN(c2ncccc2)N1,,,,,
C120,N1N(C)NNC(O)C1c1ncncn1,,,,,
C121,C1NCNN1C1(C2N(C3NNN(Cc4ccccc4)N3)CNN2)NNNN1,,,,,
C122,N1NNN(C2CCCCC2C(=O)N)CC1,,,,,
C123,C(#Cc1nncnc1)C1CNNC1,,,,,
C124,CC(=CC1CNNC1)CC,,,,,
C125,CC1CCC2(C(=C)c3nnnnc3)C(C1)CCCC2C1NNNCN1,,,,,
C126,CC#Cc1cnn[nH]1,,,,,
C127,C1NCN(c2cnccc2)N1,,,,,
C128,C1N(C(=O)C)C(C(=O)O)(c2c[nH]nn2)NN1C1CNCN1,,,,,
C129,C(=C)c1c[nH]cn1,,,,,
C130,C1CN(N(C(=N)NO[N+](=O)[O-])O)CN1N1CNNN1,,,,,
C131,C1(OC(=O)N)CNNN1,,,,,
C132,C1NNN(C2CNNC2)N1n1cccn1,,,,,
C133,N1CCN(c2cnc[nH]2)CN1,,,,,
C134,N1NNC(O)CC1,,,,,
C135,C1(C#N)(c2ccccc2O)CNCN1,,,,,
C136,CC1C(C(=O)N)CC(N=O)CC1,,,,,
C137,N1CCC(c2c[nH]cn2)CC1,,,,,
C138,C(CCC=N)N1CCNC1,,,,,
C139,N1(C#N)C(N=NO)CCC(C2CCCCC2O)C1,,,,,
C140,C1(N2CNCN2)CN(C2(OC(=O)N)CCNN2)CC(CC=C)N1,,,,,
C141,C1(n2ccnn2)CCC2(C3NNNCN3)CCCCC2C1,,,,,
C142,CC(=C)c1nnncc1,,,,,
C143,N1NNC(C#N)C(C2CCC3C(C2)CCCC3)C1c1nnn[nH]1,,,,,
C144,CC1NC(C2NCCNN2)C(C2(CCC)CNNCN2)CC1,,,,,
C145,CC1CCCC(c2nncnn2)C1,,,,,
C146,N1N(C#CC)CCC(C2CCCC(C)(C3CCNN3)C2)(n2cncn2)C1,,,,,
C147,N1CN(C2(c3ncc[nH]3)NCNCN2)NCN1CC=C,,,,,
C148,C(CC1N(C2NCCN2)NN(C=C)CN1)C1CCCCC1,,,,,
C149,N1CNC(c2nnnnc2)CC1,,,,,
C150,N1(OO)CCNCN1,,,,,
C151,C1(C2CNCN2)(c2cnc[nH]2)NCNN1,,,,,
C152,C1(c2nnncc2)CNNN1,,,,,
C153,C1CN(C2CNNN2C(=O)C)NC1,,,,,
C154,C(C1CCC(N=[N+]=[N-])CC1)(OC(=O)N)CC#C,,,,,
C155,C1(CC(NN)c2cnccc2)NCNN1,,,,,
C156,CC#CC(C=C)n1ccnc1,,,,,
C157,C1(C2CCCC(C)C2)CCC(C2CC(O)(C=O)CC(c3ccc4ccccc4c3)C2)CC1,,,,,
C158,N1C(N2CCN(NN)N2)N(c2ccc3c(c2)cccc3)CCC1C(=O)[N+](=O)[O-],,,,,
C159,N1N(C(=O)C2C(NC(=N)N)CNN2)CC(OC(=O)N)CC1,,,,,
C160,C1C(c2nc[nH]n2)NCN1,,,,,
C161,C1CNNN1C1N(n2ccnn2)NNN1C1NNNC(O)C1,,,,,
C162,C1CN(c2ncccc2)NN1,,,,,
C163,C(C1CCCCC1)n1cccn1,,,,,
C164,C1CNCC(C2N(n3cncn3)CNN2)N1,,,,,
C165,C1(C2NC(N3CCNC3)C(c3ncccc3)N2)CNN(C=CC)N1,,,,,
C166,N1N(N=[N+]=[N-])N(N)CCC1C(=O)N,,,,,
C167,N1CN(c2c[nH]nn2)CNC1,,,,,
C168,N1C(C(=O)[N+](=O)[O-])CCCC1C(C#C)C1(C#C)NCCNC1,,,,,
C169,C1NCN(C)N1,,,,,
C170,N1NC(C2CNNN2)CC(c2ccccc2O)C1,,,,,
C171,CC#CC(=O)C,,,,,
C172,N1(CC2CCCCC2)CNC(O[N+](=O)[O-])CC1(C#C)c1c(O)cccc1,,,,,
C173,C1(C2NCC(C#N)NC2)(C2C(O)CC(n3cncn3)CC2)CCCCC1,,,,,
C174,C(=C)(C)N([N+](=O)[O-])c1ccc(C)cc1,,,,,
C175,N1N(C2CNNN2)NC(N=O)CC1CC#C,,,,,
C176,N1CNC(c2ccc(O)cc2)NC1,,,,,
C177,C1(N=O)C(C2CNCC(C3CCCCC3)C2)NCN1N,,,,,
C179,N1NNN(c2ncccc2)CC1,,,,,
C180,C(CCC1CCC(c2nnnnc2)CC1)(N)C1C(O)CCCC1,,,,,
C181,Cc1c[nH]nn1,,,,,
C182,CC#Cc1nc[nH]n1,,,,,
C184,C(C#C)C#CC,,,,,
C186,C(=C)C1CCC2C(C1)CC(c1ncccc1)CC2,,,,,
C187,Cc1nnccc1,,,,,
C188,C(=C)c1cnnnc1,,,,,
C189,C1C(C2CCC(O)(C(=O)[N+](=O)[O-])CC2)N(C2CNNN2c2nncnn2)NC1,,,,,
C190,N1CNNC(CC=C)(C2NCCCC2C2CCCCC2)N1c1nnn[nH]1,,,,,
C191,C1CCC2C(c3cnncn3)CCCC2C1,,,,,
C192,N1CN(C2C([N+](=O)[O-])NNCC2)C(c2nnncn2)CC1N,,,,,
C193,C1CNN(C2CNN(NC(=O)O)C2)N1,,,,,
C194,N1(O)N(C(C2CCCCC2)c2cnncc2)NN(N2CNNN2)CC1,,,,,
C195,N1N(CC=C)CCC(C2NCCN2)(c2ccccc2C)C1,,,,,
C196,C1(C2N(O[N+](=O)[O-])CC(C3CNNN3)NN2)CC(c2nccnc2)C2CCCCC2C1,,,,,
C197,N1NC(c2nnnnc2)CCC1,,,,,
C198,N1N(C2CN(c3ncc[nH]3)NN2)C(C2CCC(O)CC2)CCC1,,,,,
C199,N1CNNC(C2C(c3ccc(O)cc3)CCCC2O)N1,,,,,
C200,N1(C#CC)NCCCC1CC=C,,,,,
C201,C1C([N+](=O)[O-])N(c2ccc3c(c2)cccc3)NC1,,,,,
C202,N1CN(C2CNNN2)CNN1C=C,,,,,
C203,N1N(C2CCNN2)N(c2ncn[nH]2)CCC1,,,,,
C204,C1(n2cncn2)CCCCC1O,,,,,
C205,N1(C2CCNCC2)CN(C2N(Cc3ccccc3)NCCC2)NCN1,,,,,
C206,C1(C2CCNCC2)CC(C2NCNN2)CCC1(C#CC)c1cnc[nH]1,,,,,
C207,N1(C#C)C(C2N(N)NNN2)CCCC1,,,,,
C208,C1N(C2CNNC2)C(C2C(N)CC3C(C2)CCC(NN)C3)NN1,,,,,
C209,CC(=C)c1nccnn1,,,,,
C210,C1C(O[N+](=O)[O-])NNN1N=[N+]=[N-],,,,,
C211,C1(C2CCC3C(C2)CCCC3N)NC(C2CNNN2)NN1,,,,,
C212,N1C(C2CCNN2)NCCC1C1C(N=O)C(O)CCC1,,,,,
C213,Cc1cccc(C)c1,,,,,
C214,C1CC(C2CCNCC2)CCC1c1cc[nH]n1,,,,,
C215,C1(O)N(N=NO)CNN1,,,,,
C216,C1(c2ccn[nH]2)CNNN1,,,,,
C217,C(C(=C)N1CCC(N)N1)C#N,,,,,
C218,N1(N2CC(C)(c3ccn[nH]3)NC2)NNCCC1,,,,,
C219,N1CNC(C2NNCNC2)(c2cc(O)ccc2)NN1,,,,,
C220,CC1C(c2ncccc2)CCCC1,,,,,
C221,C1(C=N)CNC(C2CCNN2)CN1C(=O)O,,,,,
C222,N1NCC(c2nnncc2)CC1,,,,,
C223,N1N(C#N)N(C(=O)C)CC(N=O)(n2cncn2)C1,,,,,
C224,CN1CC(c2ccn[nH]2)CN1,,,,,
C225,CC1C(C2CCNN2OC(=O)N)CC(C(=O)O)CC1,,,,,
C226,C(#C)c1cnncc1,,,,,
C227,N1C(C(=O)N)NCN(C(=O)OC2N(c3nnnnc3)CNN2)N1,,,,,
C228,N1(N2CN(C3CCNN3)NN2)NCCC(C)C1,,,,,
C229,C1CNN(C2NNNNC2)N1C1CN(O)NC1,,,,,
C230,C1C(C2NCN(NC(=N)N)CN2C2NCNCN2)CCC(CC=C)C1,,,,,
C232,C(#C)C1(c2c[nH]nn2)CCCCC1,,,,,
C233,N1(OC(=O)N)CN(C(=O)O)CCC1c1nc[nH]n1,,,,,
C234,N1CCNC(C2CCC3C(C2)CCCC3)(c2nnncn2)N1,,,,,
C235,N1CCCCC1C(=O)O,,,,,
C236,N1CC(CC2CCCCC2)C(NN)C(O)C1,,,,,
C237,N1C(C(=O)O)CNCN1,,,,,
C238,C(C)c1cnn[nH]1,,,,,
C239,C1C(C#C)NNC1,,,,,
C240,C1CNC(C2NCCNN2)(NC(=N)N)N1,,,,,
C241,N1CNNC(C2NNC(C(=O)O)CC2)N1,,,,,
C242,N1NNCC(C2CCCCC2CC(=O)N)C1n1cccn1,,,,,
C243,C1(C2CCCCC2CC2NC(C3(c4c(O)cccc4)CNNN3)CCC2)CNNC1,,,,,
C244,Cn1cnnn1,,,,,
C245,C1C(C)CC(C2NNCCC2)CC1OC1(c2nnnnc2)CNNC1,,,,,
C246,C(Cc1nncnn1)C,,,,,
C247,N1(C2CCC(C)CC2)C(N2C(c3c[nH]nc3)NCN2)CCCC1,,,,,
C248,C(C#C)(C1CNCN1CC=C)NN,,,,,
C250,C1C(C(C=C)N=O)NNC1,,,,,
C251,C1C(C2CNNC2)CC2CCC(n3cncn3)CC2C1,,,,,
C252,C(#CNC1CCCC(C)C1)c1ccn[nH]1,,,,,
C253,C(C#CN=NO)c1nnncn1,,,,,
C254,N1C(C2CNN(O)N2)NNCN1,,,,,
C255,N1CCNC(C2(C(=O)N)NCNN2)N1,,,,,
C256,C1C(C=CC)C(O[N+](=O)[O-])C(C=CC)CC1O,,,,,
C257,CC(Cn1cncn1)N=NO,,,,,
C258,C#CC1C(O)CCC(CC)C1CC1(O)CCCCC1,,,,,
C259,C1CC(C=CC)(C2CCCCC2)C(C)CC1C1NNNN1,,,,,
C260,C1C(C2CCCC3C2C(O)CCC3)CC2CCC(C3CNCN3)CC2C1,,,,,
C261,N1CN(C2NN(C3CN(CCC)CCC3)CNN2)CN(C#C)C1,,,,,
C262,C1CC(C2CNNN(CC#C)C2)CCC1,,,,,
C263,N1NN(C2CNN(C3NNCCC3)C2)NC(C2C(c3ccc(O)cc3)NNNC2)C1,,,,,
C264,C1CCC(N=O)(c2c[nH]nn2)CC1C1CCCC2C1CCCC2,,,,,
C265,N1(N2CCNC2)CN(C2(C3CNNC3)CCC3C(C2)CC(c2cnnnc2)CC3)CNN1,,,,,
C266,C1CNCN1N1CNNN1c1c[nH]nn1,,,,,
C267,C1CC(C(=O)O)CCC1O,,,,,
C268,N1(C2CCNN2)C(C2NNNNC2)NCC(C2C(c3ccncc3)NNCC2)C1,,,,,
C269,C(C#C)c1nncnc1,,,,,
C270,N1CN(c2cnc[nH]2)CCC1,,,,,
C271,C(CC)NC(=N)N,,,,,
C272,N1NNN(C#CC)CC1c1nncnn1,,,,,
C273,C(C(=C)C1(c2cnc[nH]2)CCCCC1O)C1NCNN1,,,,,
C274,C1C(C2C(O)(c3c[nH]nc3)CCCC2)NN(C2NCNN2)C1,,,,,
C275,N1(C2CC(O)C(C3CCCC4C3([N+](=O)[O-])CCCC4)CC2)NNN(N=NO)CC1,,,,,
C276,C=Cc1ncccc1,,,,,
C277,C1N(c2nnn[nH]2)CNN1C=O,,,,,
C278,N1CNCCC1CC#C,,,,,
C279,C1CCC2(c3c(O)cccc3)CCCC(C3NCCN3)C2C1,,,,,
C280,CC#CC1NN(c2nncnc2)CNN1C1NNCNC1,,,,,
C281,C1(C2CNNN2C=CC)CNCCN1C1CNNCC1,,,,,
C282,C1CCC2(N3CCNN3)C(C3N(c4nnncc4)CNN3)CCCC2C1O,,,,,
C283,C(CC1CCCC(C2CN(C3CNNN3)NC2)C1)C(=O)N,,,,,
C284,C1C(c2ncc[nH]2)C(C=O)CCC1,,,,,
C285,C(CC(=O)O)NC(=N)NC1NNCNN1C#C,,,,,
C286,N1(c2ccncc2)C(C#C)CCCC1,,,,,
C287,N1C(C#N)NCN(c2cnnnc2)N1,,,,,
C288,N1(n2cncn2)CCCC(N=NO)C1,,,,,
C289,C1C(N=N)CC2CC(OO)CCC2(N2CCNN2)C1,,,,,
C290,C1C(C2NCCCC2c2ccc(C)cc2)NNC1N=N,,,,,
C291,CC#CC1CCC(C2(C=O)NNCNN2)C(C)C1,,,,,
C292,N1(C2(C=C)CCCCC2)CCNCN1,,,,,
C293,N1(C2CCC3(C4N(c5ccncc5)CNN4)C(C2)CCCC3)CNCNC1,,,,,
C294,C(C=CC1(C2NNNN2)CC(C=CC)CCC1)C=O,,,,,
C295,N1C(N)N(C2(c3ncc[nH]3)N(C=O)CCCC2)CNN1,,,,,
C296,C1C(C2N(OO)NNN(c3cc[nH]n3)C2)NCN1,,,,,
C297,N1CCNCN1CC#C,,,,,
C298,N1CNCNC1N,,,,,
C299,N1N(N2CNNN2)NNCC1OO,,,,,
C300,N1(N=O)CCNC(N2CNNN2)(C#N)N1N=[N+]=[N-],,,,,
C301,N1CN(C2CCC(C)CC2)CN(C2(c3cccc4c3cccc4)CNNN2)C1,,,,,
C302,C1(N)CCCCC1O,,,,,
C303,CC(N=NO)C(=O)O,,,,,
C304,CC=CC1NCNN1c1cnncn1,,,,,
C305,C(C1NNCN(N2CCNC2)C1)C(=O)N,,,,,
C306,N1(c2nnncc2)NN(N2CNNN2)CCC1(C1NNNCN1)N[N+](=O)[O-],,,,,
C307,C1(CCC)CN(C#N)NC1OC(=O)N,,,,,
C308,CNC1NCNC(c2ccccc2C)N1,,,,,
C309,N1NNN(n2cnnn2)CC1,,,,,
C310,C(=C)(N)c1cnnnc1,,,,,
C312,C(C)(N=NO)N=N,,,,,
C313,N1NNN(C2C(O)(C3CCNN3)C(C)CCC2)C(C(=O)O)C1,,,,,
C314,N1C(C2CC(C(=O)N)CCC2O)CNC(C2CCC(C)(C3CNNCC3)CC2)N1,,,,,
C315,C(C1CCC(c2cc[nH]n2)CC1O)C1NNCCC1,,,,,
C316,N1(C2CCNCC2)N(N=NO)NCCC1,,,,,
C317,C(CN1CCCN1)C1NNNN1C(=O)O,,,,,
C318,N1(C2CCCC(C)C2)NC(CC#C)C(N2CCN(c3ccc(C)cc3)C2)CC1,,,,,
C319,C=Cc1ccc(C)cc1,,,,,
C320,N1CNC(C2CNNN2)C(c2c[nH]nn2)C1,,,,,
C321,N1(N=[N+]=[N-])NCCCC1C1NNCNC1,,,,,
C322,N1NCC(Cc2ccccc2)C(N=NO)C1,,,,,
C323,C1CN(c2nccnn2)CCN1,,,,,
C325,N1(CC2CCCCC2)CCC(C2N(C(=O)N)NNNC2)CC1,,,,,
C326,C1C(CC=C)NCC(C2CCC3C(C2)CCCC3)(C2NC(c3ccc(C)cc3)CCC2)N1,,,,,
C328,N1(C2CCCCC2)CCN(C2CNNN2)CN1C1NCNCN1,,,,,
C329,N1C(N2C(N=[N+]=[N-])CCN2)CN(C=C)CN1,,,,,
C330,N1NNC(C=CC)CC1,,,,,
C331,CCCC1CC(C(=O)O)C(O)CC1C,,,,,
C332,C1CCC2(C3CCNN3)CCC(C3CCC(C)CC3c3nncnc3)CC2C1C(=O)O,,,,,
C333,C1(C#CC)CN(CC=CC(=O)OC2CNNNC2)CN1,,,,,
C334,N1C(N=O)C(N=N)(CC#C)N(C2NNCCC2)CN1,,,,,
C335,N1(c2nccnc2)CN(O)NC([N+](=O)[O-])N1C1NNNNC1,,,,,
C336,N1CC(C2CNN(N=N)NC2)C(C2CNCN2)CC1,,,,,
C337,N1N(C=CC)CCCC1,,,,,
C338,C1C(n2cnnn2)NCN1C1CCCC(C)C1,,,,,
C340,CC(Cc1cnncn1)C1CNNN(C2NCC(CC)NC2)C1,,,,,
C341,C1(c2ncccc2)NCNN1C,,,,,
C342,C1(O)N(c2cc(O)ccc2)C(OO)NN1C1NCNCN1,,,,,
C343,C1N(n2ccnn2)NNN1,,,,,
C344,C1C(C2(n3cnnn3)CCC(O)CC2)CCCC1O,,,,,
C345,N1CN(C(=O)O)CNC1c1ncn[nH]1,,,,,
C346,N1CNCN(OO)N1,,,,,
C347,C(CN=O)C1CCCC2(C3CCCCC3)C1(N)CCCC2,,,,,
C348,C1CCC2CCC(N=NN=NO)C(N=NO)C2C1,,,,,
C349,N1(O)CC(N=NOc2ccc(C)cc2)CCC1C(=O)[N+](=O)[O-],,,,,
C350,N1(CC=C)CC(C2CC(O)CC(C)C2)N(O)CN1,,,,,
C351,CC1NC(C2C(O)CCC(C=C)C2)C(c2ccc(O)cc2)NC1,,,,,
C352,N1(n2ccnc2)CC(NC(=N)N)NCN1,,,,,
C353,CC=C(C[N+](=O)[O-])C1CCCC2C1CC(c1ccncc1)CC2,,,,,
C354,N1(C2CNCCC2)C(C(=O)O)NCNC1O[N+](=O)[O-],,,,,
C355,C1CNN(c2ccc(O)cc2)N1,,,,,
C356,N1C(c2nnnnc2)NCNN1,,,,,
C357,C(C(CN(C(=N)N)OO)C#CC)c1nnn[nH]1,,,,,
C358,N1(C(=O)[N+](=O)[O-])CCCC(C#CCC2(c3ccc4ccccc4c3)CNNNC2)C1,,,,,
C359,N1NNNC(CC)C1(C#CC)C1N(c2cc[nH]n2)CNCN1,,,,,
C360,C(C=C)C1NCC(N)CC1,,,,,
C361,C1(N)(OC(=O)N)C(C2C([N+](=O)[O-])CNN2)NNC1,,,,,
C362,C1CNN(c2nnnnc2)N1,,,,,
C363,C1(c2c[nH]nn2)CCCCC1,,,,,
C364,C(#C)C1NNCN(CC(C)c2ccc3ccccc3c2)C1,,,,,
C365,CC1(C(=O)O)C(C2CN(c3ccn[nH]3)NCC2)CCC2C1CCCC2,,,,,
C366,C1C(c2nnncc2)CCCC1,,,,,
C367,C(#C)C1CNNCN1C(=O)O,,,,,
C368,C1CNC(C(=O)O)C(CC(C)C2(c3cc[nH]n3)CNNCC2)N1,,,,,
C369,C(C)C1(C2NNN(CC=C)CN2)C(CC=C)CNN1,,,,,
C370,C=CN=NO,,,,,
C372,N1CC(N=O)C(C2NNCCC2c2cnncc2)([N+](=O)[O-])CC1,,,,,
C373,CC(=O)N,,,,,
C374,C1(c2cc(O)ccc2)NN(NC(=N)N)NN1,,,,,
C375,C1CN(C2NNCNN2)CC(N=[N+]=[N-])N1,,,,,
C376,N1CCCC(C2(C3CC(O)CCC3)CCC3C(C2N=O)CC(c2cnn[nH]2)CC3)C1,,,,,
C377,C1(C2(NN)CCNCC2)CNN(n2ccnc2)N1,,,,,
C378,N1(c2nnncc2)N(C2CCN(N=[N+]=[N-])CC2)CCCC1,,,,,
C379,C1C(C2(c3cccc4c3cccc4)CCCCC2)NCCN1,,,,,
C380,CCC1NC(C(=O)N)CN1,,,,,
C381,C1NN(CC)N(C(=O)O)N1,,,,,
C382,CC(C1(OO)NCNN1)c1nccnc1,,,,,
C383,C1(N=O)N(C(=O)O)C(OO)NN1,,,,,
C384,C1CNNC1n1ccnc1,,,,,
C385,C(C#C)c1cnncc1,,,,,
C386,C1C(c2ncc[nH]2)NCN1C=O,,,,,
C387,CC1NCCN(C2(c3ccc(O)cc3)NCNN2)C1,,,,,
C388,N1CN(N2C(O[N+](=O)[O-])CNN2)N(C2NNNCN2c2ncc[nH]2)CN1,,,,,
C389,C1(OC(=O)N)CCCCC1,,,,,
C390,Cc1nnn[nH]1,,,,,
C391,C1NC(C(=O)N)NN1CC=C(C(=O)[N+](=O)[O-])CCC,,,,,
C392,CN=NOc1nccnc1,,,,,
C393,N1(C2N(c3c[nH]nn3)NNCC2)C(CC=C)CNCN1,,,,,
C394,C(C)C1NNNCN1C1(C2CCC3C(C2)CCCC3)CCC(C#N)CC1,,,,,
C396,C1N(N=O)C(C(=O)[N+](=O)[O-])NN1,,,,,
C397,C1C(N=N)NNN1,,,,,
C399,CC1CCCC(C2N(C=N)CNN2)C1,,,,,
C400,N1N(c2nnnnc2)N(C=C)CCC1,,,,,
C401,N1NNC(N)CC1(C1CC(C2CNNCC2)NN1)[N+](=O)[O-],,,,,
C402,C1N(N)N(C2NCN(c3ccc(C)cc3)N2)NN1C=C,,,,,
C403,CC#Cc1cc(O)ccc1,,,,,
C404,N1CC(C2(CCC)CCC(O)(C3NNNNC3)CC2)NC(c2ccccc2C)N1,,,,,
C405,C(C#C)c1nnncn1,,,,,
C406,N1C(C2CCCC3(c4cccc(C)c4)C2CCCC3)NNCN1NN,,,,,
C407,C1(C#CC2(c3cnccc3)CCC(O)CC2C2C(O)CCCC2)CNCN1,,,,,
C408,N1(c2c(O)cccc2)CCCCC1,,,,,
C409,CC1CC(C2CCCCC2(C)c2ncc[nH]2)CCC1,,,,,
C411,C1CN(NC(=N)N([N+](=O)[O-])C(=O)O)CN1c1cc(O)ccc1,,,,,
C412,C(C#C)(C=CNN)CC1CCCC(C)C1,,,,,
C413,C1NN(c2ccn[nH]2)NN1,,,,,
C414,N1NNNCC1N[N+](=O)[O-],,,,,
C415,N1C(c2cnc[nH]2)NNCN1,,,,,
C417,C(Cc1nccnc1)C1NCCN1,,,,,
C418,C#CC1CNN(C2NNC(Cc3ccccc3)NC2)N1,,,,,
C419,C1(C2C(c3ccc(C)cc3)C(O)CCC2)NCNN1NC(=N)N,,,,,
C420,C1(C2C(O)C(N3CCNC3)CC(N3CCNN3)C2)NN(N[N+](=O)[O-])NN1,,,,,
C421,C(C(C=C)C1CNCCC1)C1NC(O[N+](=O)[O-])NN1,,,,,
C422,N1NCCC(C2CNNNC2c2cc[nH]n2)C1,,,,,
C423,N1CN(C2CCCCC2)CCC1,,,,,
C424,N1(C#C)CNCNN1,,,,,
C425,N1CN(C=CC)NCN1,,,,,
C426,N1(C2(N)NCCN2)CNCCC1,,,,,
C427,C1(c2cnc[nH]2)CCC2CCCCC2C1,,,,,
C429,N1N(C(=O)O)NNCC1,,,,,
C430,N1(N=N)NC(N=N)C(C(=O)O)(O)CC1,,,,,
C431,C1N(C(=O)NC2CNCN2)CN(C(=O)O)N1,,,,,
C432,C1CN(c2nnncn2)NC1,,,,,
C433,C(C1CCC(NC(=N)N)CC1)c1cccc(C)c1,,,,,
C434,C1CC(N)CCC1N=[N+]=[N-],,,,,
C435,N1CCC(C(=O)O)CC1,,,,,
C436,N1CN(C2CC(O)C(C)CC2)C(c2ncc[nH]2)N(C)C1,,,,,
C437,C(C#C)(C1NNNC(N=N)(C2NCCN2)C1)c1ncncn1,,,,,
C438,C1CCC2C(C3CC(c4c[nH]nc4)CCC3)CCCC2C1,,,,,
C439,N1NC(C2CNC(C3NNC(c4nnncn4)NC3)N2)CCC1,,,,,
C440,C(C1CC(C2NNNN2)CCC1C1CCNCC1)C(=O)Oc1c[nH]nc1,,,,,
C441,N1(c2nnn[nH]2)CCCCC1,,,,,
C443,N1(C2CNN(c3nnncn3)NC2)NCCCC1,,,,,
C445,C1(C2CCC(COC(=O)N)(NN)CC2)C(C2CNCCC2)NNN1,,,,,
C446,C(C=C)C=C(C)C(=O)[N+](=O)[O-],,,,,
C447,C(C)(C1C(CC#C)C(O)CCC1)(N)c1cnccc1,,,,,
C448,C=Cc1c(O)cccc1,,,,,
C449,N1NCCC(c2ncccc2)C1,,,,,
C450,C1(C(=O)O)C(c2cnn[nH]2)CCCC1(O)C(=O)N,,,,,
C451,C1CNN(C(=N)C2CCC(C)(c3cnncc3)CC2)N1,,,,,
C454,C#CN1C(C2CNNN2)C(c2nncnn2)CN1,,,,,
C455,CC1C(C(=O)O)CNN1,,,,,
C456,N1CNCNC1N1CNNN1C(=O)[N+](=O)[O-],,,,,
C457,C1(C2(n3cnnn3)C(O)CCCC2)C(C(=O)[N+](=O)[O-])NNN1,,,,,
C458,CC1(C2C(C3NNCNC3)CC(O)CC2)CCCC(OC=O)C1,,,,,
C459,C1CCCC(C(=O)C)(c2ccc3c(c2)cccc3)C1O,,,,,
C460,N1NCCC(c2cnccc2)C1,,,,,
C461,C1CN(c2c[nH]nn2)NN1C,,,,,
C463,C1(C2CCC(C)CC2)CNN(C2C(c3nccnn3)C(O)CCC2)N1,,,,,
C464,C1([N+](=O)[O-])CC(NN)(C)C(C2NNNNC2)CC1,,,,,
C465,CC(C#C)c1cnncc1,,,,,
C466,N1(C(=O)O)CNCNC1C,,,,,
C467,C1C(C2CCC(O)CC2)C(O[N+](=O)[O-])C(C2CNNN2)CC1(O)C1CCCCC1,,,,,
C468,N1CNCCC1C1CNNN1c1nnncn1,,,,,
C469,N1CN(N2C(c3ccc4ccccc4c3)NNN2)NCN1,,,,,
C470,C(C(=C)N1C([N+](=O)[O-])NNN1)C1C(OCC)CCCC1,,,,,
C471,C1(C2CN(c3cnccc3)CN2)CN(C2CCC(O)CC2C2NCNN2)CCN1,,,,,
C472,C1CNN(c2cnn[nH]2)N1,,,,,
C473,N1(N[N+](=O)[O-])CNCNC1,,,,,
C474,C1NCNN1c1nnncc1,,,,,
C475,N1NC(C#N)(C=C)CCC1,,,,,
C476,C1CCC2CCC(C)CC2(c2nnccc2)C1,,,,,
C477,N1N(C2NC(c3ccc4c(c3)cccc4)NN2)NCC(C#CC)C1,,,,,
C478,N1N(C2(CC#C)C(C(=O)C)NNN2)NCCC1,,,,,
C479,C(C(=C)N=N)n1cnnn1,,,,,
C480,CC1C(O)C(C(=CC)C=C)CC(O)C1,,,,,
C481,C1C(CC2(c3ncn[nH]3)CCCCC2)NCCN1,,,,,
C483,C(C)C1(c2c[nH]nc2)CCC(C)CC1,,,,,
C484,C1(C#N)NCNN1,,,,,
C485,C1C(C2CNNCN2C2(C3CNCCC3)N(c3nnccc3)CCNN2)CCCC1,,,,,
C486,C1C(C)NN(C2NCCN2)N1,,,,,
C487,C1C(C2CNNNC2)N(C2NNN(N=[N+]=[N-])C(OC(=O)N)C2)CCN1,,,,,
C488,C(=CC1CCCCC1C)c1c[nH]cn1,,,,,
C489,N1C(N2CCCN2c2nncnc2)NCNN1C#N,,,,,
C490,C1CC(NN)CC(Cc2ccccc2)C1ON1CNCN1,,,,,
C491,N1NC(c2ncn[nH]2)CCC1,,,,,
C492,C1N(C2CC(N=N)NCC2NN)CNN1,,,,,
C493,C1CNC(N=[N+]=[N-])C(C#N)N1,,,,,
C495,N1N(c2ccc(C)cc2)NC(NC(=N)N)CC1C1(C)NNNN1,,,,,
C496,C1(C(=O)O)NCNN1,,,,,
C497,CC#CCC#CC#CC,,,,,
C498,N1CCCC(c2ccc(O)cc2)C1,,,,,
C499,C1(c2ncc[nH]2)CN(C2(C3(C)NCCNC3)NNNN2)NC1,,,,,
C500,CC=Cc1nnn[nH]1,,,,,
C501,N1NCCC(C2NNNN2)(n2cnnn2)C1,,,,,
C503,N1CNNCN1C1CCCC(Cc2ccccc2O)C1,,,,,
C504,C(=CC#CC=C)(N)C#CC,,,,,
C505,C=CC1N(C)C(c2cnccc2)NN1,,,,,
C506,C(CC=CCCC)C1N([N+](=O)[O-])CCCC1,,,,,
C507,C#CC1CN(C#N)NN1,,,,,
C508,C1(OC(=O)N)CCCCC1(O)N=NOC=N,,,,,
C509,N1N(C2N(c3cc(O)ccc3)CNN2)NCCC1,,,,,
C510,C1C(c2ncn[nH]2)NNC1,,,,,
C511,N1CNN(C2NNN(CCC)CC2)CN1,,,,,
C512,C1NCN(C2CCC(C3CCC4C(C3)CCCC4)C3C2(O)CCCC3)N1,,,,,
C513,C1N(CC#C)NNN1C1CCN(c2nnncn2)CC1,,,,,
C514,C(#C)C(=O)CC1(c2cnnnc2)CCCCC1C,,,,,
C515,C=CC1CC(c2cnncc2)C2C(C1)CCCC2OC(=O)N,,,,,
C516,C1CNC(N=O)(OC(=O)N)N1N=[N+]=[N-],,,,,
C517,C(#CC(=O)O)C1(CC)CNC(C2CNNNC2)N1,,,,,
C518,C#CC1CNCC(C2(c3c(O)cccc3)NCC(C3CNNCN3)NN2)C1,,,,,
C519,C(#C)C1NN(N)C(N2CCNN2)CC1,,,,,
C520,C1CNN(n2ccnn2)C1,,,,,
C521,N1C(N2CNNN2)N(c2ncc[nH]2)NC(C2CCC3C(C2)CCCC3)N1,,,,,
C522,N1C(N)N(C2C(C3NCNCN3)CCC(CN)C2)CCC1,,,,,
C524,C1CCC(CC2CC(c3cnn[nH]3)CCC2)C(C2CCCCC2O)C1,,,,,
C525,N1(C2NNN(C3CCC(O)(C4CCNCC4)CC3)NC2)CCC(c2ccccc2C)CC1,,,,,
C526,C(CC)(C1NNNN1)C=CCC=CC,,,,,
C527,C(C)C(=C(C)CC=C)c1ccncc1,,,,,
C528,C1C(c2ccccc2O)CCCC1O,,,,,
C529,C=Cc1nc[nH]n1,,,,,
C530,C1CCC2CCCC(C(C=C)N3C(C)CNC3)C2C1,,,,,
C531,C1CC(c2nnn[nH]2)C2CCCCC2C1,,,,,
C532,N1NN(n2cnnn2)CCC1,,,,,
C533,C1CNN(O)C1OO,,,,,
C534,C1C(N=O)NCCN1,,,,,
C536,N1CC(Cc2ccccc2)N(CC#C)CN1,,,,,
C537,C(C)c1nc[nH]n1,,,,,
C538,CC1CC(N2C(O[N+](=O)[O-])CCN2)CC(C2CCC(OC3CNNCC3)CC2)C1,,,,,
C539,N1C(C2(O[N+](=O)[O-])NNCNN2)CN(N2C(C3CNNC3)CCN2)CN1,,,,,
C540,C1NN(c2nnncc2)N(N2CNCN2)N1,,,,,
C541,CC(C1CC(OO)C(O)(O)CC1)C1NNNN1,,,,,
C542,C1CC(C=O)(C(=O)N)C(C#N)CC1O,,,,,
C543,CCC1(N=N)CCCCC1,,,,,
C544,C1(c2nncnn2)CCCCC1,,,,,
C545,N1CCNC(C2(n3cncn3)NCC(C(=O)O)CC2)N1,,,,,
C546,C1CCC2(C3NCC(c4nnn[nH]4)C(C(=O)O)C3)CCCCC2C1C1CCNCC1,,,,,
C547,CC(C)C1C(C2CNNN2)CCC2C1CCC(C1CCCCC1)C2,,,,,
C548,C(#C)C1CNC(C2(c3ccc4c(c3)cccc4)NCNCN2)N1C1NCNCN1,,,,,
C549,C(=C)(C1NN(C2N(c3c[nH]nn3)CCN2)NN1)C1CCCCC1,,,,,
C550,C(=Cc1cccc(C)c1)(N1CNNN1)OC(=O)N,,,,,
C551,C(C=C)(C)C1(C2CCNCC2)CCCCC1C,,,,,
C552,CC(C1CC(O)CCC1)c1nccnn1,,,,,
C553,N1NCCC(n2cccn2)C1,,,,,
C554,C(C1(N=O)CCCCC1)Nc1cnccc1,,,,,
C555,C(C=C)(CC=C)C1CC(c2cccc3c2cccc3)CC2C1CCCC2,,,,,
C556,N1C(OC(=O)N)NN(C2CCC(C)(C3CNNNC3)CC2)CN1,,,,,
C558,N1([N+](=O)[O-])C(C2N(c3nncnc3)NCCC2)NCN(N=NO)C1,,,,,
C559,C1CCC(c2c[nH]nc2)CC1,,,,,
C560,N1(C2CCC3C(C2)CCCC3)NCC([N+](=O)[O-])(C=C)CC1,,,,,
C561,C1CCC2CCC(C3CCCC4C3CCCC4)C(N=[N+]=[N-])C2(C2CCCCC2c2ncn[nH]2)C1,,,,,
C562,C(C=C)n1cncn1,,,,,
C563,N1NNCC(CC(=C)N=N)C1,,,,,
C564,C1(c2ccc(C)cc2)CNNN1C1CNCN1,,,,,
C565,C1CN(C2CNNCC2)C(n2ccnn2)CN1,,,,,
C566,N1(N2CCCN2)C(O)NN(C=CCn2ccnn2)CN1,,,,,
C567,C1CCCCC1OC1CCC(C(=O)O)CC1(CC1CCC2CCCCC2C1)c1cccc2c1cccc2,,,,,
C568,C1CCCCC1OC(=C)N1CCNC1C#CCC,,,,,
C569,N1NNC(C2CCCCC2OC2NN(N[N+](=O)[O-])CN(C3CCCCC3)C2)CC1,,,,,
C570,C1CCCC(C2(C3CNNCN3)C(CC=C)NCN2)C1,,,,,
C571,C1(c2cnnnc2)C(C)NN(C)N1,,,,,
C573,C1(C2CC(OC3CNNNC3)CCC2)(C=CC)CCCCC1C=O,,,,,
C574,CC1(C2NCCN2)CCCC(C2C(c3cc(O)ccc3)NCN2)C1,,,,,
C575,N1N(C)CC(N[N+](=O)[O-])C(O)C1,,,,,
C576,C1CCC(C#C)(C2(c3nncnn3)NNCCC2)CC1,,,,,
C577,N1(C2C(c3cnnnc3)CNN2)NN(C#CC)NCC1,,,,,
C578,C1C(N=[N+]=[N-])NCC(C#Cc2cc[nH]n2)N1,,,,,
C579,C1C(C2N(c3nncnn3)CCN2)CCCC1,,,,,
C581,N1CNNC(C=CCn2cncn2)N1,,,,,
C582,C1(C#N)CCC(OON(N)c2nnncc2)CC1O,,,,,
C583,N1C(N2CC(C3CCC(C)CC3)NN2C2N(c3c[nH]cn3)CNN2)CCCC1,,,,,
C584,C1NCN(C2CN(n3ccnc3)NCN2)N1,,,,,
C585,N1CN(N2CNCN2)CN(N=[N+]=[N-])N1,,,,,
C586,C(CC)(C1CCN(c2cccc3c2cccc3)N1)C1CCC2CCCCC2C1,,,,,
C587,C1NCN(C)N1C#N,,,,,
C588,C1(C(=O)[N+](=O)[O-])NNN(C2(C=CC)CNC(N=O)N2)N1,,,,,
C589,N1C(C)CCCC1,,,,,
C590,C(=CC1CCNN1)C1CC(O)CC(N=O)C1,,,,,
C591,C1C(c2ccc3ccccc3c2)NCN1,,,,,
C592,C=CN1CC(C2NCCN2)NC1c1nc[nH]n1,,,,,
C593,C1NNNN1N1CCN(c2nnnnc2)C1,,,,,
C594,C1(C2CCCCC2)NNN(c2ncccc2)N1,,,,,
C595,C1(N=O)C(c2ccccc2C)CCCC1N1CNNN1,,,,,
C596,C1CN(C=C)CCN1C1(c2cc[nH]n2)CNNN1,,,,,
C598,CC#CN1C(OO)CNN1,,,,,
C599,CC(=C(C#N)N1CNCN1C(=O)[N+](=O)[O-])c1c[nH]nn1,,,,,
C600,C(C#CC#CC)C=O,,,,,
C601,C1CCCC(C(=O)[N+](=O)[O-])C1O,,,,,
C602,C1NNN(N2C(N)CNC2)N1,,,,,
C603,C1C(c2nc[nH]n2)N(C2CCCCC2O)NC1,,,,,
C604,C1(C(=C(C)c2ccc3ccccc3c2)C2NCCCC2)NNN(C)N1,,,,,
C605,N1CNCN(C2CCCC3C2CCC(c2nc[nH]n2)C3)N1,,,,,
C606,C(#CC)C1CCCC(C(N=O)C(=O)[N+](=O)[O-])C1,,,,,
C607,N1C(c2ncn[nH]2)NCCC1,,,,,
C608,C(C)C1NCN(N=NC2C(O)CC(O)CC2)N1,,,,,
C609,C(C(=C)C1N(N)CNCN1)C(=O)O,,,,,
C610,N1(C2(c3cccc4c3cccc4)NNCNN2)CC(O)CCC1,,,,,
C611,C1N(O[N+](=O)[O-])CNN1,,,,,
C613,N1N(c2nncnc2)N(N2CCNC2)NCC1,,,,,
C614,C1C(O)(C2CC(C(=O)O)NN2)CCCC1C1NCCN1,,,,,
C615,C1NN(C2C(O)CC(c3cnccc3)CC2)NN1N1CNCN1,,,,,
C616,N1(N)CCNC(C(C2NNNNC2)c2cnc[nH]2)N1,,,,,
C617,C1(NC(=N)N)NC(OO)NN1c1nnncn1,,,,,
C618,N1C(O[N+](=O)[O-])NCN(C2CNCN2)N1,,,,,
C619,CC1CCC(N=NO)CC1(Oc1nc[nH]n1)C1CNNC1,,,,,
C620,C1(C2CCNN2)(N2CC(c3ccccc3O)NN2)CCCCC1,,,,,
C621,CC1N(c2ncncn2)CCNC1,,,,,
C622,C1C(C#Cc2ccc(O)cc2)CCCC1O,,,,,
C623,N1NNC(C2NNNC(N3CCCN3C(=O)N)C2N)CC1,,,,,
C624,N1N(Cc2ccccc2C)C(N)CCC1C#N,,,,,
C625,C(C1CC(CC)CC(N)C1)(C)NN,,,,,
C626,C1CNCC(N2CCN(CC)C2)N1,,,,,
C627,N1(C(=O)Oc2nnncc2)N(O)N(C(=O)C)CCC1,,,,,
C628,C1CNN(N=[N+]=[N-])C1,,,,,
C629,C1CNNN1C(=O)OCC=C,,,,,
C630,N1CNN(C2CCCC(C)C2)CN1N[N+](=O)[O-],,,,,
C631,C1CCCCC1(OC1CNNNC1)C(C1(N2CNCN2)CCCCC1)c1cnn[nH]1,,,,,
C632,C1CN(n2cccn2)CN1,,,,,
C633,C1CNCN1C1(c2nnncn2)CNC(OC(=O)N)N1,,,,,
C634,C1NN(C2CNCCC2)NN1Cc1ccccc1,,,,,
C635,C(#CC1CCC(C)CC1)N1CC(C2(c3ccncc3)CCCCC2)CN1,,,,,
C636,C(C#CC(=C(C)C(=O)[N+](=O)[O-])C1CNNN1)O,,,,,
C637,C(C=CC1CCCCC1)c1cnc[nH]1,,,,,
C638,C1NCN(C2N(C)NN(C)NC2)N1,,,,,
C639,C1C(N=NOc2cnc[nH]2)CCCC1,,,,,
C640,C1(c2nnccc2)NCNN1,,,,,
C641,C1CNCCN1C(C#C)(C1NCNN1)c1cnnnc1,,,,,
C642,N1CCCC(CC2(c3ccncc3)CCCCC2)C1C1N(C2CC(O)CCC2)CNN1,,,,,
C643,CC=Cc1ccc(C)cc1,,,,,
C644,C1(c2ccc3c(c2)cccc3)CNCCN1,,,,,
C645,C1CC(C(=O)O)C(c2cc[nH]n2)CC1,,,,,
C646,N1NN(C2CN(C#N)CN2)C(C=C(C)CC#C)CC1,,,,,
C647,C(C#C)N1CCC(C(=O)N)N1N1CCCN1,,,,,
C648,C1NN(C2C(C=CC)NNCN2)NN1,,,,,
C649,N1C(C2NCCNC2c2nnnnc2)NCCC1,,,,,
C650,CCc1nnccc1,,,,,
C651,CC1CNN(C2CNNNC2)N(C2CC(NC(=N)N)C(O)CC2)C1,,,,,
C652,C1(c2cccc(C)c2)CNCN1,,,,,
C653,N1NC(n2cncn2)CC(N2CCNC2)C1,,,,,
C654,C(C(CC(=O)[N+](=O)[O-])C#CC)C1CCCC(C)C1,,,,,
C655,N1NCCC(N)C1,,,,,
C657,C1CCCC(C2CCC(c3cnncn3)CC2O)C1O,,,,,
C658,C#CC1NNCCC1N=O,,,,,
C659,N1N(N2CC(C3NCCNC3)CN2C#CC)CC(c2nccnc2)CC1,,,,,
C660,N1C(C2CCC(N=NO)C(C)C2)NN(O)CN1,,,,,
C661,CC#Cc1ccccc1O,,,,,
C662,CC#CNC(=NCc1ccccc1)N,,,,,
C663,N1CN(n2cnnn2)CN(C#CC)N1N=N[N+](=O)[O-],,,,,
C664,C1CNC(C=O)C(O[N+](=O)[O-])N1,,,,,
C666,C1N(C(=O)CC2CC(C3CCCCC3)C(C)CC2)N(C(=O)[N+](=O)[O-])NN1,,,,,
C667,CC(CCC)NC(=N)N,,,,,
C668,N1CNCNC1(C(=O)C)C1CCC2CCCCC2(c2ccccc2C)C1,,,,,
C669,C1N(C#CC)C(C2(c3cnncc3)CNNC2)NN1,,,,,
C670,C1CCC(C=O)(N2C(c3ncccc3)CNN2)CC1,,,,,
C671,C(C(C)C1NNNCN1C1NCCNN1)C1CNNN(c2nnn[nH]2)C1,,,,,
C672,C(C#CC=C(C)C1CCNN1C=N)C(=O)[N+](=O)[O-],,,,,
C673,C(#CN=O)CC,,,,,
C674,CCCC1NC(CCC)CNC1,,,,,
C675,N1N(C2(n3cccn3)NNCNC2)CCCC1,,,,,
C676,C(=C)(O[N+](=O)[O-])N(N)c1nc[nH]n1,,,,,
C677,C1CC(c2cnnnc2)CCC1O,,,,,
C678,C1CCC(c2ccn[nH]2)CC1O,,,,,
C679,C1CCC2CCC(c3c[nH]cn3)CC2C1C,,,,,
C680,N1CC(OC(=O)N)CCC1,,,,,
C681,C1([N+](=O)[O-])CCC(CC2C(C3NNN(c4ccc5ccccc5c4)N3)CCCC2)CC1,,,,,
C682,N1(c2cnncc2)N(N=N)NNCC1N=[N+]=[N-],,,,,
C683,C(#C)C1C(O)CCCC1c1nccnc1,,,,,
C684,C1C(N[N+](=O)[O-])NCCN1C#CC,,,,,
C685,N1C(C2(c3ccc4c(c3)cccc4)CNCN2)NCN(C2CCNN2)C1C1CCNN1,,,,,
C686,N1CNCNC1c1ccc2ccccc2c1,,,,,
C687,CC#CC1(C2(c3nncnn3)NNNN2)CNN(OC(=O)N)CC1,,,,,
C688,C1CNNC1c1nc[nH]n1,,,,,
C689,N1(C2(N=NO)C(O)CCCC2)CC(C#N)CC(C(=O)[N+](=O)[O-])C1,,,,,
C690,N1CN(C=O)CNC1(C1CCNN1)n1cncn1,,,,,
C691,N1C(OO)NCC(N=[N+]=[N-])C1C1CCC(C)CC1,,,,,
C692,C1NNN(C(=O)N)N1,,,,,
C693,C1C(C)NNN1,,,,,
C694,C1(c2cc[nH]n2)CNN(C#CC)C1,,,,,
C695,N1(C(=O)O)C(C#N)NNCN1c1cnccc1,,,,,
C696,N1N(C2(c3nncnc3)NCNN2)NNCC1,,,,,
C697,CC#CN1CNC(N=O)N1N1CCNN1CCC,,,,,
C698,C(C#CC(=O)C)C1CCC2C(C1)CCC(C1(c3c[nH]nn3)CCCC(C)C1)C2,,,,,
C699,C1CC(C(=O)[N+](=O)[O-])C(N(C(=N)N)O)CC1(O)C1CNCN1,,,,,
C700,C1N(n2ccnc2)NNN1,,,,,
C701,CC1CCC(c2nnncc2)CC1,,,,,
C702,C(#CC(=O)O)C1N(c2cccc3c2cccc3)N(N2CCNC2)CCC1,,,,,
C703,N1CC(c2ccccc2O)CCC1,,,,,
C704,N1CNCNN1Cc1ccc(O)cc1,,,,,
C705,N1CN(N)NCN1N1CCN(C(=O)C)C1,,,,,
C706,CC1(C2NNNN2C2NN(c3ccn[nH]3)NCC2)CCCCC1,,,,,
C707,N1NNN(C2(c3cnnnc3)CCCCC2C)CC1C1CNNC1,,,,,
C709,C(C#C)(O[N+](=O)[O-])c1nccnn1,,,,,
C710,N1C(O)NN(C2CCN(C(=O)C)N2C2NCNCN2)CN1,,,,,
C711,C1(C2NN(C3(n4ccnc4)C(O)CCCC3)CNC2)NNNN1,,,,,
C712,C(C#C)OOc1nncnn1,,,,,
C714,N1NN(CC)C(C(=O)ON2CCN(C#N)C2)CC1,,,,,
C715,C#CC1CNN(C2CCC(OO[N+](=O)[O-])CC2)CN1,,,,,
C716,C1C(N[N+](=O)[O-])NC(C2NNCN(C3CCNN3)N2)N1,,,,,
C717,C1C(c2ccc3c(c2)cccc3)CCCC1O,,,,,
C718,N1CCC(O[N+](=O)[O-])CC1C1CCC(C)CC1,,,,,
C719,N1(C(=O)N)CCNCN1,,,,,
C720,C1N(OOCC)NN(C2CNCN2)N1,,,,,
C721,CCC1CCC(c2cnccc2)CC1,,,,,
C722,N1CC(C2CNNC2)(c2cnncc2)NC(N2CCNN2)N1O,,,,,
C724,N1(NN)CN(C2(C3CNNCC3)C(O)CCCC2)CN(CC)N1,,,,,
C725,C1C(NN)N(CCN)CN1,,,,,
C726,Cc1c[nH]nc1,,,,,
C727,C1NNN(C2N(OO)N(N=N)NNC2C#CC)N1,,,,,
C728,N1(C(=O)[N+](=O)[O-])CN(C2NNCNN2CC#C)CNN1,,,,,
C729,C(C1CCCCC1c1nncnn1)C=O,,,,,
C730,N1C(c2ccncc2)NCNC1,,,,,
C731,N1CNNCN1C1CN(Cc2ccccc2)CN1,,,,,
C732,C(#C)C1(Cc2ccccc2)NN(N2CCCN2)CCC1,,,,,
C733,N1CNCC(c2nnccc2)C1,,,,,
C734,C(=C)c1cnc[nH]1,,,,,
C737,CC1CC(C2(C3NNNNC3)CCCCC2O)CCC1(C1NCCCC1)c1cc[nH]n1,,,,,
C738,C1NNNN1C1(C2CNNC2)C(C(=O)N)CCC2C1CCCC2,,,,,
C739,C1CCCCC1OOO,,,,,
C740,CCN(N)OC(=O)NC(=O)[N+](=O)[O-],,,,,
C741,C(C1CC(CC#CO)CCC1)C,,,,,
C742,C1CN(C#C)NC1(C1CCCCC1C1CNCN1)O,,,,,
C743,N1C(C2C(C)(c3ncc[nH]3)NCCC2)NCCC1,,,,,
C744,C1NCNN1C1CCC2C(C1)CCC(C1NNNNC1c1cc(O)ccc1)C2,,,,,
C745,C1CCCC(C2CNNN2C2C(c3cc[nH]n3)NNCC2)C1,,,,,
C747,C1NC(C2NNNCN2)NN1CC,,,,,
C749,C1(C(C2C(C3CCC(O)CC3)CCCC2)C=O)NNNN1,,,,,
C750,CC1NC(c2ccc3ccccc3c2)CN1,,,,,
C751,C(C1CCCCC1C#CCC1NNNN1)N=O,,,,,
C752,CC#CC1N(c2ccc(O)cc2)NCNN1,,,,,
C753,N1(c2c[nH]cn2)CCCCC1,,,,,
C754,C1(C2C(C(=O)N)CN(C(=O)N)N2)CNCN1c1ccc(O)cc1,,,,,
C755,CC#CC1NN(C)N(C2CCNN2)C(C2CCC(C)CC2)C1,,,,,
C756,C1CCC(CC2CC(C3CNCCC3N=N)CCC2)CC1C=CC,,,,,
C757,N1CN(c2ccccc2C)CN(CC)N1C(=O)O,,,,,
C758,C1(N[N+](=O)[O-])(OO)NN(c2ncn[nH]2)NN1,,,,,
C759,N1CNN(c2ccccc2O)CN1C1CCCCC1O,,,,,
C760,C1C(n2ccnc2)NNC1C=O,,,,,
C761,N1(N=O)NNNCC1,,,,,
C762,N1C(C2NCNN2)NC(C2CCCCC2(O)c2nc[nH]n2)N(C=N)C1,,,,,
C763,C(#C)C1(CC)CCN([N+](=O)[O-])N1,,,,,
C764,C1(OC(=O)N)CCCC(NC(=N)N)C1,,,,,
C765,CN=NC1(O[N+](=O)[O-])NCCN1OO,,,,,
C766,N1(C2N(C#CC)CCNC2C2CCC3C(C2)CCCC3)N(N2CCNC2)NCCC1,,,,,
C767,C(C)C1(N2CCN(c3cnc[nH]3)N2)CCCCC1C,,,,,
C768,C1CN(O[N+](=O)[O-])CC(C2C(Oc3ccncc3)CC3CCCCC3C2)N1,,,,,
C770,N1NN(C2NNNCC2)NC(C2CCC(C)CC2c2ncncn2)C1,,,,,
C771,C1(C2CNCN2)NNN(c2cnccc2)N1,,,,,
C772,CC1CCCC(N=N)(C=CC)C1C#CC,,,,,
C773,N1CN(c2nnnnc2)N(C2NCNCN2)CN1,,,,,
C774,N1C(C2CC(c3cnnnc3)NCC2)NCN(C(=O)[N+](=O)[O-])C1,,,,,
C775,C1(CC=C)N(OO)N(N=O)NN1,,,,,
C776,C1CN(N2CCNN2C2CCCCC2O)NC1C1(C=N)CNCN1,,,,,
C777,CC1(C(=O)Nc2nncnc2)CCCCC1,,,,,
C778,N1N(C2CC(C3CCNN3)(C(=O)O)CC3C2CCCC3)NNCC1,,,,,
C779,C1NNN(C2(C3CNCN3)CC(OC3NCCNC3)C(N=NO)CC2)N1,,,,,
C780,C1NCN(C2CCCC3(C4C(OC#N)CCCC4)C2CCCC3)N1C1CNNCN1,,,,,
C781,C1(c2cnc[nH]2)CCCCC1O,,,,,
C782,C(C1NN(N2CN(c3ccc4ccccc4c3)NN2)CNC1)C1NNCCC1,,,,,
C783,C(=C)(C1C(C2CCC3C(C2)CC(c2nncnn2)CC3)CNN1)C=O,,,,,
C784,CC1CC(C2NNCN(c3cnc[nH]3)C2)NN1,,,,,
C785,N1C(O[N+](=O)[O-])CNCN1,,,,,
C786,C1NCN(C=N)N1C1NN(C(=O)[N+](=O)[O-])NN1,,,,,
C787,C1CC(C2(C3NNNCN3)CNNCN2)CCC1Cc1ccccc1,,,,,
C788,C1(C#N)CCC(C2CNNCC2)CC1C#N,,,,,
C789,C1CCC2CCCC(c3cnnnc3)C2C1,,,,,
C790,N1(c2nncnc2)C(N2CCNN2)NCNC1,,,,,
C791,CC(OO)C1(C)NNC(C=O)CC1,,,,,
C792,N1CCN(OO)CN1C1C(OO)CC(C)CC1,,,,,
C793,C1(O[N+](=O)[O-])NC(C2NCC(c3cccc4c3cccc4)N2)N(C(=O)O)N1,,,,,
C794,C1C(c2nnn[nH]2)NCN1,,,,,
C795,N1(C2(CCCOC(=O)N)NCNCN2)CNCCC1C1CCNN1,,,,,
C796,N1CN(NC(=N)N)CCC1C1NNCNC1,,,,,
C797,CC(=C)N[N+](=O)[O-],,,,,
C799,C1CCCC(NC(=N)N)(N=N)C1,,,,,
C800,CC1(N)CCC(CC#C)CC1N1CC(C(=O)N)CN1,,,,,
C801,C1CN(n2cnnn2)CN1,,,,,
C802,C(#C)C1CCN(C(=O)[N+](=O)[O-])N1,,,,,
C803,N1CC(C)NCN1,,,,,
C804,N1CCCCC1N(N)C(=C)C1C(c2cc(O)ccc2)NCN1,,,,,
C805,N1CC(C(=O)[N+](=O)[O-])CC(c2ncn[nH]2)C1,,,,,
C806,N1CN(C2(O)CC(C=CC)NCC2)CN(n2cncn2)N1,,,,,
C807,CC#CC1CCCC2C1C(CC)CCC2,,,,,
C808,C1(C2NN(C3NCNN3)NC(C=O)C2)N(N=O)NNN1,,,,,
C809,C1(C2CCC3C(C4CCCCC4C#N)(C2)CCCC3)CCCCC1c1cnnnc1,,,,,
C810,C1(N=NO)CCC2CC(OC(=O)N)CCC2C1C1CCCC2C1CC(c1ccc3ccccc3c1)CC2,,,,,
C811,C1C(C=N)(ON2CCNN2)CCC(n2cnnn2)C1,,,,,
C812,N1NNN(C2C(N=N)CCC(N=NO)C2Cc2cnncn2)CC1,,,,,
C813,C1(C2CCC(CN=O)(C(=O)O)CC2)(C2NCCNC2)NCNN1,,,,,
C814,C(NCC1CCCCC1)(O)n1cncn1,,,,,
C815,C1CN(C2CNN(C(=O)O)N2)N(C=CCC=C)N1,,,,,
C816,N1N(C(C2CCCC(C3CCC(O)CC3)C2)c2nccnn2)NCCC1,,,,,
C817,C1(C(C2CCCCC2)C2NNCCC2)CNNC1N=NOc1ccccc1C,,,,,
C818,C1CC(CC2CCCCC2)(c2cnc[nH]2)CCC1,,,,,
C819,N1(CC(=C)[N+](=O)[O-])CNCNC1,,,,,
C820,C1C(C=CC)NCCN1,,,,,
C821,N1NCCC(N=NO)C1C1CCC2CCCCC2C1,,,,,
C822,N1(C2NCNN2)CNNC(c2nnncc2)N1,,,,,
C823,C1CNN(c2ccccc2O)C1,,,,,
C824,C1CCC2CC(c3cc(O)ccc3)CCC2C1C1CNNN1,,,,,
C825,CC#CC1CC(C#CC)NCC1,,,,,
C826,C1N(N2CNNN2CC=C)NN(C=C)N1,,,,,
C827,C(C#CN=O)C1C(N)CCC(CN2CCCN2)C1,,,,,
C828,C1CC(N2C(C(=O)O)CN(c3ccncc3)N2)C2CCCCC2(N[N+](=O)[O-])C1,,,,,
C829,C1(c2ncn[nH]2)NCNN1N=[N+]=[N-],,,,,
C830,N1N(NC(=N)N)NC(C#CC)C(C2(c3cc[nH]n3)NNNCC2)C1,,,,,
C831,N1N(c2nnncn2)NNCC1,,,,,
C832,C(#C)c1nccnn1,,,,,
C833,C(=CC1NNCNN1)Cc1ccccc1,,,,,
C834,C1([N+](=O)[O-])CN(C#C)C(CC2CCCCC2C(=O)O)CN1,,,,,
C835,C1CNNC1(N1CNCN1)n1ccnc1,,,,,
C836,C(N=O)C(=O)N(NN)c1cc[nH]n1,,,,,
C837,C(CC1NCCNC1)c1cc(O)ccc1,,,,,
C838,C(=C)C1C(O[N+](=O)[O-])CC(C2CC(O)CCC2N[N+](=O)[O-])CC1,,,,,
C839,C1CCCC(C2CCNN2)C1(ON1CCCN1)c1cnncn1,,,,,
C840,C1(OC(=O)N)CN(N=N)C(c2ccccc2O)CN1,,,,,
C841,N1(C(=O)C)CN(C2CNCN2)CC(NC(=Nc2ccc(O)cc2)N)C1,,,,,
C842,N1N(C(CC)c2cnc[nH]2)CCCC1,,,,,
C843,C(=C)(C(=O)C)C1CC(C#CC)CCC1,,,,,
C844,C(CC1CCN(c2ncccc2)CC1)C1NNNN1,,,,,
C845,N1(C(=O)O)CN(C2CCCCC2O)CN(Nc2ncccc2)N1,,,,,
C846,C1(C2CCC(N)CC2C)CN(N=O)CN1C,,,,,
C847,C1CC(C2CN(C3CC(O)CCC3)N(c3cnn[nH]3)N2)CCC1,,,,,
C849,C=CCC#CC1CNNCN1c1nnccc1,,,,,
C850,C1NNN(CC=C)N1,,,,,
C851,CC(C(C1CCCCC1OO[N+](=O)[O-])CC#C)C1CCCC(C)C1,,,,,
C852,C(C1CCCCC1)C1CCCCC1(O)C#CC,,,,,
C853,C(C)(C1NNNC(C2CCCCC2)C1)C1CNNNC1,,,,,
C854,CC(O[N+](=O)[O-])C1(C#N)NNN(C#C)N1,,,,,
C855,N1NCCCC1c1nnncc1,,,,,
C856,C1CCC2(c3nccnn3)CC(C(=O)O)CCC2C1,,,,,
C858,C1C(NN)NNN1,,,,,
C859,C(C)C1N(C=CC)CCCC1,,,,,
C860,CCC1CCC(CC=Cc2nc[nH]n2)C(CC=C)C1,,,,,
C861,N1CN(n2ccnc2)CCC1,,,,,
C862,C1C(C2NNNNC2)CC2CCC(C3CCC(C(=O)O)C4C3CCC(c3nnncc3)C4)CC2C1,,,,,
C863,C(C1NN(C)NN1)C1NNNC(CCC)N1,,,,,
C864,N1(N=[N+]=[N-])C(C2CNNCC2)NCNC1,,,,,
C865,C1(C2CNNC2)NCNN1C1CCC(NN)C2C1(c1cccc(C)c1)CCCC2,,,,,
C866,CC1CCC2CC(O[N+](=O)[O-])C(N3CNNN3N3CNCN3)CC2C1,,,,,
C867,C(=CN=[N+]=[N-])(C1NCNN1)n1cncn1,,,,,
C869,C1NNN(C(C2C(C#C)CCCC2N2CNNN2)[N+](=O)[O-])N1,,,,,
C870,C(C#C)C#N,,,,,
C871,C1(C2NN(C3CCCC4C3CCCC4)NCC2)NC(C(=O)N)NN1,,,,,
C872,N1CN(C2CNNN2c2nncnc2)CCC1N,,,,,
C873,N1CCNCN1C1NC(CC#C)C(c2nnn[nH]2)NC1,,,,,
C874,N1(N[N+](=O)[O-])CNCNC1N=NO,,,,,
C875,C1(C2CCCC(c3ncccc3)C2C)CCC2(C3C(O)CCCC3)CCCCC2C1,,,,,
C876,CC(C)(C1NC(C#N)NN1)O[N+](=O)[O-],,,,,
C877,C1C(N=N)CCCC1(C1NNNCC1)c1nnncc1,,,,,
C878,C1CNNN1C1N(C2C(N=NO)CC(O)CC2)CNCN1,,,,,
C879,N1NCCCC1(N=O)CC=C,,,,,
C880,C1NNNN1c1ccccc1O,,,,,
C881,N1CNCN(C2C(N)CCC3C2CC(c2ncccc2)CC3)N1C1NNCNN1,,,,,
C882,C1(OO)CNCN1,,,,,
C883,C1CN(N(N)C2CCCCC2)CCN1,,,,,
C884,C(=C)(C1CC(C2(C(=O)[N+](=O)[O-])NNCNC2)NN1)C1CCC(O)CC1,,,,,
C885,CC(CC1CNN(n2ccnn2)C1)C#CC,,,,,
C886,CC=C(C1CCC(C)CC1OC(=O)N)c1nncnc1,,,,,
C887,N1(C2CCC(O)CC2)C(N2CC(CCC#C)CN2)NCCC1,,,,,
C888,N1N(C#N)CCCC1,,,,,
C889,N1CNNC(n2cncn2)N1,,,,,
C890,C(C=Cc1cnccc1)NN,,,,,
C891,N1NNN(N)CC1N1CCCN1c1ccc(C)cc1,,,,,
C892,C1(C2CNNCC2)CN(NC(=N)N)C(N)(N=NO)CN1,,,,,
C893,C(#C)C1(O)CNCCC1,,,,,
C894,C1NCN(C(=O)N)N1C1(C2CNNN2Cc2ccccc2)CCC2C(C1)CCCC2,,,,,
C895,N1(N=[N+]=[N-])CNCNN1,,,,,
C896,N1(NC(=N)N)NCCCC1,,,,,
C897,C1CN(C2CNC(c3nnncc3)N2)CN1,,,,,
C898,C1(C=CC=C)C(C)NC(C2CCCC(C)C2)CN1,,,,,
C899,N1CN(c2ccccc2O)CNN1,,,,,
C900,N1N(c2cnnnc2)NNCC1,,,,,
C901,C1C(C(=O)[N+](=O)[O-])(c2cnnnc2)N(O)CN1,,,,,
C902,C1(C=O)CNNC1,,,,,
C903,N1N(C2C(N)(c3cc[nH]n3)CC3CCCCC3C2C(=O)O)NCCC1,,,,,
C904,N1NCCC(N2CCCN2C=O)C1C1CC(O)CCC1,,,,,
C905,C(CC)(C1N(C=N)NNN1)c1ccc2c(c1)cccc2,,,,,
C906,N1NNCCC1c1nnn[nH]1,,,,,
C907,C1(C2CCCC(C)(n3ccnc3)C2)C(CC#C)CCCC1,,,,,
C908,N1CCC(c2c(O)cccc2)CC1,,,,,
C909,C1([N+](=O)[O-])NCNN1,,,,,
C910,CC=Cc1cnncn1,,,,,
C911,CCC(=C(C)C1CNNC1)C1CN(n2ccnn2)NCC1,,,,,
C912,C1CC(CC=C)C(C2CNNN(C3NNCCC3)C2)CC1,,,,,
C913,N1CCCCC1c1nccnn1,,,,,
C914,C1NNNN1n1ccnn1,,,,,
C915,N1CC(C2CN(N=N)NN2)NCN1,,,,,
C917,Cc1nnn[nH]1,,,,,
C918,N1(C2N(N3CC(C4CCCCC4)N(CC)C3)NCNC2)CNCNN1,,,,,
C919,C1CCC2CCCCC2C1NN,,,,,
C920,C(C(C)C1NC(c2nnn[nH]2)NN1)C1CCNN1,,,,,
C922,CC#Cc1cccc(C)c1,,,,,
C923,N1(C#C)NCCCC1,,,,,
C924,N1NNN(C2(C3C(N[N+](=O)[O-])NNCC3)NNNCN2)CC1,,,,,
C925,C(#Cc1nncnn1)O,,,,,
C926,C(C(C)N[N+](=O)[O-])N=NC1CCCC2C1CCC(C(=O)N)C2,,,,,
C927,C(N=[N+]=[N-])C1CCC2C(C1)C(C1CNNCN1)CCC2N,,,,,
C928,C1CCC(CCCc2cnn[nH]2)C(C=C)C1C1NCCN1,,,,,
C929,CC1(N=NO)CCCCC1,,,,,
C930,N1(C2CCCC(C[N+](=O)[O-])C2)CNNC(C(=O)N)N1,,,,,
C931,N1(O[N+](=O)[O-])CN(C(C2CCCCC2)c2c(O)cccc2)CNC1,,,,,
C932,C(C)(C(C)n1cncn1)(C=O)C1CCCCC1O,,,,,
C933,C1C(N2CNCN2)CCCC1OCC=C,,,,,
C934,N1(n2ccnc2)NNNCC1,,,,,
C935,C1CN(C2NNNN(C3N(N4CNNN4)N(O[N+](=O)[O-])NCN3)C2)CN1,,,,,
C936,N1CNC(C2CCC(C)CC2)CC1(CC=C)C1C(C(=O)C)CCCC1O,,,,,
C937,C(C=C)C=C(C(N[N+](=O)[O-])C1NCCCC1)c1cnn[nH]1,,,,,
C938,C1NCN(c2ccc(O)cc2)N1,,,,,
C939,N1C(c2cc(O)ccc2)CNCN1,,,,,
C940,C1C(C(=O)N)N(c2ncn[nH]2)NN1C(=O)OC(=O)C,,,,,
C941,C(=C)C1CNNN(C(=O)N)C1C=C,,,,,
C942,C1CCC2CCC(C#CC)CC2C1,,,,,
C943,N1CN(C2NNN(n3cnnn3)N2)CN(C2NNNNC2)C1C,,,,,
C944,C1C(C2NCNCN2C(=O)O)CC2CCCCC2C1,,,,,
C945,N1CC(N2CNC(OC(=O)N)N2)CCC1,,,,,
C946,CC1CNCCC1c1cnnnc1,,,,,
C948,CC(C#CC1(O)CNCN1)C,,,,,
C949,N1CNNC(C2CCC(O)(CC#C)CC2)N1,,,,,
C950,CC=CC(=O)CC1NNNNC1C1N(c2cc[nH]n2)NNCC1,,,,,
C951,N1C(c2cccc(C)c2)NNC(C2CNNNC2)N1C1CCCCC1C,,,,,
C952,N1N(C2CCC(N)CC2)NC(C#N)CC1,,,,,
C953,N1NCC(C2C(O)CCCC2)C(CC2CCCC(n3cccn3)C2)C1,,,,,
C954,N1CC(C2(C3NCCNC3)CNCN2)(c2cnncn2)CCC1,,,,,
C955,C1(C2CCCC(C)C2C)CNCCN1,,,,,
C956,C#CN[N+](=O)[O-],,,,,
C957,N1(O)CNNCN1,,,,,
C959,C1CNCC(CC2CCCC(C3CC(C4CNNN4)CCC3O)C2C=N)N1,,,,,
C960,N1NNC(c2cnncc2)CC1,,,,,
C961,N1C(C2CCC3C(c4ncccc4)C(C4NNNC(C=N)N4)CCC3C2)CCCC1,,,,,
C962,C(C#COO)C,,,,,
C963,C1C(CCC)CC2CCCC(C3(C4NNNN4)CNCN3)C2C1,,,,,
C965,C=CC1N(c2cnncc2)NCNN1,,,,,
C966,C1CCCC(C=NN2CCN(n3cncn3)C2)C1C=O,,,,,
C967,C1CNN(c2ccn[nH]2)N1,,,,,
C968,N1(c2c[nH]cn2)CNCCC1,,,,,
C969,N1CNCN(c2nnn[nH]2)N1,,,,,
C970,C1CCC(C2NCCN2)CC1(O)C1CCCCC1,,,,,
C971,C1CNCN1c1ccccc1C,,,,,
C972,N1(C2N(c3c[nH]nn3)NCNC2)CCNC(C2CCNN2)N1,,,,,
C973,C1CNN(C(=O)NC2CNNN2)N1C(=O)OCC#C,,,,,
C974,CC(C)OOn1cccn1,,,,,
C975,C(C1(O)CCC(C2CC(O)(C#N)CCC2)CC1)C1NNCNC1,,,,,
C976,N1CN(C2NN(C(=O)[N+](=O)[O-])N(NN)C(O)N2)CNN1,,,,,
C977,N1NNNC(C(=O)CC2C(N=NO)NNNC2)C1,,,,,
C978,N1CNCC(C(=O)O)C1,,,,,
C979,CCc1nncnn1,,,,,
C980,CCC1CCCC(C)(N=[N+]=[N-])C1c1nc[nH]n1,,,,,
C981,C(C1CCCCC1)C1(C2CCCCC2O)C(c2c[nH]nc2)CCCC1,,,,,
C982,N1CNN(c2cnccc2)CN1,,,,,
C983,N1(C2CC(CC#C)CC3C2CCCC3N2CN(c3cnn[nH]3)NN2)CCCCC1,,,,,
C984,CCC=CC1(c2nnn[nH]2)CCCC(C)C1,,,,,
C985,C(C#CNNC1C(c2cc[nH]n2)NNN1)C1NCNCN1,,,,,
C986,N1CCNCN1c1cnncc1,,,,,
C987,N1NC(C2CN(NN3CN(c4cnncn4)CN3)CCC2)CCC1,,,,,
C988,CCCC1C(N=O)C(O)CCC1,,,,,
C989,C(C#Cn1cncn1)C(=O)[N+](=O)[O-],,,,,
C990,N1(NC(=NO)N)CNCNN1C1CCNN1,,,,,
C991,N1(C(=O)OC2NCCNN2)CN(N2CC(CC#C)CN2)CCC1,,,,,
C992,N1CCC(C(=O)O)CC1,,,,,
C993,C(=C)NN,,,,,
C994,C1NN(C#CC)NN1,,,,,
C995,N1(N=N)C(N2CCNN2)CCCC1C1C(O)C(CCC)CCC1,,,,,
C996,C1C(C2CCNN2)NN(C2C(c3ccccc3O)CNN2)C1,,,,,
C997,C1NNNN1c1cnn[nH]1,,,,,
C998,C(C)C(=O)CC1NC(c2ccncc2)CN1,,,,,
C999,N1(C#CC)CCNCN1,,,,,
C1000,C1C(C2CNNCC2)C(C2C(c3ccc(C)cc3)CCC(C)C2)CCC1O,,,,,
C1001,C1(C2(N[N+](=O)[O-])CC(O)CC([N+](=O)[O-])C2)NNNN1,,,,,
C1002,N1(C=C(C)C=CC)N(C2CCCC3C2CCCC3)C(c2ccncc2)CCC1,,,,,
C1003,C1NCN(C2CCCC(C)(N=N)C2)N1,,,,,
C1004,N1(C2NNNN2)NC(C2(c3nnncn3)CCCCC2)CCC1,,,,,
C1005,N1(N=[N+]=[N-])CCCC(C#CC2CCCC3C2C(C#N)CCC3)C1,,,,,
C1006,N1(C2CN(C3CCCCC3N[N+](=O)[O-])CN2)NNNCC1,,,,,
C1007,C(CC=O)CC1C(C2CNCN2)CCCC1N,,,,,
C1008,C(=C)(C)c1nnn[nH]1,,,,,
C1009,N1(C#CCN2CN(c3nnncc3)NN2)C(C(=O)[N+](=O)[O-])NNCN1,,,,,
C1011,N1CN(C(CCC2CCNN2)N=NO)CNC1,,,,,
C1012,N1CC(C2NCNN2)NC(C#C)(c2nccnn2)N1,,,,,
C1013,N1CNNC(C2(C=O)NNCCC2)N1C1NC(c2cnc[nH]2)NN1,,,,,
C1014,N1(c2cnccc2)CCCCC1OC(=O)N,,,,,
C1015,C#Cc1ccncc1,,,,,
C1016,C1CC(C2CCCCC2C)C2CC(OO)CCC2C1,,,,,
C1017,C(=C)(N1CN(N[N+](=O)[O-])CN1)C1CN(CCC)CCC1,,,,,
C1018,C1N(c2cc[nH]n2)NNN1,,,,,
C1019,C=CC=N,,,,,
C1020,N1C(O)C(NC(=N)N)C(C(=O)[N+](=O)[O-])(N2CNNN2)CC1,,,,,
C1021,N1CN(C2NN(CC3(N4CCNN4)CCCCC3)NCN2)CC(c2cnncn2)C1,,,,,
C1022,CC(=CC1NN(C(=O)O)NCC1)Cc1ncncn1,,,,,
C1024,N1NNC(N=O)(c2nnnnc2)C(C=O)(C)C1,,,,,
C1025,CC1C(c2c[nH]nc2)CCCC1,,,,,
C1026,N1NCCCC1n1ccnc1,,,,,
C1028,C#Cc1cnnnc1,,,,,
C1029,N1(C2(c3nccnn3)CCNN2CCC)CNCCC1,,,,,
C1030,C(C(=O)C)CCNC(=N)N,,,,,
C1031,C1NC(C2CNN(C3CCCCC3)N(N)C2)NN1,,,,,
C1032,C1(C2NN([N+](=O)[O-])NN2)C(CC)NN(c2cnnnc2)N1,,,,,
C1033,N1N(O)NNCC1,,,,,
C1034,N1NN(C=O)N(N(C(=N)N)c2nncnc2)C(N)C1,,,,,
C1035,C(=C)C(C#C)C1(n2cccn2)CCNN1,,,,,
C1036,N1(C2CNNCN2)C(NN=N)(c2ccncc2)NCCC1,,,,,
C1037,N1CCCC(c2c(O)cccc2)C1,,,,,
C1038,N1CN(C2CCC(C)CC2C2CCCCC2O)CN(Cc2ccccc2)N1CC=C,,,,,
C1039,N1C(C)CCCC1,,,,,
C1040,C1(C#N)(C2CCC(C)CC2)C(n2cccn2)CC2CCCCC2C1,,,,,
C1041,C1(N=NO)C(CC=C)NNN1,,,,,
C1042,C1NNN(c2nnncc2)N1,,,,,
C1043,C(=C)C(=O)OC1CC(O[N+](=O)[O-])NN1O[N+](=O)[O-],,,,,
C1044,C(C#CCC#C)C1NCNCN1,,,,,
C1045,C1N(C)C(C(=O)C)NN1,,,,,
C1046,N1N(C2CNCN2)N(C2CCNCC2)N(CC#C)C(C#N)C1,,,,,
C1047,C1C(C2NNN(c3ncccc3)N2)NCN1,,,,,
C1048,N1CNC(N=Nc2nncnc2)NN1,,,,,
C1049,N1CNCN(O)C1c1ncn[nH]1,,,,,
C1050,N1CCN(C2(N)NNNN2)CN1,,,,,
C1051,N1(NN)NN(n2cccn2)NC(C#N)C1C(=O)C,,,,,
C1053,CC=Cc1cnc[nH]1,,,,,
C1054,C1CCCC(CC(CC2CCCCC2)(C2CCNN2)[N+](=O)[O-])C1,,,,,
C1055,N1(N=O)CN(CC2CCCCC2)C(C=CC)NC1,,,,,
C1056,N1(N2CCNC2)N(C)NC(c2c[nH]nc2)CC1,,,,,
C1057,N1C(c2c(O)cccc2)CNCN1,,,,,
C1058,CC1CC(NC(=N)N)CCC1,,,,,
C1059,N1(c2ccc3c(c2)cccc3)NN(N[N+](=O)[O-])CCC1,,,,,
C1060,N1CNCN(N=O)C1,,,,,
C1061,N1NC(c2cc(O)ccc2)C(C(=O)[N+](=O)[O-])CC1O,,,,,
C1063,C1(C2NNNCC2)NC(C(=O)O)N(C2N(O[N+](=O)[O-])NNCC2)N1,,,,,
C1064,CC(C)(N=NOC=C(C)c1nncnc1)C1CCC(C)CC1,,,,,
C1065,N1C(N2CCN(c3ccccc3C)N2)NCNC1,,,,,
C1066,C1C(C=C)CCCC1(OCCCc1nnn[nH]1)C#C,,,,,
C1067,CC1(C2CNNC2)CCC(N2C(c3cc(O)ccc3)CCN2)(O)CC1,,,,,
C1068,C1C(C=N)(CCC)CCCC1,,,,,
C1069,N1NCC(OO)CC1,,,,,
C1070,C1CNC(C2NNN(C(=O)c3nncnn3)CN2)CN1,,,,,
C1071,C1N(C2CCCCC2)CNN1,,,,,
C1072,N1C(C2NNNC(NN)C2N2CCNN2)NN(CC)CN1,,,,,
C1073,C1(C(=O)N)CC(C2CCNN2c2nncnn2)CC(OC(=O)N)C1O,,,,,
C1075,C1C(C2NNNCN2)NN(C2N(CC=C)CNN2)N1,,,,,
C1076,C1CCC2CC(c3cccc(C)c3)CCC2C1N1CNCN1,,,,,
C1077,C1N(C2(C3CC(OC4NNNNC4)CCC3)CCCC(C)(Cc3ccccc3)C2)CNN1,,,,,
C1078,N1NNCCC1c1ccc2ccccc2c1,,,,,
C1080,C(#C)C#N,,,,,
C1081,C(C=C)N1C(O[N+](=O)[O-])CNN1,,,,,
C1082,C(=C)c1nnncn1,,,,,
C1083,CC1CN(c2cnccc2)NCC1,,,,,
C1084,N1(OC(=O)N)CN(c2nnnnc2)C(OO)CC1,,,,,
C1085,C1C(C2CNNCC2)C(C=O)CCC1,,,,,
C1086,C1(C2CNCCC2)(n2cccn2)CCCCC1O,,,,,
C1087,C1C(C2CCCCC2Oc2nnccc2)CC2(NC(=N)N)CCCCC2(C2NCNN2)C1,,,,,
C1088,C(C)N(C=C(C)N1CCNC1)c1ccc2c(c1)cccc2,,,,,
C1089,C(C#C)(N([N+](=O)[O-])C1CCCCC1)(CCC)C#N,,,,,
C1090,N1(N)C(c2cc(O)ccc2)N(C(=O)O)CNN1O,,,,,
C1091,CC(C)CC1(C=CC)CCCC(c2nccnn2)C1,,,,,
C1092,N1CNN(C(=N)c2c[nH]nc2)CN1,,,,,
C1093,C1NC(C2NC(c3ccc4ccccc4c3)CN2)N(C(=O)C)N1,,,,,
C1095,N1CNCCC1C1N(c2c[nH]cn2)CNN1,,,,,
C1096,N1CN(C2NN(c3c[nH]cn3)N(C3CCNN3)N2)CNN1C1NNCNC1,,,,,
C1097,C1CCC2(C=Nc3nccnn3)CCCCC2C1,,,,,
C1098,C1N(CC=C)C(c2ccccc2C)N(C2CNCCC2)N1,,,,,
C1099,C(C#C)(C#N)c1cnnnc1,,,,,
C1100,C(C(C)C(=O)O)N1C(C(=O)O)NCN1O,,,,,
C1101,CC=CNNC1C(N2CCNN2c2ccc(C)cc2)CC(C)CC1,,,,,
C1102,N1(C=C)CNC(N=[N+]=[N-])N(C=C)N1,,,,,
C1103,C1CCCC(C2CN(N=N)CN2)C1(O)C,,,,,
C1104,CC(C1NN(C2CNNCC2)NN1)c1ccc2c(c1)cccc2,,,,,
C1105,C(C#CN)OC(=O)Nc1nncnn1,,,,,
C1106,C1(O)NCN(NC(=NO[N+](=O)[O-])N)N1,,,,,
C1107,N1C(C2NCC(OO)NN2C2NNNNC2)NCCC1,,,,,
C1108,N1CN(C2(N=NO)NC(CC#C)(n3cncn3)NN2)CCC1,,,,,
C1109,Cc1ncc[nH]1,,,,,
C1110,C1CNNC1C,,,,,
C1111,N1(C=N)NNC(C2C(C3CNNN3)CC(O)CC2)CC1,,,,,
C1112,N1C(c2nc[nH]n2)CC(C#CC)(C2NNNCC2C)CC1,,,,,
C1113,C1(CC2CCC(C=CC)CC2)NNNN1C1N(C(=O)O)NCNC1,,,,,
C1114,N1CCNCN1CC=CC1CN(n2cnnn2)CN1,,,,,
C1115,C(CC(=O)CC=N)N1CCNN1,,,,,
C1116,N1C(C2C(O)CCCC2)C(C(=O)O)(c2nncnc2)CCC1,,,,,
C1117,C1CCC(CC#Cn2ccnc2)CC1N=NO,,,,,
C1118,N1CN(N=[N+]=[N-])CNC1NC(=N)NO,,,,,
C1119,N1CN(N=O)C(C)CC1,,,,,
C1120,C1CCC2(N=NO)CCCCC2C1,,,,,
C1121,C(C#C)(C1NNN(c2cc[nH]n2)CN1)C1NN(C2CNNCC2)CNC1,,,,,
C1122,N1(C2NNNN2)NN(N2CCNC2)CC(N)C1,,,,,
C1124,N1C(C2(C3NNCN(C=O)N3)CCC(N3CCNN3)CC2)NCNN1,,,,,
C1125,N1NNC(CC#C)CC1,,,,,
C1126,C(#C)C1CN(C2NCC(C3(c4ncncn4)CNNN3)NN2)NN1,,,,,
C1127,N1CCNC(O)N1,,,,,
C1128,C1(c2cc(O)ccc2)CCCCC1(OC(=O)[N+](=O)[O-])NN,,,,,
C1129,C(CC)C1(c2cnn[nH]2)C(O)CCCC1,,,,,
C1130,C1(O)(C=C)CN(COO)CN1,,,,,
C1131,N1CCC(N2C(C3(C4NNNCN4)C(O)CCCC3)NNN2)CC1c1cnn[nH]1,,,,,
C1132,N1NN(C2CCC([N+](=O)[O-])C(C)C2)CC(C=CC)(c2nncnc2)C1,,,,,
C1133,C(CC#N)C1CC(C2CCCC(c3c[nH]nn3)C2C)CC2C1CCCC2,,,,,
C1134,C1CN(CC#C)N(C2CCN(C#C)N2)N1c1cnc[nH]1,,,,,
C1135,C1CCC(C#C)C(c2cnncn2)C1,,,,,
C1136,N1CNNCN1C1C(C2C(C=C)CNCC2)CCCC1O,,,,,
C1138,C1CNCN1c1c[nH]nn1,,,,,
C1139,C1CNCCN1c1ccc2c(c1)cccc2,,,,,
C1140,C1N(N=N)CNN1,,,,,
C1141,C1(C(=O)OOO)NNNN1,,,,,
C1142,CC=Cn1ccnc1,,,,,
C1143,C(C#CC=C)c1nccnn1,,,,,
C1144,CC(=CC=C)C1CCC(O)CC1,,,,,
C1146,C1CN(C(=O)O)NC1,,,,,
C1147,CC1(N)CC(C2CNCN2)CCC1,,,,,
C1148,N1CCN(C#C)CN1C1CNN(c2c(O)cccc2)N1,,,,,
C1149,CC#CN[N+](=O)[O-],,,,,
C1150,CCCn1ccnn1,,,,,
C1151,C1CCCCC1n1ccnc1,,,,,
C1152,C(=C)C1NNNNC1c1nccnn1,,,,,
C1153,C1CCC2CCCC(C(=O)O)C2C1,,,,,
C1154,C(NC(=N)N)c1ccccc1O,,,,,
C1155,C1CCCC(C2CNNN2c2cnnnc2)(C2CCNN2)C1O,,,,,
C1156,N1CCN(N2CCCN2)CN1O[N+](=O)[O-],,,,,
C1157,N1(NC(=NC2CNCCC2)N)N(c2c[nH]nn2)NNCC1,,,,,
C1158,N1C(c2ncc[nH]2)NCCC1,,,,,
C1159,N1CC(c2ccccc2O)N(C2NC(C3CNNN3)CN2)CN1,,,,,
C1161,C1(c2ncncn2)CC(C(=O)O)CC(C#N)C1O,,,,,
C1162,N1C([N+](=O)[O-])NCNN1C1CCNC(c2nccnn2)C1,,,,,
C1163,C1(c2ncccc2)N(CC2CCCCC2)CNN1,,,,,
C1164,C(C1CCC(OO)C(n2cnnn2)C1)CCC,,,,,
C1167,N1(CC2CCCCC2)N(C=C)NC(C2NCNN2)CC1,,,,,
C1168,C1(C=CC)CCC(C(=O)N)CC1,,,,,
C1169,C(#C)C=CC1(c2cccc(C)c2)CN(C2CCCC(C)C2)NNC1,,,,,
C1170,N1CCCC(CC2CCCCC2)C1n1cccn1,,,,,
C1171,N1N(N)NNC(C2NN(n3cnnn3)NN2)C1,,,,,
C1172,N1N(C2CNNC(c3c[nH]cn3)N2)NC(C2CCNN2)CC1C#C,,,,,
C1173,C1(N[N+](=O)[O-])CNCCN1,,,,,
C1174,N1CC(O)C(c2nncnc2)CC1,,,,,
C1175,C1CC(C=N)CC(c2ncncn2)C1O,,,,,
C1176,C(C(=C)N=Nc1ncccc1)(C=O)NN,,,,,
C1178,N1NC(C2CCCC3C2C(C(=O)N)C(NN)CC3)CCC1,,,,,
C1179,N1(n2cnnn2)C(C2NNCCC2)CCCC1,,,,,
C1180,C(C=C)n1ccnn1,,,,,
C1181,N1C(N=N)NCNN1,,,,,
C1182,C(=C)(N=O)CCCC1NNN(c2ccc3c(c2)cccc3)CC1,,,,,
C1183,C1C(n2cnnn2)CCCC1,,,,,
C1184,C1NCNN1C1CCCC(c2ccn[nH]2)C1O,,,,,
C1185,C(CC)n1ccnn1,,,,,
C1186,C1(C2CNNN2)C(C(=CC)C#C)NNN1,,,,,
C1187,C1(c2ncncn2)CNCCN1,,,,,
C1188,C1C(C2CCNN2)(c2nnncc2)N(N[N+](=O)[O-])CN1NN,,,,,
C1189,C1CC(C)C2C([N+](=O)[O-])CCCC2C1NC(=N)N,,,,,
C1190,C(C1C(N=NO)C(OC(=O)N)CCC1)C=C,,,,,
C1191,N1(C=C)CNCC(OO)C1,,,,,
C1192,C1NNN(C=O)N1,,,,,
C1193,C1NC(c2cc[nH]n2)NN1,,,,,
C1194,C(C(=C)C1N(N)CCNN1)C1(C#N)CCC(C)CC1,,,,,
C1195,N1(c2nncnc2)CCN(C2(CC3CCCCC3)CCC(C)CC2)CN1,,,,,
C1196,N1CC(N=O)(C2C(O)NCN2)CCC1C1NCCN1,,,,,
C1197,N1(CC)CNCNN1,,,,,
C1198,C(C#CNNN=NO)([N+](=O)[O-])c1ccn[nH]1,,,,,
C1199,N1CNC(NC2CC(N3CNCN3)CC3C2C(n2cccn2)CCC3)NC1,,,,,
C1200,N1NNCC(N2C(c3ccc(O)cc3)CCN2)C1,,,,,
C1201,C1CN([N+](=O)[O-])NC1C1CCCCC1C,,,,,
C1202,C1NNNN1C1N(C#N)CCNC1,,,,,
C1203,C(#COC(=O)O)C1NCC(CCC)NN1,,,,,
C1204,N1CCCC(C2NCCC(C3C(N=[N+]=[N-])CC4CCCCC4C3)C2)C1,,,,,
C1205,C(C#C)(O)C1NNCN(O[N+](=O)[O-])N1,,,,,
C1206,CCCC#N,,,,,
C1207,C1(NC(=Nc2cc[nH]n2)N)CCCCC1,,,,,
C1208,C(#CC(C1CC(N=O)CCC1)C1CCCCC1)c1ccccc1C,,,,,
C1209,C1(C#C)CCCC(N=[N+]=[N-])C1OC#CCC1CNNCC1,,,,,
C1210,N1CNNC(C=O)N1c1ccccc1O,,,,,
C1211,C1CCC(C#CC)C(C#CC)C1(O)N1CCNC1,,,,,
C1212,C(C#CC)c1ccccc1O,,,,,
C1213,C1CN(O)CN1,,,,,
C1214,CC#CC1C(C(=CC)c2cc[nH]n2)NCN1,,,,,
C1216,N1CC(C2NN(OC(=O)N)NN(c3ncncn3)C2)NCN1,,,,,
C1217,CC1C(c2ncncn2)NCN1,,,,,
C1218,N1(Cc2ccccc2)NNCC(C2NNNNC2)C1,,,,,
C1219,C1CC(C2NCCN2O)CCC1,,,,,
C1220,CC(Cc1cnnnc1)C1CCC(NN)C(C)C1,,,,,
C1221,C(=CC1CCCCC1)N=NN1CNNN1,,,,,
C1222,C1C(c2cc(O)ccc2)NCCN1,,,,,
C1223,C1CCCC(C2(C)NNN(C(=O)N)CC2)C1(O)N=[N+]=[N-],,,,,
C1224,N1NCCCC1C1CCCC(CC2(N=N)CNCN2)(C2NNCNC2)C1,,,,,
C1225,N1(O)NC(n2ccnn2)C(N2CNCN2)CC1,,,,,
C1226,C1CCCC(C2NNN(C)NC2)C1,,,,,
C1227,C#CN(N)C#CC,,,,,
C1228,C1(C2CNNN2)(n2cccn2)NNN(C2CNCCC2)N1N=NO,,,,,
C1229,N1(NN)CC(C2NCNCN2C(=O)O)CCC1,,,,,
C1230,C(CC1C(O)CCCC1)(C1CNN(N)N1)C#N,,,,,
C1231,N1(C)CNC(CC)N(N2CN(C)CN2)N1,,,,,
C1232,N1(C2(OC(=O)N)CCC(O)CC2)CNCCC1c1nccnn1,,,,,
C1233,N1NCCC(c2cccc(C)c2)C1,,,,,
C1234,C1(C2NNCNC2c2cnccc2)CNC(C)CN1,,,,,
C1235,C1N(n2cccn2)N(C2CCCCC2)NN1,,,,,
C1236,C1(N2CNCN2)NCN(c2ncccc2)N1,,,,,
C1237,C1CCCCC1(O)c1c(O)cccc1,,,,,
C1238,N1N(c2nnnnc2)CC(C2NCNN2)CC1,,,,,
C1239,N1C(C2NNNCN2OC(=O)N)N(C2NNCNC2)C(C(=O)[N+](=O)[O-])NC1,,,,,
C1240,CC1CC(c2nnccc2)CCC1,,,,,
C1241,C1CCC2CCC(C3CCNN3)C(C#CC)C2C1,,,,,
C1242,N1CNC(C=N)CC1,,,,,
C1243,N1CCCC(N2CC(c3nncnn3)NN2C2CNNCC2)C1,,,,,
C1244,C1(c2cnncn2)CNNN1,,,,,
C1245,CC1CCCC(C2NNCNC2)C1c1cnnnc1,,,,,
C1246,C1CNC(c2nnncc2)N1,,,,,
C1247,CC1CC(c2ccc(C)cc2)CCC1C1NCCNN1C1NCNCN1,,,,,
C1248,C1(C(=O)O)C(NC(=Nn2ccnc2)N)N(CC)NC1,,,,,
C1249,C1(C2CCNCC2)CN(CC#C)NN1N=O,,,,,
C1250,C(#C)C1C(c2cnc[nH]2)NCN1,,,,,
C1251,C(C#C)c1c[nH]nc1,,,,,
C1252,C1C(C2N(C3CNCN3)CCN2)CCC(n2cnnn2)C1,,,,,
C1253,C1(C2CNCCC2)CCC2C(c3ccn[nH]3)CC(C3CCCC(C)C3C3CCC4C(C3)CCCC4)CC2C1,,,,,
C1254,N1(C(=O)[N+](=O)[O-])NCC(C2CC(c3ccc(C)cc3)C3C(C4CNCCC4)CCCC3C2)CC1,,,,,
C1255,CC1(C2C(O)C(c3ccc(O)cc3)CCC2)CCCCC1,,,,,
C1256,C1(C2NCCNN2)(n2ccnn2)CC(CC#C)CCC1,,,,,
C1257,N1CCC(c2cnnnc2)CC1,,,,,
C1258,N1CCNC(C(=O)C)N1NN,,,,,
C1259,C1(C2CCC3C(CC#C)CCCC3C2)CN(C2NCNCN2)CN1,,,,,
C1260,C1(N)(C2NNNNC2)NNN(C2N(O[N+](=O)[O-])CCNC2)N1,,,,,
C1261,C(C(C)N=[N+]=[N-])c1cnncn1,,,,,
C1263,C(#CN[N+](=O)[O-])C1CC(O)CC(N=O)C1,,,,,
C1264,C(C#C)N1C(Cc2ccccc2)NN(C2(N[N+](=O)[O-])CCC(C)CC2)N1,,,,,
C1266,N1CN(N2CCCN2c2ccc(C)cc2)CN(N)N1,,,,,
C1267,C1(CCC(OC(=O)NN2CCNC2)CCC)CNNC1,,,,,
C1268,N1(C#N)CNNCN1,,,,,
C1269,N1C(C2CCNN2)(C#CC#C)NNCN1,,,,,
C1270,C(C1(C2NCCN2)CCCCC1)c1ncn[nH]1,,,,,
C1271,N1(N=NO)CC(c2ccc(O)cc2)N(CC2CCCCC2)CN1,,,,,
C1272,N1(C2NNCNN2)CNN(C2NC(C3CNNC3)CN2)C(c2ncncn2)N1,,,,,
C1273,N1N(C2(c3cc[nH]n3)NNCCC2)NNCC1,,,,,
C1274,C(#C)c1cc[nH]n1,,,,,
C1275,CC(C)C1N(C2CNNCC2)CC(C2NNNN2c2cccc3c2cccc3)CC1,,,,,
C1276,N1C(N2CCNC2)NC(c2cnccc2)NC1NN,,,,,
C1277,N1N(N=NCC#C)NNCC1N=O,,,,,
C1278,CC(N1CCNN1)C(C=C)c1cnc[nH]1,,,,,
C1279,N1CC(N2CNCN2)CCC1C1(c2ccncc2)NCNN1,,,,,
C1280,C(#CC1NCCNN1N=NO)N1CCN(OC(=O)N)N1,,,,,
C1281,C1CC(C2NNCNN2)C2CCCC(c3c(O)cccc3)C2(CCC)C1,,,,,
C1282,C1CNN(C#CC)C1(CC=C)O,,,,,
C1283,C1C(C2CNCC(c3nccnn3)C2)(NC(=N)N)CCCC1O,,,,,
C1284,C1CCC2C(C=O)CC(N3C(N)CNC3)CC2(C2CCNN2)C1,,,,,
C1285,N1CNNC(C2N(C3N(C#CC)NCN(C4CNCCC4)N3)CNN2)N1,,,,,
C1286,CC1C(N(C(=N)N)C2N(c3cnncn3)CNCN2)CCCC1C1CNCN1,,,,,
C1287,C(C=CC)(C1(C#CC)CNNN1)c1nncnn1,,,,,
C1288,C1CC(CC)CC(C2NCCCC2)C1N=[N+]=[N-],,,,,
C1289,C1(C2NNC(n3cccn3)NN2O)CCCC(C(=O)C)C1O,,,,,
C1290,CC1NNCNC1C(=O)N,,,,,
C1291,CC(C)C1(C2NNCNN2[N+](=O)[O-])NNCC(C2NCCNN2)C1,,,,,
C1293,C(C#C)OO,,,,,
C1294,N1CNC(C=CC)NC1C,,,,,
C1295,N1CCC(C2NCNN2C=CC)CC1C1NCCN(N=[N+]=[N-])C1,,,,,
C1296,N1N(c2ncn[nH]2)NCCC1,,,,,
C1297,C1CCCCC1c1ccc(C)cc1,,,,,
C1298,C#Cc1cc[nH]n1,,,,,
C1299,CC(C)c1cnncc1,,,,,
C1300,C1N(CC=C)N(C2N(C3CNNN3)CNN2)NN1,,,,,
C1301,N1(NN)NNC([N+](=O)[O-])CC1c1ncn[nH]1,,,,,
C1302,C(=Cc1cnnnc1)CNC(=N)N,,,,,
C1303,N1(C2CCNCC2)NNC(C2NNNNC2)(C=C)CC1,,,,,
C1304,C1CNC(c2cc[nH]n2)CN1,,,,,
C1305,C(#CC(=CC)C1NNNNC1c1nnncc1)C1CNNN1,,,,,
C1306,N1CC(C2NCC(NC(=N)N)N2)CCC1(C=N)C#N,,,,,
C1307,C1N(C)CNN1C1CCC(O)C(N2CNCN2)C1,,,,,
C1308,CC1CCCCC1(C=N)N1CNC(c2ncccc2)N1,,,,,
C1309,C1NCNN1N,,,,,
C1310,N1(C2CN(O)C(c3cnc[nH]3)CC2)CNCNN1,,,,,
C1311,N1(c2nncnn2)N(C2N(C3CCCCC3)CNN2)C(C2CNCCC2)CCC1,,,,,
C1312,N1C(O)CN(C2CCC3C(C2)CCCC3(N=O)c2nnn[nH]2)CN1,,,,,
C1313,C1(N=NOc2ncccc2)CCC(N=NCC#C)CC1O,,,,,
C1314,C1(NN)(N=N)CCC2CCCCC2C1N1CNN(c2ncc[nH]2)N1,,,,,
C1315,N1C(C2CCC(O)(C3(c4ccc(O)cc4)NCCNN3)CC2)CCCC1,,,,,
C1316,C1(OC(=O)N)CNCN1O,,,,,
C1317,CC1NNCN(n2cccn2)C1C=O,,,,,
C1318,N1(c2c[nH]nn2)CNCC([N+](=O)[O-])C1,,,,,
C1319,N1(CC#C)C(C2NNC(C3CCCCC3)CC2)CN(C(=O)O)CN1,,,,,
C1320,N1(C=O)CNCCC1,,,,,
C1321,N1CC(C(=O)Cc2cc(O)ccc2)CCC1,,,,,
C1322,N1CNCNC1C1NN(C2NNNN2)N(c2cnn[nH]2)CC1,,,,,
C1323,C(C1CNCN1)N1CC([N+](=O)[O-])NN1,,,,,
C1324,N1(C2(N=O)CNNN2)CC(C2NCNN2)NCN1,,,,,
C1325,CC1CCCC(c2cc[nH]n2)C1,,,,,
C1326,N1CCCCC1C=O,,,,,
C1327,N1NCCCC1C,,,,,
C1328,N1CNC(O)NC1,,,,,
C1329,CCCOC(=O)N,,,,,
C1330,N1CN(C2(c3ccn[nH]3)NCCNN2)CNC1,,,,,
C1331,N1(N2CNCN2)N(C2NC(C)NN2)NC(C(=O)[N+](=O)[O-])CC1,,,,,
C1332,C1CN(C2CCCC3C2CCCC3)CCN1c1cnnnc1,,,,,
C1333,N1(C(=O)N)CNN(C2NC(c3ncncn3)NN2)CN1,,,,,
C1334,C1([N+](=O)[O-])C(CC)NC(O)N1C(=O)O,,,,,
C1335,C1N(C(=O)Oc2cnncc2)N(C2C(C#N)NCN2)NN1,,,,,
C1336,C1N(C2(OC(=O)Nn3ccnn3)CCCC3C2CCCC3)NNN1,,,,,
C1337,C1CN(N2CC(C3NN(n4cccn4)NCN3C3NCNN3)NN2)CN1,,,,,
C1338,N1C(C#Cc2cc[nH]n2)NCNN1,,,,,
C1339,N1NN(N(C(=NN=N)N)C(=O)C)C(c2ncccc2)CC1,,,,,
C1340,N1NNN(Cc2ccccc2O)CC1N=NO,,,,,
C1341,C1C(N)(C2C(O)CCCC2)NNN1c1c(O)cccc1,,,,,
C1342,N1CCCC(c2ccc(C)cc2)C1,,,,,
C1343,CC=Cc1cnc[nH]1,,,,,
C1344,C(C=C)C1N(c2cccc(C)c2)CNN1,,,,,
C1345,C1NCNN1C1NN(CCC)C(c2ccncc2)NN1,,,,,
C1346,C(CC)(N=N)Cc1ccccc1,,,,,
C1347,N1(N=NO)C(C2(n3cnnn3)NCCNC2)N(NC(=N)N)NCN1,,,,,
C1348,C1(c2cnncc2)C(C(=O)O)NN(C2CC(O)C(C3NCCN3)CC2)N1,,,,,
C1349,C1C(C2NNCCC2)(C(=O)O)CC(C2CCCCC2)CC1O,,,,,
C1350,C=Cc1ccc2ccccc2c1,,,,,
C1351,C1CCC2(C(=O)[N+](=O)[O-])CC(C3NNNNC3)CCC2C1,,,,,
C1352,C1(C2CNNCC2)(C)CNN(C2(c3cccc4c3cccc4)C(O)CCCC2)C1,,,,,
C1353,C(#C)c1ccn[nH]1,,,,,
C1354,N1NCCC(C2C(O)(C(=O)C)CCCC2)C1c1ncncn1,,,,,
C1357,N1CCNCN1c1c[nH]nn1,,,,,
C1358,N1NNC(N2C(C3CCCCC3)CNC2)CC1,,,,,
C1359,C(C(CC(=O)C)c1ncccc1)N=NO,,,,,
C1360,C(C1CCCCC1)(OOC1NNNNC1)c1nncnn1,,,,,
C1361,C1CCCC(N=N)C1,,,,,
C1362,N1NNCC(C2CC(CC)NN2)C1C,,,,,
C1363,C(C1CC(C2NNNNC2)(N=NO)CCC1)C,,,,,
C1364,C1(C2NNNNC2)C(C2C(C3(c4nncnn4)CNNCN3)CNCC2)CCCC1O,,,,,
C1365,C1(N=[N+]=[N-])(C2CNNN2C2C(O)CCCC2)CCCC(c2cccc3c2cccc3)C1,,,,,
C1366,C(C#C)C1CNNC(C=O)C1CC=C,,,,,
C1367,N1C(N[N+](=O)[O-])NCCC1,,,,,
C1368,C1CN(O)C(C=CC)(N=NO)N1C1C(O)CCCC1,,,,,
C1369,C(#CC(=O)O)C1C(C2(C=N)NCCNC2)CC(O)CC1,,,,,
C1371,N1CC(c2nnn[nH]2)CCC1,,,,,
C1372,N1(N)C(O[N+](=O)[O-])NNCN1C1CCNCC1C(=O)[N+](=O)[O-],,,,,
C1373,C1NNN(CC2C(C)C(N=NO)CCC2)N1,,,,,
C1374,C1(C2NCNN2)(C2NNC(c3cnccc3)NC2)CNN(C)C1,,,,,
C1375,C1CCCCC1OC(=O)[N+](=O)[O-],,,,,
C1376,N1(CC2(N=O)CCCCC2C)CNC(c2ccccc2C)NN1,,,,,
C1377,N1N(C#N)NC(C2CCC3CCCCC3C2)CC1,,,,,
C1378,C1CC(c2cnncc2)C(C2CCNN2)CC1,,,,,
C1379,C(C#CO)N=N,,,,,
C1380,N1CNCNN1C1(C(=O)NC(=O)C)CNNC(N2CNNN2)N1,,,,,
C1381,N1CNNC(C2NN(C(=O)O)NNC2)N1,,,,,
C1382,C1(N)CC(N2CCNC2)C2CC(CC)CC(n3cnnn3)C2C1,,,,,
C1383,N1(C)NNC(C2CCC3C(C2)CCCC3C2CCC(O)CC2O)CC1,,,,,
C1384,N1CNN(C2(C3NCNN3)NCC(C3CCCC4(c5cnnnc5)C3CCCC4)CC2)CN1,,,,,
C1385,N1C(C2NN(OC3CNCN3c3ccc(C)cc3)NN2)NCNN1,,,,,
C1386,C(C)(C1NCNCN1)c1cnc[nH]1,,,,,
C1387,C(C1(C2NNCNN2)CC(C)CCC1)Nc1nncnc1,,,,,
C1388,N1C(N=NO)NCCC1,,,,,
C1389,N1(OC(=O)N)NCC(N2CCCN2)CC1,,,,,
C1390,C1CCC(O[N+](=O)[O-])CC1C1NCCN1N=[N+]=[N-],,,,,
C1391,N1NNCC(CCN)(N2C(c3nccnc3)NCN2)C1,,,,,
C1392,C1(C2NCNC(CC3CCCCC3)N2)(O)CC(C2CCC(O)CC2)CCC1,,,,,
C1393,N1NNNCC1C1NCC(N=O)CC1,,,,,
C1394,C(#CC(=O)[N+](=O)[O-])CC#CO,,,,,
C1395,C1CN(c2cnccc2)NC1,,,,,
C1396,N1CN(C(=C)C2C(C3NN(c4cccc(C)c4)NN3)CC(O)CC2)CNN1,,,,,
C1398,N1(C=C)CNNCN1c1c[nH]nc1,,,,,
C1399,C1CC(C2([N+](=O)[O-])NNCN(C#N)C2)CCC1C#N,,,,,
C1400,CCCOC(=O)NO,,,,,
C1401,CC1CCC(c2ccccc2O)C(N=O)(C2C(C(=O)O)NCN2)C1,,,,,
C1402,C1CNCN1C1C(C(=O)[N+](=O)[O-])CC(C)CC1c1cnncc1,,,,,
C1403,N1(C2(N[N+](=O)[O-])CCNCC2)NCCCC1,,,,,
C1404,C1NCNN1C1C(C2CCC(O)(C3NNCNC3)CC2)CC(O)CC1N=N,,,,,
C1405,C1CN(C(=O)[N+](=O)[O-])CCN1,,,,,
C1406,C1N(OO)NNN1C1CC(O)CCC1,,,,,
C1407,C(C#CN[N+](=O)[O-])C1C(OC=N)CCCC1,,,,,
C1408,CC1(O[N+](=O)[O-])CC(C2(c3cccc4c3cccc4)CCC3C(C2)CCCC3)C(N=[N+]=[N-])CC1,,,,,
C1410,N1CN(C(=O)OC)CC(CC2CCCCC2)C1,,,,,
C1412,N1CN(N2C(c3ccc(O)cc3)NCN2)CCC1,,,,,
C1413,C(C1CNCN1)OC(=O)N,,,,,
C1414,C1CC(CC=C)CCC1(ON)C1CCCC(C)C1,,,,,
C1416,C1(C2(C3CNNNC3)N(C(=O)O)CCN2)CCCCC1[N+](=O)[O-],,,,,
C1417,N1(C2CC(C(CC)c3ncccc3)NCC2)CNCCC1C=CC,,,,,
C1418,N1NC(C2C(C3NN([N+](=O)[O-])CCC3)NNNC2)CCC1,,,,,
C1419,C(=C)C1CCC(C)CC1OOc1nc[nH]n1,,,,,
C1421,N1(C2NNC(OC(=O)N)(c3cnncc3)CC2NN)CCNCN1,,,,,
C1422,C1NN(N2CCNN2C2NCCN(c3nc[nH]n3)N2)NN1,,,,,
C1423,C1CCC(CCCc2nnnnc2)CC1,,,,,
C1424,CC#COC(=O)Nc1cnccc1,,,,,
C1425,CCCC1N(c2cnncc2)CCNN1,,,,,
C1426,N1(C(=O)O)CNCC(C2NCCNC2)C1N=O,,,,,
C1427,N1CCC(c2ncncn2)CC1,,,,,
C1428,N1CN(N)CNN1C1(c2ncn[nH]2)CCCCC1O,,,,,
C1429,N1NNNC(c2nnnnc2)C1,,,,,
C1430,N1(C2CCCC(C)C2)CNC(c2ccccc2O)NC1,,,,,
C1431,N1NC(c2nccnn2)CCC1,,,,,
C1432,N1CCNCN1c1cc(O)ccc1,,,,,
C1434,N1(C2NC(C3CCN(c4ccc5ccccc5c4)CC3)CN2)CNCN(CCC)N1,,,,,
C1435,C1CNC(CC=C)N1,,,,,
C1437,C(C=C)C1(N[N+](=O)[O-])NNN(C2CNNNC2[N+](=O)[O-])N1,,,,,
C1439,N1CN(C(=O)[N+](=O)[O-])CCC1,,,,,
C1440,N1C(C(=O)N)NNC(CC)N1C1CNNNC1,,,,,
C1441,N1CCN(C=C)CN1C1CN(c2ccc3c(c2)cccc3)N(OC(=O)N)NC1,,,,,
C1442,N1(N=[N+]=[N-])C(C2CCCC3C2(c2ncn[nH]2)CCCC3)NNCN1,,,,,
C1443,C1CCCC(C2CC(O)CCC2O)C1O,,,,,
C1444,N1(c2ccn[nH]2)C(C2CNNNC2)N(C(=O)O)CCC1,,,,,
C1445,N1(NC(=N)N)NNNCC1,,,,,
C1446,N1CN(C#N)C(C2CCCCC2OO)NC1,,,,,
C1447,C(#C)NN,,,,,
C1448,C(C1NNNN1)N=NOc1ccccc1C,,,,,
C1449,C1C(N([N+](=O)[O-])CC=C)NNC1,,,,,
C1450,C1CC(C2N(C=C)CNCN2)CCC1O,,,,,
C1451,N1CN(C=C)CNC1,,,,,
C1452,Cn1ccnc1,,,,,
C1453,CCC(N1C(OC(=O)N)C(C(=O)N)NN1)N=[N+]=[N-],,,,,
C1454,N1NNCC(C2CCCCC2(C)N=N)C1,,,,,
C1455,C1C(C2CCNCC2)NCC(c2cc[nH]n2)N1,,,,,
C1456,CC=CC(=O)CNC(=N)N,,,,,
C1457,C1C(c2nccnn2)NNC1,,,,,
C1458,C1(C2CCCCC2)CNCN1,,,,,
C1459,N1CN(OO)CCC1(C1CCCCC1O)C1CC(O[N+](=O)[O-])CCC1C,,,,,
C1460,N1N(C2(C=N)CCN(C(=O)O)CC2)NCCC1,,,,,
C1461,CC(C)C1CCC(Oc2cc[nH]n2)CC1,,,,,
C1462,C1(C2C(O)(c3nnn[nH]3)CCCC2)CCC(C2CNNN2)C(CC2CCCCC2)C1,,,,,
C1463,C1C(C2NCC(N3CNNN3c3ccccc3O)N2)NNC1,,,,,
C1464,C1NCNN1NC(=N)N,,,,,
C1465,C1C(N([N+](=O)[O-])C2CCC(C)CC2)C([N+](=O)[O-])CCC1(O)C=C,,,,,
C1466,N1CC(NC(=N)N)NCN1,,,,,
C1467,CC1C(NC(=N)N)CC(O)CC1,,,,,
C1468,C(C#C)CC1(C2NCCC(C3NCC(n4cnnn4)NN3)C2)CCCCC1,,,,,
C1469,CC1(C(=O)COO)CCCCC1c1c[nH]nn1,,,,,
C1470,CCC1(N)CCC(O)CC1NC(=N)N,,,,,
C1471,N1N(c2nnncc2)NCCC1,,,,,
C1472,C#CC1(CC#C)NNCN(N2CNNN2)N1,,,,,
C1473,C1C(C2CNCCC2)(C#CC)N(C2CNNC2)CN1,,,,,
C1474,C1C(C)CCC(C2N(C3NCCNN3CCC)NNN2)C1,,,,,
C1475,N1CCCC(C2CCCC3C2CCC(c2nccnc2)C3)C1,,,,,
C1476,CC=C(N1CNNN1)c1nnn[nH]1,,,,,
C1477,C1(n2cnnn2)CNNC1CC(C)N1CCNN1,,,,,
C1478,N1(C2NCCNN2)NNNC(C2C(C3CCNN3)CCC3(c4ccc(C)cc4)C2CCCC3)C1,,,,,
C1479,CC=Cc1ccncc1,,,,,
C1480,N1CNCNC1C(=O)CC1(C2CCC3CCCCC3C2)NCNC(c2ccc3c(c2)cccc3)N1,,,,,
C1481,C1(CC#C)C(C2NC(n3cncn3)CN2)NCN1,,,,,
C1482,C1N(C(=O)C)CNN1O[N+](=O)[O-],,,,,
C1483,CC1NCNN1C#N,,,,,
C1484,C(C[N+](=O)[O-])(C)N=NO,,,,,
C1485,C1CN(C)N(N=NO)N1,,,,,
C1487,C1C(c2ncn[nH]2)CCC(C2NCCCC2)C1O,,,,,
C1488,C1CN(C=CC)NC1,,,,,
C1489,N1(CC=CC(=O)[N+](=O)[O-])CNCNN1,,,,,
C1490,C1(N)CNCN1NN,,,,,
C1491,N1CN(CC)C(C)CC1,,,,,
C1492,C#CC1C(N)C(C2NCCN2)(O)NN1,,,,,
C1493,C1CCCC(C#N)(N=NO)C1,,,,,
C1494,N1CNCN(N2CC(c3nnncn3)NN2)N1,,,,,
C1495,CCc1cccc(C)c1,,,,,
C1496,C1C(C2CCCCC2C2CCCC(C)C2)CCCC1c1cnncn1,,,,,
C1497,C(C#Cn1ccnn1)C1NNNCC1,,,,,
C1499,C(#C)N([N+](=O)[O-])c1nccnc1,,,,,
C1500,N1C(c2ncn[nH]2)N(C2NNCCC2)CNN1,,,,,
C1501,C(C)C1(N2CNNN2)C(Oc2c[nH]cn2)(C2CNCN2)CCCC1,,,,,
C1502,Cc1ccncc1,,,,,
C1503,N1NN(CCC)NC(N2CCNN2C(=O)O)C1,,,,,
C1504,C1NCN(C2C(O)CC(O)CC2)N1C(=O)O,,,,,
C1505,C1(C(=O)[N+](=O)[O-])CCCCC1,,,,,
C1506,N1(C2CCC3C(CC=C)(C2)CCCC3)CNCNC1n1cccn1,,,,,
C1508,C(C1CCCCC1)C1CCCCC1Oc1c[nH]cn1,,,,,
C1509,C1CCC2CCC(C)CC2C1C1NC(N=NO)NCN1,,,,,
C1510,N1(C)NNCCC1C#C,,,,,
C1511,C1CCCC(c2cnncn2)C1,,,,,
C1512,N1C(OC(=O)N)N(C=CC)CN(C2CN(C3CCC4C(C3)CCCC4)CN2)N1,,,,,
C1513,N1CNCNC1n1cncn1,,,,,
C1514,C1(c2ncncn2)NCNN1,,,,,
C1515,N1C(C2(C3N(OC(=O)N)CNN3)NNCCC2)CNC(C#C)N1,,,,,
C1516,N1C(N=NO)N(NN)C(c2ccc(C)cc2)NC1,,,,,
C1517,C1(C2N(C(=O)N)CCC(C)C2)NCNN1,,,,,
C1518,CC(=C)c1nccnn1,,,,,
C1519,C1(C2CCCCC2)NCNN1,,,,,
C1520,N1N(C2CCCCC2O)CCC(C2CC(CC=C)CC3C2CCCC3)C1C1NNCNC1,,,,,
C1521,N1NN(O[N+](=O)[O-])C(C2CCNN2NNc2nncnc2)CC1,,,,,
C1522,C(=C)(N1CNNN1)OC(=O)N,,,,,
C1523,C(C1(OC(=O)N)NCNN1)CCC,,,,,
C1524,N1(C2CNNC2)C(N)CNCN1,,,,,
C1525,N1(CC#C)CN(C2CCNCC2N=O)NC(C)N1,,,,,
C1526,CC1CNCN1N=O,,,,,
C1527,C1CNN(C(C)CC(=C)O[N+](=O)[O-])N1,,,,,
C1528,CC1(C2(C3NCNN3C#CC)NCNN2)NNNN1,,,,,
C1529,N1(C2(c3cnccc3)CNNCN2)CNCNN1,,,,,
C1530,C(CCC(=O)O)C1(N=NO)CCCC(C)C1,,,,,
C1531,N1(C#C)NNN(NC(=NN)N)CC1,,,,,
C1532,C(C(=C)C(=O)O)C1NCNN1,,,,,
C1533,CCCC1(CC#C)N(C2NCNN2)CC(N2CCCN2)CC1,,,,,
C1534,CC(=C)C1(C2NNNCN2)NN(c2nnncn2)CCC1,,,,,
C1535,N1NNC(C)CC1,,,,,
C1536,C1C(CC)NCN1O,,,,,
C1537,C1CN(CC2(C(=O)O)CCCC(CC=C)C2C(=O)N)CN1,,,,,
C1538,N1C(O[N+](=O)[O-])NCNN1c1cnncc1,,,,,
C1539,N1N(C2CNNC2)CC(n2ccnn2)CC1,,,,,
C1541,C1C(NCc2ccccc2)NN(N[N+](=O)[O-])N1,,,,,
C1542,C1CNN(n2cncn2)C1C1CCN(C2NCCN2)N1,,,,,
C1543,N1(C2(C(=O)[N+](=O)[O-])NNCNC2)CCNCN1n1ccnc1,,,,,
C1544,C1N(C2CCNCC2C2CC(O)(Cc3ccccc3)CCC2)CNN1C1CCC(O)CC1,,,,,
C1545,N1CC(C#CN=[N+]=[N-])(Oc2ccc3c(c2)cccc3)CCC1,,,,,
C1546,N1C(c2c[nH]cn2)NCNC1,,,,,
C1547,C1N(C=CC)CN(c2cnn[nH]2)N1,,,,,
C1548,N1CNN(n2ccnc2)CN1,,,,,
C1549,CC1N(C(=C)C2N(OC(=O)N)CNN2)NNN1,,,,,
C1550,N1CCNCN1c1c(O)cccc1,,,,,
C1551,N1CCC(C(=O)[N+](=O)[O-])CC1,,,,,
C1552,N1NN(C2NC(N[N+](=O)[O-])CN2C2(N=NO)CNNC2)CCC1,,,,,
C1553,N1CCNC(C2NCNN2)(c2ccncc2)N1,,,,,
C1555,C1CN(N=O)C(C2CC(c3nccnn3)NCC2)CN1,,,,,
C1556,C1CCC2CC(C#CC)CCC2C1,,,,,
C1557,N1CN(C2CCCC(C)C2C#C)NCN1O[N+](=O)[O-],,,,,
C1558,N1CNCCC1CC1C(C2CC(O)CC(C=O)C2)CCCC1,,,,,
C1560,N1(C2(C(=O)C)NCCNN2c2cnc[nH]2)CN(N2CCNN2)CNC1,,,,,
C1561,C(C#CC(=O)O)C1CCCC(C)(c2ncc[nH]2)C1,,,,,
C1562,C1CC(N=N)CCC1,,,,,
C1563,N1C(c2ncccc2)N(C2CCC(O)CC2)CNN1,,,,,
C1564,N1(C(=O)O)CNCN(C(=O)O)N1C1(OC(=O)N)NNCCC1,,,,,
C1565,N1CCN(C2CCCC3C2CCCC3)CN1N=NO,,,,,
C1566,N1NNNCC1c1c[nH]nn1,,,,,
C1567,N1CN(c2nccnn2)CNC1,,,,,
C1568,N1(C2CNCN2)CNC(C2(C3N(C=C)NNN3)NNCNC2)CC1,,,,,
C1569,C1CC(C2CNNN2)CC(C)C1O,,,,,
C1570,C1CCC2C(NC(=N)N)CCCC2C1,,,,,
C1572,C1(C2NCCNN2)CNCN1C1(C2CCNN2OO)CNCN1,,,,,
C1573,C1(C2CN(CC)CN2)CCCCC1,,,,,
C1574,C1CNC(C2(N3CNCN3)CNCCC2)C(C2CNN(c3nc[nH]n3)N2)N1,,,,,
C1575,N1NN(C2NNNCN2)NC(c2nccnc2)C1,,,,,
C1576,C1(CC#C)CCC(NC(=N)N)CC1O,,,,,
C1577,N1CNNC(c2ncn[nH]2)N1,,,,,
C1578,C1CCC2C(Cc3ccccc3)C(C(=O)O)C(C3CNCC(C4NNNCN4)C3)CC2C1,,,,,
C1579,C1NN(C(=O)NOC(=O)N)N(C=N)N1n1ccnn1,,,,,
C1580,CC1CCCC(N=NO)C1CC1(C2CCCCC2)CNNNC1,,,,,
C1581,N1C(C#N)C(C2NCCCC2)CC(C2CNNC(C(=O)[N+](=O)[O-])N2)C1,,,,,
C1582,C1(c2nnnnc2)CN(C2CC(O)CCC2)N(C(=O)N)N1,,,,,
C1583,C1(c2ccn[nH]2)CNCCN1,,,,,
C1584,C1CC(C2N(N=N)NCCC2)CCC1C1(c2cnn[nH]2)CCNN1,,,,,
C1585,C(C=C)(C(=O)C)N=N,,,,,
C1586,N1NCCCC1n1cnnn1,,,,,
C1587,C1(N=N)CNN(N=NO)N1,,,,,
C1588,C1CC(C2N(C=N)CCCC2)CCC1N,,,,,
C1589,N1(Cc2ccccc2)NNCC(C2CCCCC2C)C1,,,,,
C1590,C1(CC=C)CN(C#N)NC1,,,,,
C1591,CC#CC1CC(Cc2ccccc2)CCC1C,,,,,
C1592,C1CCC2CCCC(N=NO)C2C1NC(=N)N,,,,,
C1593,C(=CC=O)C1CCCC(NN)C1,,,,,
C1594,C(C(=C(N=O)c1ncn[nH]1)C#C)OC(=O)N,,,,,
C1595,C1CC(C=N)(C2CNCN2C#N)CCC1,,,,,
C1596,N1(c2cnncn2)CNC(C2NCCCC2)NN1,,,,,
C1597,N1(C2CCC(CC=C)C(C=O)C2C)NNNCC1,,,,,
C1598,C(C#Cc1nccnc1)O[N+](=O)[O-],,,,,
C1599,CC#Cc1ccccc1C,,,,,
C1600,N1(O[N+](=O)[O-])C(C(=O)N)NNCN1C1NCC(C#CC)NC1,,,,,
C1601,N1N(C2CNNC2C=O)CCCC1,,,,,
C1602,N1(c2nncnc2)CNC(C=CC)N(C#CC)N1,,,,,
C1603,C(C(C)C1(C2CNNNC2)CNNN1)CC1CC(c2ccc3ccccc3c2)CCC1,,,,,
C1604,C1NC(N[N+](=O)[O-])NN1C1CCNN1,,,,,
C1605,CC(=Cc1nc[nH]n1)N,,,,,
C1606,N1NNNC(CC2(C3NCCN3)CCCCC2)C1c1ccncc1,,,,,
C1607,C1(N=O)CNNC1C1C(O)CCC(c2nncnc2)C1,,,,,
C1608,N1NNN(c2c[nH]nn2)CC1,,,,,
C1609,C1NNN(OO)N1,,,,,
C1610,N1(n2cccn2)NN(C2CNCN2)NCC1C1CCNN1,,,,,
C1611,N1CN(C2NNNCN2C2(C=CC)CCNCC2)CNN1,,,,,
C1612,C1(C2(C3NCCNC3)NN(C3NCNN3)NCC2c2ccc3ccccc3c2)CNCN1,,,,,
C1613,N1(OO)CC(O)(c2nc[nH]n2)CCC1,,,,,
C1614,C1CNCN1C1N(N2CCCN2C(=O)O)CNN1,,,,,
C1615,C1(c2nccnc2)CNNC1N1CCNC1,,,,,
C1616,N1(OO)CNCNC1,,,,,
C1617,N1(C#CC2NCCN2O[N+](=O)[O-])CNCNC1,,,,,
C1618,N1(C2NCNCN2)CC(C2CNNC2OO)NCN1,,,,,
C1619,CC(CCC#CCc1ccccc1)N[N+](=O)[O-],,,,,
C1620,N1CNCNN1c1ccccc1C,,,,,
C1621,C1CCC2CC(C(=O)N)CC(CC=C)C2(C(=O)N)C1,,,,,
C1622,CC(C)C1NN(C2(C3NCCNN3)NNCCC2)NNC1c1cccc2c1cccc2,,,,,
C1623,C1CCCCC1OC1NC(C2CCNCC2)N(C2C(c3ncncn3)CNCC2)N1,,,,,
C1624,C(Cc1ccn[nH]1)O,,,,,
C1625,N1C(C(=O)[N+](=O)[O-])N(n2ccnn2)C(C2CCCCC2C)CC1,,,,,
C1626,C1N(N)C(c2cnccc2)NN1,,,,,
C1627,C(CC)c1nnccc1,,,,,
C1628,C(C1CCCCC1(C=C)c1ccc2ccccc2c1)C1CCNN1,,,,,
C1629,C1(C(C2CCCCC2)N[N+](=O)[O-])CCCCC1O,,,,,
C1630,C(C#CO[N+](=O)[O-])C1NNNCN1C(=O)C,,,,,
C1631,C(C)C1C(O)NCN1OC1CCCC(C)C1,,,,,
C1632,N1NN(C=O)CC(C2NCC(N=NO)NC2)(C=C)C1,,,,,
C1633,C(C)(N([N+](=O)[O-])C1NNCNN1)(N)c1nccnn1,,,,,
C1634,C1(c2c[nH]cn2)CCCCC1,,,,,
C1635,C1C([N+](=O)[O-])NN(O[N+](=O)[O-])C1Cc1ccccc1,,,,,
C1636,N1CNCC(c2nnn[nH]2)C1,,,,,
C1637,N1C(C2C(C(=O)O)CC(C)C(C3NNNNC3)C2)NCCC1c1c(O)cccc1,,,,,
C1638,N1NNNCC1n1cnnn1,,,,,
C1639,CCC(C)(C1CN(C2CCC3C(C2)CCCC3)CCC1)c1nnncc1,,,,,
C1640,CC#CC1NNNCC1c1ccc2ccccc2c1,,,,,
C1641,C1C(C2CCCC(C)(c3cc[nH]n3)C2)NCCN1,,,,,
C1642,C(=C)(C(=O)C)c1nccnc1,,,,,
C1644,C1NNN(c2cnncn2)N1,,,,,
C1646,C1CN(NN)CN1,,,,,
C1647,C1C(C#N)(CC#C)NNC1,,,,,
C1649,N1CNCNC1c1ncncn1,,,,,
C1650,C1CNCCN1C1CCC2C(C1)CC(c1cc(O)ccc1)CC2,,,,,
C1651,C1N(C#CCC#C)C(O)N(O)N1,,,,,
C1652,CC1CCCCC1N,,,,,
C1653,N1NC(C=CCC=O)C(CCC)CC1,,,,,
C1654,C1CN(n2ccnc2)N(C2NCNN2)C1,,,,,
C1655,C1CCCC(C2NCC(C3CCCCC3C)NN2)C1(O)c1nnncc1,,,,,
C1656,N1C(C)N(c2cccc(C)c2)CCC1,,,,,
C1657,CC1(C2NNCCC2)CNNC1C1(c2cc(O)ccc2)CCC(O)CC1,,,,,
C1658,CN=NO,,,,,
C1659,C1CC(N=O)C(O)CC1,,,,,
C1660,CC=C(C1NN(C2NNCNN2)C(C=C)CC1)C(=O)N,,,,,
C1661,C(=Cc1ccc(C)cc1)C1NN(CC#C)NC(C2NNCNN2)C1,,,,,
C1662,C1CNC(CC=C)(c2cnn[nH]2)N1C1CCNN1,,,,,
C1663,N1CN(CC=C)CNN1,,,,,
C1664,C(=C)C#CC1N(NC(=N)N)CCCC1,,,,,
C1665,C1CN(c2nc[nH]n2)CCN1,,,,,
C1666,C1C(C2CCCCC2c2cnn[nH]2)C(C2NNCNC2)C(C2CCNN2)CC1,,,,,
C1667,N1NCCCC1(C1NCNN1)OC(=O)N,,,,,
C1668,N1CNC(C)CC1,,,,,
C1669,C(C#CC1CC(c2ncn[nH]2)NN1)C1NNNN1,,,,,
C1670,N1(C2CNN(C#CC)C(N3CCNC3)N2)NN(C#N)NCC1,,,,,
C1671,N1NCCC(C)C1N1CNCN1,,,,,
C1672,N1CNCN(C2N(C(=O)O)CCNN2)N1C1NCNN1,,,,,
C1673,N1CN(NN)NCN1C1CCC(C)(C2CNNC2C=O)CC1,,,,,
C1674,CC1(C2CCNN2N=O)CC(C2CNNN2)CCC1,,,,,
C1675,CCCC1NNNCC1c1c[nH]cn1,,,,,
C1676,N1CCC(c2c(O)cccc2)CC1,,,,,
C1677,N1NCC(C2NCCCC2)C(C(=O)O)C1c1cc(O)ccc1,,,,,
C1678,C=CCC=CN=N,,,,,
C1679,C(=C)C1NNCN(C(=O)O)C1,,,,,
C1680,N1(c2cnnnc2)NCCCC1O,,,,,
C1681,C1([N+](=O)[O-])NN(C2C(C(=O)O)NNCC2)NN1C1CCNN1,,,,,
C1682,N1(C(=O)O)CNNC(CC=C)N1,,,,,
C1683,C1C(C2CNCCC2)NNN1C1(CN)NNCNC1,,,,,
C1684,C1CN(c2ccncc2)CN1C1CCCC(C)C1,,,,,
C1685,C1CN(C2NNCN(C(=O)N)C2)NC1(N)C=O,,,,,
C1686,C(Cc1c[nH]nc1)C#N,,,,,
C1687,C1CCC2(C3(C4(C5NNNN5)CN(n5cncn5)CCC4)CNCN3)CCCCC2C1,,,,,
C1688,C1CN(C2C(O)CCC(C3CC(O)CCC3)(c3ccn[nH]3)C2)NN1,,,,,
C1689,C1CNCCN1N=O,,,,,
C1690,N1(C2CNNNC2n2ccnn2)CNCN(C2CNNN2)N1,,,,,
C1691,N1CNC(C(=O)[N+](=O)[O-])CC1c1cnccc1,,,,,
C1692,C1CNC(C2CCCC(CC#CC3CCCCC3C)(C(=O)O)C2)CN1,,,,,
C1693,CC(=C(N=N)C1NNCCC1c1cnnnc1)N=[N+]=[N-],,,,,
C1694,C(=C(C1CCCCC1)N1CNNN1)C(=O)N,,,,,
C1695,N1C(C2CC(C3CCNC(C)C3)C3CCCCC3C2)NCCC1,,,,,
C1696,C1CN(C2CNNCC2c2cnn[nH]2)CN1,,,,,
C1698,N1C(C2CCNN2)NNC(n2ccnn2)N1C1C(O[N+](=O)[O-])NNCC1,,,,,
C1699,C1CN(N)NN1c1nncnn1,,,,,
C1700,N1CNCN(c2c[nH]nn2)N1,,,,,
C1701,N1CN(C2CCCCC2ON=O)NCN1,,,,,
C1702,C1(C#N)C(O)CCCC1(O)C1NNNNC1,,,,,
C1703,C1CCCC(c2nncnn2)C1O,,,,,
C1704,N1C(c2ccn[nH]2)NCNN1C1NCCNC1,,,,,
C1705,C1C(c2ncc[nH]2)NCN1,,,,,
C1706,C1(N=N)NCN(N[N+](=O)[O-])N1C(=O)On1cncn1,,,,,
C1707,N1CCCC(c2ccncc2)C1,,,,,
C1708,C(#C)N(NO[N+](=O)[O-])N1CNN(C=N)N1,,,,,
C1709,N1N(C2NNC(N=[N+]=[N-])NC2)N(N=NO)CCC1,,,,,
C1710,C1CC(CC)CC(C2NNNC(c3cccc4c3cccc4)C2)C1O,,,,,
C1711,C1N(C2CC(Cc3nnncn3)(C3CCC4CCCCC4C3)NCC2)NNN1,,,,,
C1712,C=Cc1nccnc1,,,,,
C1713,C1CCC2(C#CC)C(c3nnncc3)CCCC2C1,,,,,
C1714,CC(COOc1cc[nH]n1)C(=O)O,,,,,
C1715,C1C(C2C(c3cccc4c3cccc4)C(O)CCC2)NNN1,,,,,
C1716,C(=C)N=N,,,,,
C1717,C1(N2CNCN2)(C)NC(CC#C)NN1,,,,,
C1719,N1C(C(=O)O)C(N[N+](=O)[O-])NCN1,,,,,
C1720,C1CNC(C(=O)C)CN1,,,,,
C1721,C(=C)C1CCCCC1N1CCN(C2C(c3cc(O)ccc3)CNCC2)C1,,,,,
C1724,C1(C#N)C(C(=O)C)NNN1c1ccc(O)cc1,,,,,
C1725,C1C(C2CCCCC2Cc2nncnn2)CCCC1,,,,,
C1726,N1C(C)NCNC1(OC(=O)N)[N+](=O)[O-],,,,,
C1727,C1CNN(c2cnccc2)C1N=N,,,,,
C1728,C(=C)(C1CCNN1)n1cnnn1,,,,,
C1729,C1(C2CCCC(O)C2O)NNNN1C1NCC(C2CNNC2)CC1,,,,,
C1730,C1(C2NCCN2)CN(c2cccc(C)c2)N(N=N)N1,,,,,
C1731,N1(c2ccc3ccccc3c2)NN(C)CCC1N=NO,,,,,
C1732,C1CCCCC1ONC(=N)N,,,,,
C1733,C(C)c1nnncn1,,,,,
C1734,N1C(OC(=O)N)(C2NNNCN2)NNC(C2NCCN2)(C)N1,,,,,
C1736,C1CNC(C2CCNN2)(c2cccc3c2cccc3)N1,,,,,
C1737,N1CNCN(C2C(C(=O)[N+](=O)[O-])C(C3NCCN(C)N3)CC(C)C2)N1,,,,,
C1739,CC(=CC)N1CC(C)NC1,,,,,
C1740,C1(c2ncn[nH]2)CN(C2CC(C3NCCCC3)CC(C)C2)NC1,,,,,
C1742,N1CCCC(N=NOC(=O)N)C1,,,,,
C1743,N1C(C2CCC(C)CC2)NCN(NC(=N)N)C1,,,,,
C1744,C1(N2CNCN2C2CNNN2)CN(C=C)CCN1C=CC,,,,,
C1745,C1C(O)N(N)NC1CC,,,,,
C1746,C(=CO[N+](=O)[O-])C1(N=[N+]=[N-])NNNCN1,,,,,
C1747,C(C#C)(O[N+](=O)[O-])OO,,,,,
C1749,N1CNNC(C2(C(=O)O)N(C3NNCCC3)NCNC2O)N1,,,,,
C1750,N1(C(=O)O)CCNCN1,,,,,
C1751,N1(C=N)NCCCC1,,,,,
C1752,N1(OO)NNNCC1,,,,,
C1753,C=CC1NCC(OO)N1,,,,,
C1754,C(=C)C1NCCN1c1nncnn1,,,,,
C1755,N1CNCN(C2CCCCC2)N1,,,,,
C1756,N1C(C(=O)C)CCC(CC(C)C(=O)O)C1,,,,,
C1757,C1(c2cnccc2)CNNN1,,,,,
C1758,C1(C2(c3ccccc3C)NNCNC2)CN(CC#C)NN1,,,,,
C1759,C1(C#N)N(C2CNCN2)CN(C=C)N1,,,,,
C1760,N1(N2CCNC2C2NNNCC2NC(=Nc2ccccc2C)N)NNNCC1,,,,,
C1761,C1C(OO)CC(C=O)CC1O,,,,,
C1762,C(CC=C)c1nc[nH]n1,,,,,
C1763,C1NC(C2(c3cnncn3)C(C#CC)NNC2)NN1,,,,,
C1764,N1CNCNC1CC#C,,,,,
C1765,N1CN(C=N)CN(c2cnc[nH]2)C1,,,,,
C1766,C1CCC(C2CC(O)CCC2)CC1Oc1ccc2c(c1)cccc2,,,,,
C1767,C(C=CC1CCCC2C1CC(C=C)CC2)c1nnncc1,,,,,
C1768,N1(C2CCCCC2O)NNCCC1O[N+](=O)[O-],,,,,
C1769,C1(Oc2cccc3c2cccc3)CNCCN1,,,,,
C1770,C1(O)(c2nnn[nH]2)CNN(C2NNCC(N=N)C2)C1,,,,,
C1771,N1CN(N2CCCN2c2c(O)cccc2)CNC1C(=O)N,,,,,
C1772,N1N(C(=O)c2nnncn2)CC(OC(=O)N)CC1,,,,,
C1773,C1(C2CCC(O)CC2)NN(C2CC(CC#C)CCC2O)NN1,,,,,
C1774,N1CNNC(c2ccc3ccccc3c2)N1,,,,,
C1775,N1CN(C(=O)C)CC(C(=O)N)C1C1NNCNC1,,,,,
C1776,N1C(C2CNNNC2)CNC(C#N)N1,,,,,
C1778,C(C(C)N1CN(N2CNCN2)CN1)c1c(O)cccc1,,,,,
C1779,N1C(n2ccnn2)NCNC1,,,,,
C1780,N1CNCNN1C1C(c2cnnnc2)CC2CCCCC2C1,,,,,
C1782,C=CN1CNC(N=O)N1[N+](=O)[O-],,,,,
C1783,C(CC#N)(C)N=O,,,,,
C1784,C(=C)C#CC1C(CC=C)CC(O)CC1C1NCCN1,,,,,
C1785,N1CNCN(C2C(C3NCCNC3)NNC2)C1C1NCN(c2c(O)cccc2)N1,,,,,
C1786,Cc1nc[nH]n1,,,,,
C1787,C(C#C)C1CCC2(C(C3CCCCC3)n3cnnn3)CCCCC2C1,,,,,
C1788,C(#CC1CCNCC1)n1ccnc1,,,,,
C1789,N1NNN(N2CCNC2)C(NN=N)C1,,,,,
C1790,C(#CC1NNN(O)CN1)O,,,,,
C1792,C(=C)CC1C(C2NCCN2)(NC(=N)N)CC(c2nnncc2)CC1,,,,,
C1793,N1(c2nnncn2)CNCCC1,,,,,
C1794,C(#C)CC1C(C#C)CCCC1,,,,,
C1795,C1(C2NC(O)NN2)CCCC(n2cncn2)C1O,,,,,
C1796,N1CN(C#N)CNC1,,,,,
C1797,C(C#CC1CCNCC1)(C(=O)N)(N1CCCN1)N=NO,,,,,
C1798,C1CNC(C2CNNC2N=N)(c2ncn[nH]2)CN1,,,,,
C1799,N1NNNC(N[N+](=O)[O-])C1c1ccccc1O,,,,,
C1800,C1CCC2CCCCC2C1(C1NCN(C=C)N1)C=CC,,,,,
C1801,N1CN(C2CCC3C(C2C#CC)CCCC3)NC(OON2CCNN2)N1,,,,,
C1802,N1CNCCC1c1cnncc1,,,,,
C1803,C=Cn1ccnn1,,,,,
C1804,N1C(CC2CCCCC2)CNC(C(CC)C2(C)CCC(O)CC2)N1,,,,,
C1805,C1CN(C=N)CCN1C#CCCC#C,,,,,
C1806,C1(C=CC)CNC(c2cnccc2)N1,,,,,
C1807,C1CNN(Cc2ccccc2)C1,,,,,
C1808,N1CN(C(=O)C)C(C=O)CC1,,,,,
C1809,N1(n2ccnn2)CNNC(C2CCCC(N=NO)C2)N1,,,,,
C1810,C1CC(C2CNN(C3CC(c4cnc[nH]4)C(O)CC3C)NC2)CCC1,,,,,
C1811,C1CCC2(C(=O)O)CCC(c3nc[nH]n3)CC2C1,,,,,
C1812,CC=CC1(CC)NN(N2C(OC(=O)N)NCN2)NCN1,,,,,
C1813,N1(N2CNNN2)N(C2NN(C3CCCCC3O)NN2c2cnncn2)NNCC1,,,,,
C1814,N1NNC(C#CC)CC1C#CC,,,,,
C1815,C1(C2(C3N(C(=O)C)NN(CC4CCCCC4)CN3)CNNCN2)CNNN1,,,,,
C1816,N1CNC(C2(c3nnn[nH]3)C(O)CCCC2)NN1,,,,,
C1817,N1C(c2nnn[nH]2)NNC(NC(=N)N)N1,,,,,
C1818,C1CN(C2CCC(O)CC2)C(C2CNC(N)N2C#CC)N1,,,,,
C1819,C(O)C1NCN(C(=O)[N+](=O)[O-])N1NN,,,,,
C1820,N1(c2ccc(O)cc2)N(C2CNNCN2)N(C#N)N(C2CCC3CCCCC3C2)CC1,,,,,
C1821,N1(N=N)NCCCC1,,,,,
C1822,C1C(C)NCCN1,,,,,
C1823,C#CC1NN(c2ccncc2)CNN1,,,,,
C1824,C1C(CC=C)CCCC1C=CC(C=C)N=N,,,,,
C1825,N1C(C#C)CCC(N=O)(c2nccnc2)C1,,,,,
C1827,N1CC(n2ccnc2)CCC1,,,,,
C1828,N1CNC(C2CCCC(C)C2C)NC1,,,,,
C1829,CC#CCC#C,,,,,
C1830,C1C(C2(C3CNN(C(=O)[N+](=O)[O-])N3)CCCCC2)NNN1,,,,,
C1831,C1(c2nnccc2)CN(C2NCCNN2)C(C2CCC3CCCCC3C2)CN1,,,,,
C1832,N1NN(C#N)CCC1,,,,,
C1833,C1(c2nncnn2)NCNN1,,,,,
C1834,N1CNN(c2nccnc2)C(C2CNNN2)N1,,,,,
C1835,C1CCC2C(C3NNNN3)CC(C=N)CC2C1,,,,,
C1836,CC(=CC(=O)C)c1ccc(C)cc1,,,,,
C1837,CC1C(C2CNC(C)N2)CC(C2(C=N)CNNC2)CC1,,,,,
C1839,C1C(NNC2C(NN)CCCC2O)NCC(O[N+](=O)[O-])N1,,,,,
C1840,C1CC(C2CCC3(C4NNCCC4C(=O)O)CCCCC3C2)CCC1,,,,,
C1841,C1CCCCC1OC(=O)NN=O,,,,,
C1842,C(=CC1(C2NNNNC2)CCCCC1C)C1CCCC(CN=[N+]=[N-])C1,,,,,
C1843,C1N(C2CNNN2C2(C3CNCCC3)CNNCN2)CN(O)N1,,,,,
C1844,C1C(C(=O)C)CC(C2CCNN2)CC1,,,,,
C1845,N1(c2cnncn2)CNCNN1NC(=N)N,,,,,
C1846,C(C#C)n1cnnn1,,,,,
C1847,C=CC1N(C2CC(n3cnnn3)CC(C)C2)CNCN1,,,,,
C1848,N1CNCN(C2(C3CCNCC3)CCNN2N=N)C1,,,,,
C1849,CC#CCC(C#C)c1nncnn1,,,,,
C1850,N1NC(C2(C3CNCN3O)CNCCC2)CCC1,,,,,
C1852,C1CNCC(C2CNNNC2)(c2ccc(O)cc2)N1,,,,,
C1853,C1C(C#CC)NNN1,,,,,
C1854,C1(C2CCC3C(C4CC(C5CCCCC5)CC5C4CCCC5)CCCC3C2C=O)CCCCC1,,,,,
C1855,CCCC1N(C2CC(O)CCC2)CNN1Cc1ccccc1,,,,,
C1856,C(#CC1(C2NNNN2)NCCC(c2ccc3c(c2)cccc3)C1)OO,,,,,
C1857,CC1(c2ccc(C)cc2)CCCCC1,,,,,
C1858,Cc1ncncn1,,,,,
C1859,C1CNCCN1C1CCCCC1Cc1ncn[nH]1,,,,,
C1860,C(C(C)C1CNC(CCC)CC1)C1CCNN1,,,,,
C1861,N1NNCC(c2ccccc2C)C1,,,,,
C1862,C(C1CCCC(c2cnn[nH]2)C1(OO)C=C)C1NNCNN1,,,,,
C1863,CC1CC(N=NO)CC(C2C(OC3NCCNN3)CCCC2)C1,,,,,
C1864,C1(C(C#C)OC(=O)Nc2cnncc2)CCCCC1,,,,,
C1865,N1C(NN)(C2CCC3CCCCC3C2)C(C2CNNN2)(c2cccc3c2cccc3)CCC1,,,,,
C1866,C1(N=[N+]=[N-])CNN(C=CC)C1,,,,,
C1867,N1NNCC(c2cc(O)ccc2)C1,,,,,
C1868,N1N(c2nccnn2)N(N2CCNN2)CC(N=NOO)C1,,,,,
C1869,N1CCCC(N2C(C)CCN2)C1C1NCNN1,,,,,
C1870,C1CNC(c2cnccc2)CN1,,,,,
C1871,C(CC1NNNCC1)C#C,,,,,
C1872,N1CNCCC1C(C1(N2CNNN2)CCCC(N2CCNC2)C1)c1cnc[nH]1,,,,,
C1873,CCCC1CC(C2N(c3cnccc3)CCCC2)CCC1O,,,,,
C1874,C(=C)C1C(C2NCNN2)N(C(=O)C)CCC1C=O,,,,,
C1875,N1(C(=O)OO[N+](=O)[O-])CNNCN1,,,,,
C1876,C1N(c2nnncn2)NNN1,,,,,
C1877,C(#Cc1nnncn1)C1NNCN(N2CCCN2)N1,,,,,
C1878,C1CCCCC1C1NNCC(C2C(O)C(c3ccc4ccccc4c3)CCC2)C1,,,,,
C1879,N1CCCCC1C1N(N=NO)N(NC(=O)C)NN1,,,,,
C1880,N1C(O)NCNC1,,,,,
C1881,C1C(C(=O)[N+](=O)[O-])NNN1,,,,,
C1882,N1(C#CC)CC(c2ncc[nH]2)NCN1C#CC,,,,,
C1883,N1NNNCC1c1ccncc1,,,,,
C1884,N1CN(N2CNNN2N[N+](=O)[O-])NCN1,,,,,
C1885,C1C(c2ccn[nH]2)N(C2C(O)CCC(C3CNCN3C3CNNCC3)C2)NC1,,,,,
C1886,C1CCCCC1C1NC(c2nnn[nH]2)NN1,,,,,
C1887,N1NNC(NN)CC1,,,,,
C1888,C#Cc1ccn[nH]1,,,,,
C1889,N1(c2ncn[nH]2)CNC(C2NCCN2)N(CC=C)C1,,,,,
C1890,N1C(C#N)NNCN1,,,,,
C1891,N1(C2CNC(C#C)N2)CNCCC1C(=O)O,,,,,
C1892,C1C(C(=O)O)C(C(=O)O)CCC1ON=N,,,,,
C1893,N1CCCC(CC#C)C1,,,,,
C1894,C1CCC(C2CN(C3CNNCN3)N(CC=C)NC2)CC1OC#CC,,,,,
C1895,C1CNCN1C1CNN(C)N(c2nccnc2)C1,,,,,
C1896,C(C=CC1NCCN(c2cnncc2)C1)C1CCNCC1,,,,,
C1897,C(#C)C1NCNN1C1(c2c[nH]nc2)CNN(C=C)CC1,,,,,
C1898,CC1(c2ccncc2)CC(C=CC)CCC1C1NNNNC1,,,,,
C1899,N1C(C=CCc2nccnn2)C(C#C)CC(C2NNNCN2)C1,,,,,
C1900,C1(C2NNNCN2c2cccc3c2cccc3)CN(C)NC1,,,,,
C1901,N1(N[N+](=O)[O-])C(OC(=O)N)CCCC1,,,,,
C1902,N1NCCC(C2NNN(c3nnccc3)N2)C1N=[N+]=[N-],,,,,
C1903,N1NN(C2NNNN2)N(C2(C3(C)CCC(C)CC3)CNNNC2)CC1,,,,,
C1904,C(C#CCC(O)N)C1CNCN1,,,,,
C1905,C1NCN(c2cnccc2)N1,,,,,
C1906,C1(OO)N(C(=N)CC=C)CNN1,,,,,
C1907,C(#CC1CN(c2cccc(C)c2)NN1)N=NO,,,,,
C1908,C1(c2cccc(C)c2)NN(C=O)N(C2CNNN2)N1,,,,,
C1909,N1N(c2ccncc2)NNCC1,,,,,
C1910,N1C(N=NO)CNC(C2CCCCC2C)N1,,,,,
C1911,N1C(n2cnnn2)NN(N2CCCN2)CN1,,,,,
C1912,N1CN(CC=C)C(N=O)N(C2NNN(C#N)NC2)N1,,,,,
C1913,CC1CCC(c2nnnnc2)CC1,,,,,
C1914,N1CCNC(c2c[nH]cn2)N1,,,,,
C1915,N1(C(=O)N)NNNCC1,,,,,
C1916,C(#C)C1N(c2cc[nH]n2)NNNC1,,,,,
C1917,C1NNN(C2CNN(NC(=N)N)CC2)N1,,,,,
C1918,C1C(C2NCCNN2)C(CC)(C2CCC(O)CC2)CC(n2cccn2)C1,,,,,
C1919,C1(N2CNCN2C2CCCC3(c4nccnc4)C2CCCC3)NN(C(=O)[N+](=O)[O-])NN1,,,,,
C1920,N1C(C2CNNCC2)CNC(O)N1,,,,,
C1922,C(=C)C1C(C(=O)N)CNN1,,,,,
C1923,N1NCC(C(=O)O)C(C2CN(c3cnncn3)NC2)C1C(=O)C,,,,,
C1924,N1CN(C2CCCC(n3cnnn3)C2)CNN1,,,,,
C1925,C1N(C2CNC(C=CC)CC2)NNN1,,,,,
C1926,C1CNN(NC(=NC(=O)C2CCCC(C)C2)N)N1N=O,,,,,
C1927,C1N(C2CNCN2)NN(C2N(c3ccc4ccccc4c3)NNC(C3NCNN3)C2)N1,,,,,
C1928,N1(N=N)NNNCC1C1NCNN1,,,,,
C1929,C1CCCC(C2NCC(O)N2)C1O,,,,,
C1930,N1C(c2nnnnc2)N(N2CCNC2)CCC1,,,,,
C1931,C1(C=N)(NC(=N)N)CN(N=O)N(O[N+](=O)[O-])N1,,,,,
C1932,N1CCCC(C2NNNC(n3ccnc3)C2)C1,,,,,
C1934,C(C#CO)(N1CNNN1CC)OC(=O)N,,,,,
C1936,C1(C(=O)O)CN(C)CCN1,,,,,
C1937,C1CNC(C2CCCCC2)N1,,,,,
C1938,N1NNNC(N=[N+]=[N-])C1,,,,,
C1940,N1(OC(=O)N)CC(c2cc(O)ccc2)CC(O)(N=NO)C1,,,,,
C1941,C1CN(N2CC(C=O)NC2)CCN1,,,,,
C1942,N1CNNC(c2nnccc2)N1,,,,,
C1943,C1NCNN1C(=O)NOC(=O)N,,,,,
C1944,C1C(N2C(N3CCNC3)NCN2)N(c2nccnn2)NC1,,,,,
C1945,N1CCNCN1C,,,,,
C1946,N1(C2CCNCC2)CNN(C#N)CN1,,,,,
C1947,N1NN(C2(c3cc[nH]n3)CNCN2N2CN(C3NCCCC3)CN2)CCC1,,,,,
C1948,N1CN(n2cnnn2)CNC1,,,,,
C1949,N1(C)N(CC)NNCC1C1C(C2CCCC3C2CCCC3)NCCC1,,,,,
C1950,C1CNCC(O[N+](=O)[O-])N1,,,,,
C1951,C1CCCC(n2ccnc2)C1,,,,,
C1952,N1(N2CC(NN)(c3cc[nH]n3)NC2)CNCNC1,,,,,
C1953,C1CCC(C)CC1C=N,,,,,
C1954,N1(C(=O)[N+](=O)[O-])C([N+](=O)[O-])CN(c2nncnn2)CN1,,,,,
C1955,C1(C=NN=NO)CCC(Nc2ncc[nH]2)CC1O,,,,,
C1956,N1NNCC(c2nc[nH]n2)C1,,,,,
C1957,N1CNNC(N=NO)N1C1(CC=C)NCCCC1,,,,,
C1958,N1N(N=N)NCCC1n1ccnc1,,,,,
C1959,CC(C1CNNN1c1nncnc1)C1CCCC2C1CCCC2,,,,,
C1960,N1(c2nncnc2)CN(C)C(N=O)NC1,,,,,
C1962,N1NNCC(C2(C(=O)[N+](=O)[O-])CNNC2)C1c1c[nH]cn1,,,,,
C1963,N1CN(C2C(O)(c3ccc4c(c3)cccc4)CCCC2)CCC1,,,,,
C1964,N1(N)NNC(C2CCCC3C2CCCC3)CC1,,,,,
C1965,CCN=NOC=CC,,,,,
C1966,N1CC(c2cnnnc2)NCN1,,,,,
C1968,CC1CCCC(N[N+](=O)[O-])C1,,,,,
C1969,CC#Cc1c(O)cccc1,,,,,
C1970,C1CCC2CCCC(c3cnc[nH]3)C2C1,,,,,
C1971,N1N(c2nncnc2)NCC(C2CCCCC2)C1,,,,,
C1972,C1CN(c2cnccc2)CC(C2CCNN2)N1,,,,,
C1973,C1(C2NN(N=N)NCC2)NN(n2ccnc2)NN1,,,,,
C1974,N1(C(=O)N)NNCC(N=NO)C1,,,,,
C1975,N1CC(NN)(C#N)NCN1C=CCO,,,,,
C1976,N1C(N=[N+]=[N-])NN(N=N)C(c2ccc(C)cc2)N1N=N,,,,,
C1977,C(CC)(C#N)CC=C,,,,,
C1978,N1NNC([N+](=O)[O-])C(N)(C2NNNCN2)C1c1ccncc1,,,,,
C1979,N1CN(c2ncccc2)CNC1,,,,,
C1980,N1(N=NO)CNCNN1,,,,,
C1983,C(=CC1C(O)C(n2ccnn2)C(N2CCCN2)CC1)C(=O)O,,,,,
C1984,N1(C2CN(C(=O)C)N(c3cnn[nH]3)CC2)N(C2CCC(C)CC2)NCCC1,,,,,
C1986,C(#C)C1NN(N)C(c2nnncc2)N(C2CNNNC2)C1,,,,,
C1987,C1CC(C2CC(C(=O)C)(c3c[nH]cn3)CCC2)CCC1,,,,,
C1988,N1CCNCN1C1C([N+](=O)[O-])CC2C(C1)C(C1NNNCC1)CCC2,,,,,
C1989,C1CC(c2cnncc2)C(N2CCNC2)(N=O)CC1N=O,,,,,
C1990,C1N(C2CCCCC2)CNN1ON1C(C2CCC3C(C2)CCCC3)CNC1,,,,,
C1991,CC(CN1CNN(O)N1)C1(c2ccc3c(c2)cccc3)CCC(O)CC1,,,,,
C1993,N1(C2NCCNC2)NN(c2ccncc2)CCC1,,,,,
C1994,N1NCC(CC)CC1c1nccnn1,,,,,
C1995,C1CCC2(NN)CCCCC2C1,,,,,
C1997,N1(C2NCCNN2)NN(N2CNNN2C)NCC1,,,,,
C1998,N1(N)CC(C2CCNN2)CCC1,,,,,
C1999,N1(C2N(CCc3ccc4ccccc4c3)CCN2)CNCNC1,,,,,
C2000,C1CCC2CCC(C3CCC(CC=C)CC3)CC2C1OO,,,,,
C2001,N1NNCCC1c1ccc2ccccc2c1,,,,,
C2002,C1(C=C)CCCCC1N=O,,,,,
C2003,C1N(C(=O)[N+](=O)[O-])NN(CCC)N1,,,,,
C2004,C(C(=O)N)C1CC(C2NNNCN2)(c2nncnn2)C2CCCCC2C1,,,,,
C2005,Cc1ccncc1,,,,,
C2006,C1(C=N)NCNN1,,,,,
C2007,N1(C2N(c3cnnnc3)NCNC2)CCNCN1,,,,,
C2008,C=CCC(=C)C1(N=N)C(NC(=N)N)CC(C)CC1,,,,,
C2009,C(=C)N1CCN(O[N+](=O)[O-])C1,,,,,
C2010,C1CN(c2nnn[nH]2)CCN1,,,,,
C2011,C1C(CC)NNN1C(=O)O,,,,,
C2012,CC(=C)C1(NC(=N)N)CCNN1,,,,,
C2013,C1(C2C(CC3CC(CC=C)CCC3)NCCC2)CNNC1C#N,,,,,
C2014,CC1C(N=NO)CC(C2CNCCC2)C(N=[N+]=[N-])(C2C(O)CCCC2)C1,,,,,
C2015,C1(n2cnnn2)NCNN1,,,,,
C2016,N1NCCC(CC=CC2(NN)NNNCC2)C1N[N+](=O)[O-],,,,,
C2017,N1CNN([N+](=O)[O-])CN1C1C(O)(C2NCC(c3ccncc3)NN2)CCCC1,,,,,
C2018,C(C=C)C1NC(Cc2ccccc2)NN1,,,,,
C2019,C1N(OOC2CCNN2)NNN1CC,,,,,
C2020,C1(C#CC)N(C2NCNN2)N([N+](=O)[O-])NN1,,,,,
C2021,N1C(Cc2ccccc2)N(N=O)C(CCC)(CC=C)NN1,,,,,
C2022,C1(CC2CNNN2O)CNCN1,,,,,
C2023,N1NNCCC1c1ccc(C)cc1,,,,,
C2024,C1N(C(=CCC)C(=O)[N+](=O)[O-])CN(OC(=O)N)N1,,,,,
C2025,CC1C(C#C)(c2ncccc2)C(O)CCC1,,,,,
C2026,N1C(C2(C3NCCNC3)CNCCC2)(c2ncc[nH]2)NCC(C2NNCNC2)C1,,,,,
C2028,C(O[N+](=O)[O-])c1c[nH]nc1,,,,,
C2029,CC#CNc1ccccc1C,,,,,
C2030,C(#CN)C1C(C2CNNC2)C(c2cc(O)ccc2)CCC1,,,,,
C2031,C1(C2CNCCC2)C(C2CCNN2)NNN1NOC(=O)N,,,,,
C2032,N1(C2(N=N)CNNC2)CNC(c2c[nH]nn2)CC1,,,,,
C2033,N1(C2CNNN2)CC(c2ccc(C)cc2)CCC1,,,,,
C2034,C(=Cc1cnnnc1)(N=[N+]=[N-])C=C,,,,,
C2035,N1NNN(C(=O)N)CC1,,,,,
C2037,C1NNN(NN)N1c1ccn[nH]1,,,,,
C2038,N1CCNC(N)(C)N1,,,,,
C2039,C1CCCCC1ON,,,,,
C2040,C1(C2CC(N=[N+]=[N-])CCC2C)C(C=CC)NCN1,,,,,
C2041,C1CN(C2C(C3CN(C4NNCCC4)N(n4cnnn4)C3)CNN2)NN1,,,,,
C2042,C1NN(C#N)NN1,,,,,
C2043,N1CNC(C2CCCCC2)NN1,,,,,
C2044,N1NNCC(C#N)C1,,,,,
C2045,C1C(C#N)(C2N(n3cccn3)CNN2)NN(NC(=N)N)C1,,,,,
C2046,CC1CC(C=N)(N2CNCN2)CC(C(=O)c2nncnc2)C1,,,,,
C2047,C1CC(N)CC(c2nnncn2)C1CC#C,,,,,
C2048,C1CCCCC1c1ncncn1,,,,,
C2049,N1C(CC#C)NCN(N)N1CC(C)c1cnn[nH]1,,,,,
C2051,C1NCN(C2NNCN(c3cnnnc3)N2)N1,,,,,
C2052,N1CN(c2cc[nH]n2)NCN1,,,,,
C2053,C1(C2CN(C(C)N3CCC(C)N3)CN2)CNCN1,,,,,
C2054,N1(C2(C3CCNCC3)NNN(N=[N+]=[N-])NC2)NC(O)CCC1,,,,,
C2055,N1CNNC(C2CNNN2)N1C1CC(CC=C)NCC1,,,,,
C2056,C1N(C2NNNN2)C(c2cnncn2)NN1,,,,,
C2057,C1CNN(C2CNNN(c3cnccc3)C2)N1,,,,,
C2058,N1NC(C2(C3CCCCC3C(C3NCCNC3)C(=O)C)CNNCN2)CCC1,,,,,
C2059,C1N(c2nnccc2)N(C2NCCN2)NN1,,,,,
C2060,N1NN(N2C(n3cccn3)CN([N+](=O)[O-])C2)N(C2CCCC3C2CCCC3)CC1,,,,,
C2061,C1NC(c2nc[nH]n2)NN1,,,,,
C2062,CCn1ccnn1,,,,,
C2063,N1NNNC(N=N)C1,,,,,
C2064,C1CNNC1c1c[nH]nn1,,,,,
C2065,C1CCC(C2C(C=C)NNCC2)CC1,,,,,
C2066,C1(C2C(Cc3ccccc3)CC(C)CC2)NC(C2CCNCC2)NN1,,,,,
C2067,C1NN(CC(=O)C)N(c2nnncn2)N1,,,,,
C2068,N1CN(c2cnn[nH]2)CN(C(=O)C)N1,,,,,
C2069,C1C(C(=O)Oc2cc[nH]n2)NNC1,,,,,
C2070,C1(C(=O)N)CNN(C2CCCC(C)C2)C1,,,,,
C2071,N1(C2CNNN2)N(NN)N(C=N)C(O[N+](=O)[O-])CC1,,,,,
C2072,C([N+](=O)[O-])C1C(C2NN(C(=O)N)NNC2)CC(O)CC1,,,,,
C2073,C(C(C)c1ccc2ccccc2c1)(C(=O)N=O)C(=O)[N+](=O)[O-],,,,,
C2074,N1(C#N)NCCCC1O,,,,,
C2075,CCC(C1NNNNC1)OC(=O)Nc1cnnnc1,,,,,
C2077,C(CC(C1NCCNN1)C1NNCNN1)c1nncnc1,,,,,
C2078,N1NC(C2(C3CCC4C(C3)CCCC4)CCCCC2)CC(C#CCc2ccccc2C)C1,,,,,
C2079,C1(c2nccnc2)CNNC1,,,,,
C2080,C1CCC(C2CCCCC2C)(c2nnccc2)CC1O,,,,,
C2081,C1CC(N=NO)C(C#N)C(N)C1O,,,,,
C2082,N1(c2nc[nH]n2)CNCN(O[N+](=O)[O-])C1,,,,,
C2083,C1CN(N2C(C=O)CNN2C2CCC(C)CC2)CN1,,,,,
C2084,CCC1NNCCC1C#N,,,,,
C2085,C(C1CCCC(C)C1)C1N(C2CCCCC2)CC(C2CNNN2)NC1,,,,,
C2086,N1(C2CCN(c3cc[nH]n3)N2)NCCC(C(=O)C)C1,,,,,
C2087,C(#C)C1N(n2ccnn2)NNCC1,,,,,
C2088,N1CC(C2NNNN2)N(C(=O)O)CN1,,,,,
C2089,N1(C2(C3C(C#C)CCC4C3CCCC4)CC(C=O)NN2)CNCCC1,,,,,
C2090,C1CCCC(C(C#C)N2C([N+](=O)[O-])NNN2)C1C1CNCN1,,,,,
C2091,C1CC(C(=O)C)CC(C=C)C1C1CCCCC1,,,,,
C2092,CC1CCC(OC(=O)N)(OON2CCNN2)C(OO)C1,,,,,
C2093,N1CNC(N)NC1,,,,,
C2094,C1CCCC(C2CCC(N)C3C2CCCC3)C1C(CC)C1NNNCN1,,,,,
C2095,N1C(C2CCCCC2C)CCC(C2NNN(n3cccn3)NC2)C1,,,,,
C2096,N1CCCCC1c1cnccc1,,,,,
C2097,N1CCCCC1C1N(C(=O)[N+](=O)[O-])N(N[N+](=O)[O-])NCC1,,,,,
C2098,N1C(c2nnccc2)NCNC1,,,,,
C2099,C1CCC2(n3cccn3)CCCCC2C1,,,,,
C2100,N1C(C2CNCN2N2CCCN2)NC(N2CCCN2)NN1C(=O)O,,,,,
C2101,CC(C)C1CN(NC(=N)N)CCC1,,,,,
C2102,N1CNCNC1N,,,,,
C2106,CC1NN(Oc2ccccc2C)NC(C2NNNNC2)N1,,,,,
C2107,C1NNN(C#N)N1C1(c2cnnnc2)NN(N=O)NCN1,,,,,
C2109,C1C(N)NNN1,,,,,
C2110,C1(C2NNNN2n2ccnn2)CCC(C2CCNCC2)CC1,,,,,
C2111,C(#C)c1nnccc1,,,,,
C2112,N1CCNC(OC(=O)N)N1C(C=C)C1CNNN1,,,,,
C2113,C1CC(C)CCC1(O)N,,,,,
C2114,N1(C2NCCNC2)CN(C2(c3ncccc3)NC(O)CNC2)CNN1,,,,,
C2115,C(C#C)N=NOC1NNCNN1c1nnncc1,,,,,
C2116,C1CNC(C2CCC3C(C2)CC(c2ccc(C)cc2)CC3)(C#C)N1,,,,,
C2117,C1C(C2CCC3C(C2(C2CNCN2)c2nc[nH]n2)CCCC3)CCCC1O,,,,,
C2118,C1(N=NO)C(C2NCCNN2C2CCNN2)CCCC1O,,,,,
C2119,C1CNCN1c1c[nH]nn1,,,,,
C2120,C1C(CC#C)(Cc2ccccc2)C(C(=O)C)CCC1,,,,,
C2121,C1CN(C2CNN(n3ccnc3)N2)CCN1C1NCN(C(=O)N)N1,,,,,
C2122,CCC(C1(c2nnncn2)NCNCN1)OC(=O)N,,,,,
C2123,N1(c2nnncc2)N(C2NNN(N=[N+]=[N-])N2)N(C(=O)C)NCC1,,,,,
C2124,C1CNC(C)N1,,,,,
C2125,CC1CCC(N2CCCN2)(Cc2ccccc2)CC1,,,,,
C2126,C1C(C2CCC(C)C(C3NNNNC3)C2)(OO)NCC(CC)N1,,,,,
C2128,CC#Cc1nnccc1,,,,,
C2129,C1(Cc2ccccc2)CNNC1,,,,,
C2130,C1N(C2NNCNC2)CN(C(=O)C)N1C1CNCN1,,,,,
C2131,N1CCCC(C2NC(C3CNC(c4nncnn4)CC3)NN2)C1,,,,,
C2132,N1CN(C2NC(O[N+](=O)[O-])CNC2)CCC1,,,,,
C2133,C(=C)C(=O)OC1(n2cnnn2)CNCCC1,,,,,
C2134,C1CCCCC1c1ncn[nH]1,,,,,
C2135,C(=C(N=NO)C(=O)O)C1(c2c[nH]nc2)CNCCC1,,,,,
C2136,N1CN(C2CC(C#CC)CCC2O)C(C)NN1Cc1ccccc1,,,,,
C2137,N1CNCN(c2nc[nH]n2)C1,,,,,
C2138,C=CC1CCC(n2cncn2)C2C1CCCC2,,,,,
C2139,C1CC(c2nnnnc2)CCC1O,,,,,
C2140,N1NNC(N[N+](=O)[O-])CC1,,,,,
C2141,N1CN(NC(=N)N)CCC1,,,,,
C2142,C1(C2C(NN)CCCC2)N(OO)NNN1C,,,,,
C2143,N1N(OC2NNCCC2)CC(C#N)C(C)C1,,,,,
C2144,C1CCC2CCCCC2(c2cnncn2)C1,,,,,
C2146,C(C1CCC(C(=O)CO[N+](=O)[O-])CC1)OO,,,,,
C2147,C1C(C2CCC3(c4ccncc4)C(C2)CC(CC)CC3)CCCC1,,,,,
C2148,N1CN(c2ccc(O)cc2)CCC1,,,,,
C2150,C1CNNN1C1CC(C2CCC3(C4CC(O)CCC4)CCCCC3(c3nccnc3)C2)CCC1C,,,,,
C2151,N1C(CC2(C)C(c3nnn[nH]3)C(C(=O)O)CCC2)CNCN1,,,,,
C2152,C1(C2C(O)CCCC2)CNNC1(C1NCNN1)N=NO,,,,,
C2153,C(C)(N1CCNN1N1CCNC1)(C1NNNCC1)N,,,,,
C2154,CC1CNN(c2nncnn2)CN1,,,,,
C2155,CC(C)c1cnncc1,,,,,
C2156,N1([N+](=O)[O-])CCCCC1CCC,,,,,
C2157,N1(n2cnnn2)CNCNC1,,,,,
C2158,N1CN(C2CC(C#CC)CCC2C)CNN1,,,,,
C2159,N1C(C2NNNNC2)(c2nncnn2)NNCN1,,,,,
C2160,C1(C2NNCNC2C2CNNNC2)(NN)CNNC1,,,,,
C2161,N1(C=C(C)[N+](=O)[O-])C(C2CNNNC2)NCCC1c1nnncn1,,,,,
C2162,C1C(C(=O)O)NNN1,,,,,
C2164,N1N(CC=C)C(n2cnnn2)CCC1,,,,,
C2165,N1NCC(O[N+](=O)[O-])CC1C1(C=C)CNN(N)N1,,,,,
C2167,N1NCC(C2NNCNC2)(N)C(N=NOC(=O)N)C1,,,,,
C2168,CC1NNNCC1(N1CCCN1N=[N+]=[N-])c1ccn[nH]1,,,,,
C2169,C1C(C2CCCC(C)C2)NCC(C2CNN(c3cnnnc3)N2)N1,,,,,
C2170,C1CNNN1C1NNN(c2nnnnc2)NC1,,,,,
C2171,C1CCCC(C(C=C)C2(C=C)CNNNC2)C1(O)C(=O)[N+](=O)[O-],,,,,
C2172,N1(N=NO)NNNCC1,,,,,
C2173,C1C(N2CC(c3nc[nH]n3)NN2)N(C(=O)O)NN1N=[N+]=[N-],,,,,
C2174,N1CC(C#N)C(NNC2(n3cccn3)NCNN2)CC1,,,,,
C2175,N1(C2CCCCC2C)CNNCN1c1c(O)cccc1,,,,,
C2176,C1(C2N(c3cnccc3)CNCN2)CN(C(=O)O)CN1C,,,,,
C2177,N1NCCC([N+](=O)[O-])(C#N)C1C(=O)N,,,,,
C2178,CNN,,,,,
C2179,C1(O[N+](=O)[O-])CCCC(C(=O)O)C1O,,,,,
C2180,C1CC(C2N(C3NCN(c4nncnc4)CN3)CNCN2)CCC1,,,,,
C2181,N1C(C(=O)[N+](=O)[O-])(C)N(C(=O)N)NCN1,,,,,
C2182,N1(N=O)N(C2C(C3NCCNN3)NNNC2)NCC(C2CCCC(C)C2)C1,,,,,
C2183,N1(N)CN(C(=O)N)CN(C2NNN(CC=C)CN2)N1,,,,,
C2184,C1CNC(C(=O)O)CN1c1nccnn1,,,,,
C2185,C(C([N+](=O)[O-])C1CCC(C)CC1)OO,,,,,
C2186,N1(C(=O)[N+](=O)[O-])CN(C(=O)CC=O)C(N)CC1,,,,,
C2187,N1CN(C2CNNN2C=C)NCN1,,,,,
C2188,C1C(c2nc[nH]n2)NCCN1,,,,,
C2189,N1CNCNN1C#C,,,,,
C2190,C1(O)N(C=O)NN(C(=O)N)N1,,,,,
C2191,C(=C)c1nnncn1,,,,,
C2192,N1CNN(c2cnncc2)CN1O,,,,,
C2193,C1CN(C2(C3NNCNC3)CC(OO)(c3c[nH]nn3)NCC2)CN1,,,,,
C2194,N1N(C2NCC(c3cnc[nH]3)N2)NNCC1,,,,,
C2195,N1(C2NCNN2C(=O)O)C(C2CCCC(c3nncnn3)C2C)NCCC1,,,,,
C2196,N1CC(O)NCN1,,,,,
C2197,C(C(=C)c1c[nH]nc1)C#CCC1CCC(C)CC1,,,,,
C2198,C1(C2(OO)CCC(C)CC2)NCN(C2CCCC(C)C2)N1,,,,,
C2199,N1(c2cnn[nH]2)NNN(C=CC)CC1N1CNCN1,,,,,
C2200,N1CNCN(C2(n3cccn3)CCNN2)N1,,,,,
C2201,C1C(c2cccc3c2cccc3)NNC1C#CC1CCCC(C)C1,,,,,
C2202,N1(c2ccncc2)CCNCN1,,,,,
C2203,C1(C#N)CC(CC=C)(N=O)CCC1,,,,,
C2204,C1CN(N2CNCN2)C(C2C(N[N+](=O)[O-])NCN2)N1,,,,,
C2205,N1C(c2cnn[nH]2)C(C#N)NCN1,,,,,
C2206,C1(C2(C3CCC4C(c5ccc6c(c5)cccc6)(C3)CCCC4)CC(O)CCC2)CNCN1,,,,,
C2207,N1CNC(N=O)(C=C)N(CC2CCCCC2)N1,,,,,
C2208,N1CN(C2CCC(C)CC2)CC(C2CNCN2c2c[nH]nc2)C1,,,,,
C2209,C1CNC(O[N+](=O)[O-])CN1,,,,,
C2210,C1CCCCC1(O)C1(C2CCCCC2)CCC2CCCCC2C1,,,,,
C2211,N1C(C2CCC(O)CC2)(C2CCCCC2)NCCC1,,,,,
C2212,C1CCC2C(C3(Cc4ccccc4)CCC4CCCCC4C3)CCCC2C1,,,,,
C2213,N1C(CC(=C)c2cnn[nH]2)NC(C=CC)NC1,,,,,
C2214,N1CNCNC1c1ccc(C)cc1,,,,,
C2215,C=CN1CC(C2CCCCC2)NC1,,,,,
C2216,C1CN(C2CC(C(=O)O)(c3ncn[nH]3)CCC2)CCN1,,,,,
C2217,C1C(C2C(C#C)CC3CCCCC3C2)NCCN1NC(=N)N,,,,,
C2218,N1N(N=O)NNCC1,,,,,
C2219,C(CC1CCC2C(C)(C1)CCCC2)N1CCNC1,,,,,
C2220,N1(C=N)CCNCN1,,,,,
C2221,C1CN(C2CCC3CCCCC3C2)NN1NC(=N)N,,,,,
C2222,C(=C)CC1C(CCC)CC(c2ncn[nH]2)C(C=O)C1,,,,,
C2223,C(N=N)(C(=C)C(=O)O)c1ccn[nH]1,,,,,
C2224,N1CNC(C2NNCCC2)C(C2C(O)CNN2)C1c1c[nH]cn1,,,,,
C2225,C(C1CCC(c2nc[nH]n2)CC1)C(C=C)(C1CNNCC1)N1CNNN1,,,,,
C2226,N1(C(=O)C)N(C=NN=O)NNC(C(=O)[N+](=O)[O-])C1,,,,,
C2227,C1CN(CC=C)NC1,,,,,
C2228,C(CC)(C1CCNN1)C,,,,,
C2229,C1N(C=CC2NN(c3ccccc3O)CNC2)NN(C2CCNN2)N1,,,,,
C2230,C1C(C2CC(N3CCNC3)C(C3CCCCC3CNN)CC2O)CCCC1O,,,,,
C2231,N1CCCCC1C1C(C2CCC3C(C2)CC(OO)CC3)C(O)CCC1,,,,,
C2232,N1CNC(C2NCN(Cc3ccc(O)cc3)N2)CC1,,,,,
C2233,C1(C2CC(OC#CC)CCC2c2ccc(O)cc2)NCNN1,,,,,
C2234,N1C(N=O)NCCC1O,,,,,
C2235,N1CNC(C2NCCN2CCC)N(c2nccnn2)N1,,,,,
C2236,C1(C2NNC(c3cnnnc3)NC2N=NNN)CNNC1,,,,,
C2237,N1NC(N2CNCN2C2CNNC2)(C(=O)C)CCC1c1c[nH]cn1,,,,,
C2238,C1CNNC1N=[N+]=[N-],,,,,
C2239,C1C(N)CCCC1C1NNNN1c1ccc2c(c1)cccc2,,,,,
C2240,C1(n2cncn2)CCCCC1,,,,,
C2241,N1(c2nnncn2)NCC(C=O)CC1,,,,,
C2242,C1CCC(C2(CC)CNNN2)C(N2CNCN2c2cnn[nH]2)C1,,,,,
C2243,N1NN(C2C(C3CCCCC3)C(C(=O)C)NN2)NCC1,,,,,
C2244,N1N(CC=C)CCCC1c1cnc[nH]1,,,,,
C2245,C1NC(C2C(N)CCC3C2CCC(CCC)C3)NN1,,,,,
C2246,N1(c2ccc3ccccc3c2)C(C2NNNCC2)NC(C(=O)[N+](=O)[O-])NC1C=N,,,,,
C2247,C(C1CC(C=O)CCC1)C1NNCNC1,,,,,
C2248,C1CCCC(O)C1(O)NC1CCCCC1,,,,,
C2249,C1CNC(C(=O)O)N1,,,,,
C2250,C1CC(N[N+](=O)[O-])C(c2cc[nH]n2)CC1,,,,,
C2251,C1CN(Oc2ccc(C)cc2)NC1,,,,,
C2252,N1(c2ncccc2)CNCC(C#C)C1,,,,,
C2253,C(C)C1CNNCC1C(=O)O,,,,,
C2254,C1N(NC(=N)N)CNN1N=[N+]=[N-],,,,,
C2256,C(C#C)C1CNC(N=O)N1,,,,,
C2257,C1CN(C2CNNC2)C(C(=O)O)N1,,,,,
C2258,N1CCN(C2CCNCC2)CN1C1NNN(CC=C)CN1,,,,,
C2259,C1N(C2(N[N+](=O)[O-])NCC(c3cnc[nH]3)NC2)NN(C(=O)[N+](=O)[O-])N1,,,,,
C2260,C1(N=O)C(C(=O)O)NCN1,,,,,
C2261,C1(C(=O)C#N)CNCCN1,,,,,
C2262,C(#C)C#N,,,,,
C2263,C1CC(C(=O)Cc2ccn[nH]2)(C2CNNN2)CCC1,,,,,
C2264,N1CC(OO)(C=C)CCC1,,,,,
C2265,N1NCC(C2N(CCC)NCCC2)CC1C1(C(=O)N)NCNN1,,,,,
C2266,CC#CC1(C2CCCCC2O)C(n2cncn2)C(O)CCC1,,,,,
C2267,C(C#CC1C(C(=O)O)NN(c2ccc(C)cc2)N1)C1CCNN1,,,,,
C2268,N1C(C2NC(C(CC)C3CCC(C)CC3)NN2)CNCN1c1nnncc1,,,,,
C2269,N1NNN(c2cnncc2)CC1,,,,,
C2270,N1CNCN(CC)C1C1C(C2N(C#CC)NNN2)NNN1,,,,,
C2271,C1CNNN1n1ccnc1,,,,,
C2272,CC(=COO)C#CC,,,,,
C2273,C1(C2CNNN2N=O)CCC(O)(c2nccnn2)CC1,,,,,
C2275,C(C)c1ncc[nH]1,,,,,
C2276,N1CCNC(C=C)N1,,,,,
C2277,CCC(NC(=N)NOC(=O)N)C1CCC(NC(=N)N)CC1,,,,,
C2278,CC=Cn1cncn1,,,,,
C2279,CCC1(C2CNCCC2)CCN(c2ccncc2)N1,,,,,
C2280,N1CC(O)N(c2ccc3c(c2)cccc3)CN1,,,,,
C2281,N1CNC(CCC)CC1,,,,,
C2282,C(N)(C1NCCNC1)c1c[nH]nc1,,,,,
C2283,C1N(c2ccc(O)cc2)CNN1,,,,,
C2284,N1C(NN)NCN(C(=O)O)C1c1ccccc1C,,,,,
C2285,N1CNCNC1C=CC,,,,,
C2286,N1C(C2CCC(O)CC2)N(C2C(c3ccncc3)CCCC2O)CNC1,,,,,
C2287,C1(C#CCN)NCNN1,,,,,
C2288,N1CNCN(C#N)N1,,,,,
C2289,C1N(c2cccc3c2cccc3)CN(N[N+](=O)[O-])N1,,,,,
C2290,N1(N)CNCCC1,,,,,
C2291,C1C(C2(C(=O)C)NCCCC2c2ccc3c(c2)cccc3)NC(C2CNNCN2)N1,,,,,
C2292,C1(C(=O)OC2NCNCN2c2nnccc2)NNN(C(=O)O)N1,,,,,
C2293,C(C)C1NCCN(c2c(O)cccc2)N1,,,,,
C2295,C1CCCC(C2(OO)NNNCN2)(C2NCCN2)C1,,,,,
C2296,C1CCC2C(C3CNNN(c4nnncn4)C3)C(C3CNNN3)CCC2C1,,,,,
C2297,N1C(N(N)CC#C)NC(C(=O)O)N(N=O)C1,,,,,
C2298,N1C(Cc2ccccc2)NCNC1,,,,,
C2299,C1CC(N2CCNC2)CCC1OOC1CCC(C)CC1C=C,,,,,
C2300,C(=C)N([N+](=O)[O-])C1C(O)CCC2C1CCCC2c1ccc(C)cc1,,,,,
C2302,CC1C(N=[N+]=[N-])C(c2cccc3c2cccc3)CCC1C1NNNNC1,,,,,
C2304,N1CN(C2CCC(C)C(C3NCCCC3)C2)C(c2c[nH]nn2)NC1,,,,,
C2305,C1CN(N=[N+]=[N-])NC1CC(C)C(=O)O,,,,,
C2306,N1C(C2NNNCN2CC2CCC(C3CCCCC3C)CC2)NCNN1c1nnncn1,,,,,
C2307,N1CC(C(C=C)c2cnn[nH]2)CC(ON=NO)C1,,,,,
C2308,CC1(O)CCC(c2c[nH]nc2)CC1,,,,,
C2309,C1CNCN1C1(c2cc(O)ccc2)N(C2CCNCC2)N(C2CCC(O)CC2)NCC1,,,,,
C2310,N1NN(N2C(OO)N(N3CCNC3)NN2)CCC1,,,,,
C2311,N1CNC(C#N)N(C=O)N1,,,,,
C2312,C1CNN(OOC2N(C)NNNC2N)C1,,,,,
C2313,CC1C(N2CCNN2CC=C)CCCC1,,,,,
C2314,N1(C2(C)CNNNC2)CCCCC1,,,,,
C2315,N1(c2ccc(O)cc2)NCCCC1,,,,,
C2316,C1C(C2CN(C3NCNN3)NC2)C(n2cnnn2)CCC1,,,,,
C2317,N1C(C2NC(N3CCNN3)CN(C3CNC(N[N+](=O)[O-])N3)C2)CCCC1,,,,,
C2318,C(#CN1CCC(c2nnncn2)N1)C=O,,,,,
C2319,C1CNC(C#N)CN1,,,,,
C2320,C1NN(n2ccnc2)NN1,,,,,
C2321,CC1CCC(c2ccncc2)C(N)C1C1CCCCC1O,,,,,
C2322,C1NN(N[N+](=O)[O-])N(c2ccncc2)N1,,,,,
C2323,C(C#C)C1C(C2CCC3CCCCC3C2)CN(C2C(c3nnncn3)NCCC2)N1,,,,,
C2324,C1C(C2NNCCC2)(C)CC(C2C(C3CCNN3)CNN2)CC1,,,,,
C2325,N1CNCN(C2CCCC(C3CNCN3)(c3ccc4ccccc4c3)C2(O)O[N+](=O)[O-])N1,,,,,
C2326,N1CCN(OON=N)CN1,,,,,
C2327,CCC(N1CN(NN)NN1)NC(=N)N,,,,,
C2328,C(C(=C)N(N)C1C(C#CC)CCC(C)C1)C1NCNCN1,,,,,
C2329,C1CNN(c2nncnc2)C1,,,,,
C2330,N1CCNC(C2NN(CC)NNC2)N1,,,,,
C2331,C(CN=NN=NO)C,,,,,
C2332,C1NC(C2CCCCC2)N(C2CCCC(C3CNCN3)C2(O)c2cnncn2)N1,,,,,
C2334,N1(CC=C)C(C2CNNC2)N(N)NCN1C1NCCCC1,,,,,
C2335,CC(Cc1ncccc1)C1CNNCC1,,,,,
C2336,CC#CC1(C#CC)NCCCC1CC#C,,,,,
C2337,C1CCC2CCCCC2(NC(=N)N)C1,,,,,
C2338,C1C(c2cnnnc2)NNN1,,,,,
C2339,C1(c2c[nH]nc2)CCCCC1,,,,,
C2340,N1(C2CC(Cc3cnnnc3)NN2)CNNCN1C=CC,,,,,
C2341,C1CCCC(C2CCC3CCCCC3C2)(N2CNNN2N)C1C1CCNN1,,,,,
C2342,C1C(C2CN(CCC)NN2)NN(C(=O)COO)N1,,,,,
C2343,C1NNNN1C,,,,,
C2344,C1NCN(C2(C#C)NNN(O)CC2)N1CC=C,,,,,
C2345,CC1(NC(=N)N)CCCCC1,,,,,
C2346,C(=CC1NC(c2ccccc2C)NCN1)C1NNNC(CC=C)C1,,,,,
C2347,C1CN(NN)C(C(=CC=N)c2ccncc2)N1,,,,,
C2348,N1(c2cnccc2)CCCCC1,,,,,
C2350,C1CC(C)C2CCCCC2C1C1NCCNN1,,,,,
C2351,C1(O[N+](=O)[O-])NNNN1N[N+](=O)[O-],,,,,
C2352,C1C(C(=O)N)CCCC1O,,,,,
C2353,N1NNN(c2nncnc2)CC1C1N(C(=O)[N+](=O)[O-])NNCC1,,,,,
C2354,CC(=C)N(C(=N)N)CC=CN,,,,,
C2355,C(C1NN(N2CCNC2)NN1CC#C)c1c[nH]nc1,,,,,
C2356,C(#CC(=O)O)C1C(C(=C)C#N)CC(C)CC1,,,,,
C2357,C1C(OOC(=O)N)NCN1,,,,,
C2359,C1CN([N+](=O)[O-])NC1(C1N(N)CNN1)c1nccnc1,,,,,
C2360,C1CC(C2C(O)CCCC2)C(O)CC1OCC=CNN,,,,,
C2361,C1(c2nnncc2)CCCCC1,,,,,
C2362,C1C(CCC2NCC(c3c[nH]nn3)NC2)CC(NC(=N)N)CC1,,,,,
C2363,CC1CCCCC1N1CNN(C2NNNCC2)N1Cc1ccccc1,,,,,
C2364,N1CC(NC(=N)Nc2nnncn2)NCN1,,,,,
C2365,C1(C=C)CNC(C(=O)C)N1,,,,,
C2366,C#CC1CNNN1N1CC(C#CC)N(OO)C1,,,,,
C2367,CC=CC1CCCCC1(O)C1CCCCC1,,,,,
C2368,C#CC1CNNN(c2ccn[nH]2)C1,,,,,
C2369,CC=CC#N,,,,,
C2370,CC1C(c2nnncc2)CC(C2CNNNC2)CC1,,,,,
C2371,N1C(C2CNC(C3NCN(N[N+](=O)[O-])N3)N2)N(CC2CCCCC2)CCC1,,,,,
C2372,N1CN(C2(C#C)CCNN2)CNC1C=N,,,,,
C2373,N1(O[N+](=O)[O-])N(c2ccccc2O)NNCC1,,,,,
C2374,N1CNCN(C(=O)O)C1,,,,,
C2375,C1N(C2NCCN(n3cnnn3)N2)NN(C)N1N1CCCN1,,,,,
C2376,N1CNC(C2NCNN2C2NCCN2c2ccc(O)cc2)CC1O,,,,,
C2378,N1CCNCN1c1cnncc1,,,,,
C2379,C1NCN(CC=Cc2nnccc2)N1N1CNCN1,,,,,
C2380,N1CNCC(c2c[nH]nn2)C1,,,,,
C2381,N1CNCN(n2ccnc2)N1,,,,,
C2382,N1(C)CCCCC1,,,,,
C2383,C1CCCCC1(O)c1cnn[nH]1,,,,,
C2384,C1CNC(C2CCC(C3CC(O[N+](=O)[O-])NN3N)CC2C)N1,,,,,
C2385,C1(C2CCC3C(c4ncccc4)CCCC3C2)CNCN1,,,,,
C2386,C(C(=CC=CN[N+](=O)[O-])C=CC)C=O,,,,,
C2387,C1CCCC(C(=CCC2CCC(n3cnnn3)CC2)CC)C1,,,,,
C2388,C1(O)C(C(=O)O)NNN1C1(O[N+](=O)[O-])CCNN1,,,,,
C2389,C1(C2CNNN2)CNN(N=O)N1C1N(c2ccn[nH]2)NNCN1,,,,,
C2390,N1CNC(c2nnncc2)NN1,,,,,
C2391,C1(N2C(C3C(C4CCC(O)CC4)NNC3)(CCC)NNN2)NCNN1,,,,,
C2392,N1(c2cnccc2)CC(N=N)NCN1C1CC(O)CCC1,,,,,
C2393,N1CNCN([N+](=O)[O-])N1C1C(C2CC(N=O)CCC2C)NNNC1,,,,,
C2394,CCCC1(C2N(c3cnnnc3)NCNN2)C(C(=O)C)CCCC1O,,,,,
C2395,N1CN(n2ccnc2)CNC1,,,,,
C2396,C1(N=NC2CCC3C(C2)CCCC3c2ccc3ccccc3c2)CCCCC1,,,,,
C2397,C1C(C2NNNN2)(c2cc[nH]n2)NNN1N=N,,,,,
C2398,N1CC(N=NO)CCC1,,,,,
C2399,C1CNC(c2ncn[nH]2)CN1,,,,,
C2400,C1(C=Nc2ccn[nH]2)(C2CC(O)CCC2)NNNN1,,,,,
C2401,C1C(NC(=N)N)(n2ccnc2)CCCC1ONC(=N)N,,,,,
C2402,C1N(C2(C(=O)C)CCN(C3CNNCC3)N2)CN(O[N+](=O)[O-])N1,,,,,
C2403,CC(=C)C1NNNNC1C1CC(C2CNCCC2O)CC(C)C1,,,,,
C2404,C1(C2(C3CCCC(C)C3)NCNCN2)NN(C(=O)Oc2ccc(O)cc2)NN1,,,,,
C2405,C1(C2CCNN2)CNC(C2C(C3N(c4cnc[nH]4)CCNC3)NNC2)N1,,,,,
C2406,C1C(C2CNCN2)NCC(C2(C(=O)ONN)CCCCC2C)N1,,,,,
C2407,CC#CC(C=C)N1C(N)NCN1,,,,,
C2408,C1C(C2NCCNN2)(C(=O)N)CCCC1O,,,,,
C2409,N1CNCC(C2CCCC3C2C(c2c[nH]cn2)CCC3)C1,,,,,
C2410,N1(C#N)C(C2CNNN(C(=O)O)C2)NCN(N)N1,,,,,
C2411,CC(=C)C1C(N2CNNN2)(C)CNN1,,,,,
C2412,C1CNNN1N1CCC(OO)N1,,,,,
C2413,N1(C)CNCNC1C(=O)C=C,,,,,
C2414,N1CN(C2N(c3nnccc3)CNCN2)CNN1,,,,,
C2415,C#CC1CCCC(CC2CC(O)CC(c3nnn[nH]3)C2)C1,,,,,
C2416,N1NNCC(C2NCN(C3(N)CCNCC3)C(n3ccnn3)N2)C1,,,,,
C2417,C1(N)(NN)CNCN1,,,,,
C2418,C1N(N([N+](=O)[O-])C)NN(N=O)N1C=O,,,,,
C2419,C(=CC(=O)N)C1NNNCC1c1nncnn1,,,,,
C2420,CC1(C2CNNN2)CCC(N=NO)C(C=CO)C1,,,,,
C2421,C1(C2CCNN2)CCC2CCC(C3(CCC)CNCN3)CC2C1,,,,,
C2422,N1C(C2CNNC2)(C(C)c2ccccc2O)N(N=O)CNN1,,,,,
C2423,C1CN(C2C(O)CCCC2)CC(C2CCNN2)N1C1CC(N)CC(C)C1,,,,,
C2424,C1N(OO)CNN1,,,,,
C2425,C(#Cn1cncn1)C1CCCC2C1CCCC2,,,,,
C2426,C1C([N+](=O)[O-])CC(C#CC2NNN(c3nnnnc3)CC2)CC1,,,,,
C2427,CC1(C2CCNN2)C(C(=O)[N+](=O)[O-])(O)CCC(C2CCCC3C2CCCC3)C1,,,,,
C2428,N1(n2cccn2)NN(O[N+](=O)[O-])NCC1,,,,,
C2429,CC(=CC1C(C=C)CCC(C)C1)N=[N+]=[N-],,,,,
C2430,N1C(C=CC)NC(n2cncn2)CC1,,,,,
C2431,C1NNN(C2CC(O)(C#N)CCC2C2CCC(O)(c3nnccc3)CC2)N1,,,,,
C2432,N1C(OC(=O)N)NCC(c2cc(O)ccc2)C1,,,,,
C2433,N1CNNC(c2nnnnc2)N1,,,,,
C2434,C1NNNN1c1nnccc1,,,,,
C2435,N1NCCC(C2NNC(c3cc[nH]n3)NN2)C1N1CNNN1,,,,,
C2436,C1C(NC(=N)N)CCCC1,,,,,
C2437,C=CC1(C#CC)CNNN1C1CN(c2ncc[nH]2)CCC1,,,,,
C2438,C1(C2NCCCC2C2NCCCC2[N+](=O)[O-])CNCN1,,,,,
C2439,C1N(C(C=C)N2CN(C#CC)CN2)CNN1C,,,,,
C2440,N1NNN(C2CC(N3CCNC3)NCC2)CC1OO,,,,,
C2441,N1CC(C#CC)C(C2NCNCN2)C(C=N)C1,,,,,
C2442,C1(N2CNCN2)CN(C2CCC3C(C2)C(n2cccn2)CCC3)N(C2NNCNC2)N1,,,,,
C2443,C(C1CC(C2NNNC(CC)C2)CC(C2NCCCC2)C1)c1nc[nH]n1,,,,,
C2444,CC(C)C1C(c2c[nH]nc2)CC2CCCCC2C1,,,,,
C2445,CC(C)c1nncnc1,,,,,
C2446,CCc1nnccc1,,,,,
C2447,C1C(c2ncccc2)CCCC1,,,,,
C2448,N1(C)N(c2ccn[nH]2)NCCC1,,,,,
C2449,N1(n2cnnn2)C(C(=O)O)NCNN1,,,,,
C2450,N1CNCNN1c1cnn[nH]1,,,,,
C2451,C(C#C)c1nnncc1,,,,,
C2452,N1N(C2CCNCC2n2cccn2)NCCC1,,,,,
C2453,C1(C2(C3CC(N[N+](=O)[O-])C(O)CC3)CNNC2)CNCN1,,,,,
C2454,C#Cc1ncccc1,,,,,
C2455,C1(c2ccccc2C)C(N=[N+]=[N-])N(C#CCN=O)NC1,,,,,
C2456,N1CC(C2CNNC2)C(C2CNC(c3ccccc3O)N2)CC1,,,,,
C2457,C=CN([N+](=O)[O-])CC#C,,,,,
C2458,C1N(C2C(CC)CCCC2(O)C2CCNN2)NNN1C=C,,,,,
C2459,CCC(=O)[N+](=O)[O-],,,,,
C2460,C1N(C2CC(C3(n4cccn4)NCCCC3)CC3C2(C2CNNNC2)CCCC3)NNN1,,,,,
C2461,C1CCCCC1(O)C1CN(c2cnncn2)NNC1,,,,,
C2462,N1(C2NC(OC(=O)N)CN2)CCCCC1,,,,,
C2463,CC#CCC1(C(=O)[N+](=O)[O-])CC(C(=O)O)CCC1O[N+](=O)[O-],,,,,
C2464,C(C#C)C1C(C)N(CC#C)NN1,,,,,
C2465,C1(C=CC)CN(C(=CC)c2ccncc2)NC1,,,,,
C2466,C1N(n2ccnn2)NNN1,,,,,
C2467,C1(C2(C3CNCN3)CCNN2)NCN(c2nnncn2)N1,,,,,
C2468,N1C(N[N+](=O)[O-])NCNN1C1NNNN1,,,,,
C2469,N1N(N2CC(C3CNNN3)CN2CC=C)N(C(=O)O)NCC1,,,,,
C2470,C1(C=CCC2CNNN2)N(C=CC)NNN1,,,,,
C2471,CC(Cc1c[nH]nc1)C1NNNNC1N1CNCN1,,,,,
C2472,C1CCC(C=C)CC1(O)N[N+](=O)[O-],,,,,
C2473,C1CNN(C(=O)C)N1,,,,,
C2474,N1C(c2nccnn2)NCNC1,,,,,
C2475,C1(C2NNNCN2)CNC(CC=C)N1,,,,,
C2476,C1(C2CCC(CC=N)(c3nnn[nH]3)CC2)CNCN1,,,,,
C2477,C1CCCCC1C#CC,,,,,
C2478,C1CN(CCC2CCCCC2)C(c2nnccc2)CN1,,,,,
C2480,CC#CC1CCC2CCC(C=CC)CC2(C=C)C1,,,,,
C2481,C1C(c2c[nH]nc2)CCCC1C1NCNCN1,,,,,
C2482,N1CNC(C2CC(O)CCC2)N(C#CC)N1,,,,,
C2483,N1N(c2ncc[nH]2)CCCC1,,,,,
C2485,C(C(=C)C(=O)O)(C1CCC(c2nnccc2)CC1O)C1NCCNC1,,,,,
C2486,N1(C2CCN(O)N2)CNCNN1,,,,,
C2487,C1(n2cnnn2)CCCCC1(O)OO,,,,,
C2488,N1(N2CCNN2)CCCC(C(=O)C)C1,,,,,
C2489,C1CCC2CCCCC2(N2CCNC2C2NCC(c3ncc[nH]3)C(O[N+](=O)[O-])C2)C1,,,,,
C2490,C(#C)C=Nc1cnc[nH]1,,,,,
C2491,N1(C2CNNN(c3c[nH]nc3)C2)CN(N=[N+]=[N-])CCC1,,,,,
C2492,N1CN(C=N)CNN1,,,,,
C2493,C#CN1C(CC#C)CC(C2CC(N=[N+]=[N-])C3C(C2)CCCC3)N1,,,,,
C2494,N1NN(C(=O)N)CCC1,,,,,
C2495,N1(C2CNCN2c2c[nH]cn2)NNNCC1,,,,,
C2496,C1(CC2CCCCC2)CCC2CC(C3NCCNN3)CCC2(C2NCNN2)C1c1nnncc1,,,,,
C2497,C1(C)(C2NNCNC2)CCC(Oc2nccnn2)CC1,,,,,
C2498,C1N(N[N+](=O)[O-])CNN1,,,,,
C2499,C1NN(C2C(NC(=N)N)(C#C)CN(N=N)N2)NN1,,,,,
C2500,C1(C2NCCCC2)CNC(Cc2ccccc2)N1,,,,,
C2501,C1(c2c(O)cccc2)NCNN1,,,,,
C2502,C1C(C2CNNC2)(c2nncnn2)NNN1O,,,,,
C2503,N1C(C2CCCC3C2CCCC3N2CCNN2)N(c2c[nH]nc2)CNN1,,,,,
C2504,CC1C(C2C(C3CCNCC3)N(C(=O)C)NC2)CC(O)CC1,,,,,
C2505,N1CCNC(c2nnccc2)N1,,,,,
C2506,C1CNNN1C(=O)N,,,,,
C2507,N1CC(c2nnn[nH]2)CCC1,,,,,
C2508,C=CC#CC,,,,,
C2509,C1CNC(n2cccn2)CN1,,,,,
C2510,CC1C(C(=O)C)C(C2NNNCN2)C(C=CC)C(N=O)C1,,,,,
C2511,C1NCNN1NNC1(C2CCNCC2)NCNN1c1ncccc1,,,,,
C2512,N1CNCNN1C1CN(C(=O)ON2CCC(O)N2)NC1,,,,,
C2513,C1C(n2cccn2)NN(C2NNNNC2)C1C(=O)C,,,,,
C2514,N1N(N=[N+]=[N-])NC(CC2CCC(C(=O)O)CC2)CC1,,,,,
C2515,N1CCNC(C2CCCC3C2C(c2nnccc2)C(N2C(C4NNCCC4)NCN2)CC3)N1,,,,,
C2517,C1NCN(NN)N1C1CCCCC1C,,,,,
C2518,N1(C2N(N(N)N=[N+]=[N-])CCNC2)CNC(C=C)CC1,,,,,
C2519,CC1CCC(c2ccn[nH]2)CC1,,,,,
C2520,N1CNCN(C2C(C3CNNN3C(=O)C)NNC2)C1,,,,,
C2521,C(CC(C1NCN(C2CCCCC2)N1)N=N)O[N+](=O)[O-],,,,,
C2522,C1C(N=N)NNC1CC=CC(=O)N,,,,,
C2524,N1C(C=C)N(NN)CC(c2ncncn2)C1,,,,,
C2525,N1CN(c2cccc(C)c2)CNN1,,,,,
C2526,C1CC(CCC)C(C#CC)CC1C1NCCN1,,,,,
C2527,CC(=C)c1cnncn1,,,,,
C2528,C1CC(N(C(=N)N)c2ncn[nH]2)CC(C2NNNN2)C1,,,,,
C2529,N1N(c2ncn[nH]2)NNCC1C1(C(=O)OC2CCNCC2)CNNNC1,,,,,
C2530,C(C)CC1(CC2NN(N)CNN2)CCCCC1,,,,,
C2531,C1CCC2CC(C3(C4CNNNC4)CN(n4cccn4)NN3)CCC2C1,,,,,
C2532,N1NNN(C2N(C(=O)O)C(c3cnncc3)CCC2)CC1,,,,,
C2533,N1C(C2CCC(O)CC2)NCN(C2NNC(N3CN(c4ccc5ccccc5c4)NN3)NN2)N1,,,,,
C2535,C1CC(C=C(C)OC(=O)N)CCC1,,,,,
C2536,C1(OC(=O)NNN)(N2CNNN2)CNNC1,,,,,
C2537,C1(C2NNNCC2)CNNC1c1cc[nH]n1,,,,,
C2538,N1C(OOc2cc[nH]n2)NN(N)CN1OC(=O)N,,,,,
C2539,C1(NN)(N2C(C#C)NNN2)NNNN1N=N,,,,,
C2540,C(#C)C1(C2NCCNC2)NCN(N=NO)CN1,,,,,
C2542,CC=CCC1CCCCC1C1(CC=C)CCCC2C1CC(c1cc(O)ccc1)CC2,,,,,
C2543,CC(=C)C=N,,,,,
C2544,N1C(c2ncc[nH]2)NCNN1,,,,,
C2545,CC1NN(OO)CCC1c1cnncc1,,,,,
C2546,N1NNC(C2N(n3ccnn3)CCN2)C(C2C(C3CCC(C)CC3)NNNC2)C1,,,,,
C2547,C1(OC(=O)N)CN(c2c[nH]cn2)C(N)N1C=N,,,,,
C2548,C(=C(C)C#CC)C(=O)O,,,,,
C2549,C(=Cc1nncnc1)[N+](=O)[O-],,,,,
C2550,N1C([N+](=O)[O-])CNCN1C1NCCNN1C1CNNN1,,,,,
C2552,C(#CC1CN(C2CCNN2)NC(CC2CCCCC2)N1)C(=O)[N+](=O)[O-],,,,,
C2553,C(N=[N+]=[N-])N(C(=N)N)c1cccc2c1cccc2,,,,,
C2554,C(C#C)OC(=O)NOC(=O)N,,,,,
C2555,C(C#C)OC(=O)N,,,,,
C2556,C1CN(c2nnccc2)CCN1,,,,,
C2557,N1C(C(=O)O)CNC(c2nncnn2)N1,,,,,
C2558,N1CNC(N2CNNN2C)CC1,,,,,
C2559,C(#C)N1C(c2ccccc2C)NNN1N=NO,,,,,
C2560,N1CC(N=NO)CCC1,,,,,
C2561,C1(O[N+](=O)[O-])(C2NNNCN2)CN(C2CCN(n3ccnn3)N2)CCN1,,,,,
C2563,N1CCCCC1Cc1ccccc1,,,,,
C2564,C1(C2NNCNN2)C(N=[N+]=[N-])NCN1C,,,,,
C2565,CC(C#N)(C1N(c2ncncn2)CCCC1)N1CCNC1,,,,,
C2566,C(C(=O)[N+](=O)[O-])C1(C2NNNCC2)NCC(C(=O)O)CC1,,,,,
C2568,C(=C)(C(=O)O)C1(C(=O)O)CC(c2nccnn2)NN1,,,,,
C2569,C(=C)c1ncccc1,,,,,
C2570,N1C(C=N)CNCN1C1NNNCN1,,,,,
C2571,N1(C(=O)C)CNCN(C2CC(O)CCC2)N1,,,,,
C2572,N1(c2ccncc2)CNC(C2CCNCC2)CC1,,,,,
C2573,CC1CCC(C2(C(=O)N)C(O)CC(c3nccnc3)CC2)CC1,,,,,
C2574,C1CNC(C(=O)Cc2ccncc2)CN1,,,,,
C2575,C1C(NC(=N)N)CCCC1C,,,,,
C2576,N1C(c2cnccc2)N(C2CCCCC2O)CNC1,,,,,
C2577,N1(C2CNCN2)CN(C2CCCCC2)CNN1C,,,,,
C2578,CC1NNCC(c2ccccc2C)C1,,,,,
C2579,N1C(N2CCC(C3NCCNC3)N2)NNC(C2N(N[N+](=O)[O-])CCNC2)N1,,,,,
C2580,C=Cc1nnncc1,,,,,
C2581,C1(C2(C3CCC(O)CC3)NNNN(c3ccn[nH]3)C2)CCC2CCCC(N)C2C1,,,,,
C2582,C1CCCC(C=NC2CNNC(C(=O)N)C2c2nncnc2)C1,,,,,
C2583,C1CN(c2cnncc2)NN1,,,,,
C2584,C1(C2CNCCC2)CCC2(c3cnncn3)CC(C3N(OC(=O)N)NCNN3)CCC2C1,,,,,
C2585,N1C(C=O)NNCN1C1CCC(O)CC1,,,,,
C2586,N1C(C2(O)NCCN2)NNCN1,,,,,
C2587,N1NNNCC1C1CC(CCC)C2C(C1N)CCCC2,,,,,
C2588,C=CC1CCC(C)CC1c1cnnnc1,,,,,
C2589,CC=CC1CC(C2(N3CCNC3)CNNC2c2ccncc2)C(O)CC1,,,,,
C2590,CC(C1NCC(C#C)CC1)C1CN(C(=O)N)NNC1,,,,,
C2592,N1(C(=O)[N+](=O)[O-])CNCN(CC#CC2NCNCN2Cc2ccccc2)N1,,,,,
C2593,N1N(CC#C)CCCC1,,,,,
C2594,N1CCN(NC(=N)N)CN1,,,,,
C2595,C([N+](=O)[O-])NC(=N)N,,,,,
C2596,C1NCNN1N=N,,,,,
C2597,N1C(c2nnnnc2)NCNN1,,,,,
C2598,C=CC1(N)CN(N=N)NC1,,,,,
C2599,CC(C)c1nccnc1,,,,,
C2600,C1CNCC([N+](=O)[O-])N1,,,,,
C2601,C(C)C1CCNN1C=C,,,,,
C2602,C1CN(C(=O)N)CN1,,,,,
C2603,N1CCN(C2CCC3CCCCC3C2C)CN1c1c[nH]cn1,,,,,
C2604,C1C(C#N)NNN1,,,,,
C2605,N1C(N[N+](=O)[O-])N(C2N(C=CC)NNN2)CCC1,,,,,
C2606,C1CCCCC1N([N+](=O)[O-])C=C,,,,,
C2607,C1(C2NCCNN2C2NCC(C3CCCC4C3CCCC4)NC2)NCNN1C(=O)C,,,,,
C2608,C1(C(=O)O)CCC(OC(=O)N(C2CNNNC2)c2cccc(C)c2)CC1,,,,,
C2609,N1NN(C#C)CCC1,,,,,
C2610,C1(C#CC)N(C2NNC(C3NNNN3)NC2)N(O)NN1,,,,,
C2611,N1NCCCC1(C1CNNN1)C1CCCCC1,,,,,
C2612,N1NNNC(C2CCNN2)(C2NCCN(C3CNNN3)C2n2ccnn2)C1,,,,,
C2613,C1CC(C2NNC(O)NN2)CC(CCC)C1,,,,,
C2614,N1NN(Cc2ccccc2)NCC1,,,,,
C2615,CC#Cc1cnn[nH]1,,,,,
C2617,N1CC(N)NCN1,,,,,
C2618,N1CCC(C2CCC(O)CC2)(N)CC1,,,,,
C2619,N1([N+](=O)[O-])CCN(N=NOc2ncncn2)CN1,,,,,
C2620,CC#Cc1cnn[nH]1,,,,,
C2621,N1NNN(CC#C)C(C#N)C1,,,,,
C2622,CC(=C)n1cncn1,,,,,
C2623,C1(C2CNCCC2)(O)CNNC1,,,,,
C2624,C1(n2ccnc2)CN(C2CCNN2)NN1,,,,,
C2625,N1(C2NNCNC2)CC(c2nnncn2)NCN1,,,,,
C2626,N1C(C2CNN(C(=O)NO)NC2)NC(C=C)CC1,,,,,
C2627,C=Cn1ccnn1,,,,,
C2628,N1CNC(C2CCCCC2)NN1C1CCC(O)C(c2c(O)cccc2)C1,,,,,
C2629,C1CCCC(CC=Cc2nc[nH]n2)C1,,,,,
C2630,N1N(C#C)C(N=O)CC(C#C)C1,,,,,
C2632,C1NC(C=CC)NN1,,,,,
C2633,C1(C2CCCC3(C=N)C2CCCC3)CNCN1,,,,,
C2634,N1C(C2CCCCC2O)NCNC1Cc1ccccc1,,,,,
C2635,CC1CN(N[N+](=O)[O-])CN1,,,,,
C2636,C1CNCC(O)N1,,,,,
C2637,CC(C)C(=CC)C1CCC(ON2CCNN2)C(c2nnncn2)C1,,,,,
C2638,CC(CN1CNNN1C1CCC(C)CC1)c1ncncn1,,,,,
C2640,C(C1CC(N)CC(c2ccc(O)cc2)C1)C1CCC2CCCCC2C1,,,,,
C2641,C1NNN(c2ccc(O)cc2)N1,,,,,
C2642,C1NNN(C2C(c3nnncn3)NN(C3(C4CNNNC4)CCCC(C)C3)N2)N1,,,,,
C2643,C1(C)N(c2ncn[nH]2)NNN1C1NNNCC1,,,,,
C2644,C1CNC(C=N)CN1,,,,,
C2646,C(C=Cc1cccc2c1cccc2)(OC(=O)N)C1CCNN1,,,,,
C2647,C=C(N=[N+]=[N-])C=N,,,,,
C2648,N1(C2NCCN2)CNC(N=[N+]=[N-])NC1,,,,,
C2649,CCc1nc[nH]n1,,,,,
C2650,C=CC1CCCC(ON2CNNN2c2ncn[nH]2)C1O,,,,,
C2652,C1CN(OC(=O)N)NN1,,,,,
C2653,N1(CC#C)CN(c2ncn[nH]2)CNN1C(=O)N,,,,,
C2654,C=CC1(c2nccnc2)CCCCC1C,,,,,
C2655,C1N(C2CCNN2N)NNN1O[N+](=O)[O-],,,,,
C2656,CC(CCC1NNCNN1)C1CCC2C(c3ncncn3)CCCC2C1,,,,,
C2657,CC(C(NN)C1NCCNN1O[N+](=O)[O-])C#C,,,,,
C2658,C1C(N=NC=O)NNC1,,,,,
C2660,C1(C2(C(=O)[N+](=O)[O-])CCC3CCCCC3C2)NCN(C2CCC(C=O)C3C2CCCC3)N1,,,,,
C2661,CC(CC1NN(C=CC)CNN1)(NC(=N)N)C(=O)[N+](=O)[O-],,,,,
C2662,C1(C(=O)C)(c2ccn[nH]2)CN(C2C(C=N)CNN2)CN1,,,,,
C2663,C1N(C2(C3CC(O)(C4NCCNC4)CC(OO)C3)NNCNN2)CNN1,,,,,
C2664,Cc1c[nH]nc1,,,,,
C2666,C1C(N2C(C(=O)O)NNN2)C(N=N)CC(C(=O)N)C1,,,,,
C2667,C(#CN[N+](=O)[O-])C1CNCN1OC(=O)N,,,,,
C2668,N1CCCCC1c1c[nH]nn1,,,,,
C2669,CC(C)C1NC(N=[N+]=[N-])NN1C(C#C)O,,,,,
C2670,CC=CN1C(C2CNNN2)CN(c2ccncc2)C1,,,,,
C2671,N1CCN(C2NCCN(C=O)N2)CN1,,,,,
C2672,N1C(C2C(O)CCCC2)N(C2CCCCC2)CNC1,,,,,
C2673,C(C=C)N=NO,,,,,
C2674,C1CN(C2CNNCN2CC2CCC(O[N+](=O)[O-])CC2)CCN1,,,,,
C2675,N1C(C2NCCNN2)NC(C2CCCCC2)CC1,,,,,
C2676,C1C(O[N+](=O)[O-])NC(c2c[nH]nn2)N1,,,,,
C2677,C1C(C2NNNN2)N(C#C)C(O[N+](=O)[O-])N1,,,,,
C2678,C(C1CCC(c2nncnn2)CC1C1CCCC(C)C1)C=O,,,,,
C2679,N1CNC(C2C(C=N)CC(C)CC2)(c2c[nH]nn2)N(OC(=O)N)N1,,,,,
C2680,N1(C2NNNNC2N=O)NNC(N=O)CC1,,,,,
C2681,N1CC(c2ccc3c(c2)cccc3)CCC1,,,,,
C2682,N1(C=CC)NNCC(CCC)C1,,,,,
C2683,N1N(C2CN(N=NO)CCC2)NN(C(=O)N)CC1C(=O)[N+](=O)[O-],,,,,
C2684,C1C(C2CC(O)NN2)CCC(C(=O)N)C1,,,,,
C2685,N1CC(C2CNN(C(=O)O)N2)CC(C2CNNC2)C1,,,,,
C2686,N1NCC(O)(c2cnncc2)CC1,,,,,
C2687,CC1CC(C2CCNN2)(c2ncn[nH]2)CC(C2CNNN2)C1,,,,,
C2688,C(C1CCC(c2ccccc2C)CC1)NN,,,,,
C2689,C1(c2ccc3ccccc3c2)N(N)C(N=[N+]=[N-])NN1N[N+](=O)[O-],,,,,
C2690,N1NNCCC1c1nccnc1,,,,,
C2691,N1CNC(C2(C3CCCCC3O)NN(n3ccnc3)NCN2)NN1,,,,,
C2692,C(C)C#CC,,,,,
C2693,C1C(OON2CCNC2)NC(C2NCC(C(=O)C)NC2)N1,,,,,
C2694,C1(c2cnn[nH]2)CCCCC1,,,,,
C2695,N1CN(C2CNCCC2c2c(O)cccc2)C(OO)N(C2NNNN2)N1,,,,,
C2696,N1CNC(C2CCC(O)C(c3nnccc3)C2)NC1,,,,,
C2697,C(C#C)C1CNN(C(=O)N)C(c2nnncn2)C1,,,,,
C2698,C1CNNC1c1ncccc1,,,,,
C2699,CC1(N2CCN(OO)C2)CCC(C2CCCCC2O)CC1O,,,,,
C2700,C(C#CNCCC)C1CC(c2ccccc2C)CC(C)C1,,,,,
C2701,C1C(C2NCC(c3ncncn3)NN2)CCCC1CC#C,,,,,
C2702,C1CCCCC1Oc1nncnc1,,,,,
C2703,N1CNCNC1C1CCC2C(c3cccc4c3cccc4)C(C(=O)N)CCC2C1,,,,,
C2704,N1CCCCC1C(=O)C,,,,,
C2705,CC1(C2N(C=CC)CCN2)CCCCC1,,,,,
C2706,C1C(C)CCCC1N=NO,,,,,
C2707,N1NNN(C2CN(N=NO)NN2)CC1,,,,,
C2708,N1CCCCC1c1nnn[nH]1,,,,,
C2709,C1(C)CNNN1,,,,,
C2710,C(=CCC=C)C1N(C2CCC(CC=C)C3C2CCCC3)NCNC1,,,,,
C2711,C1CNC(C2CNCN2c2ccccc2O)N1,,,,,
C2712,N1CNCNC1n1cncn1,,,,,
C2713,C1NN(C2NNC(O[N+](=O)[O-])NN2)NN1C,,,,,
C2714,N1(C2NC(C=C)CCC2c2ccncc2)CNCNN1,,,,,
C2715,C1CC(c2cnccc2)CCC1,,,,,
C2716,N1CCC(N=NO)CC1,,,,,
C2717,C1NC(CC)N(C2CCC3C(C2)CCCC3c2cccc3c2cccc3)N1,,,,,
C2718,N1CNN(CCC)CN1,,,,,
C2719,CC1CCC(c2nnn[nH]2)CC1,,,,,
C2720,C1N(C2CCCCC2)C(C(=O)C)N(Cc2ccccc2)N1,,,,,
C2721,C(C(CC#C)c1cc[nH]n1)N1CNNN1,,,,,
C2722,C1CC(C2(C=N)N(CCC)NCCC2)(C2CNNN2)C2CCCCC2C1,,,,,
C2723,C1CC(C#N)CCC1(O)C1NNN(C2N(C(=O)O)CNCN2)NC1,,,,,
C2725,COC1(c2cnncc2)CNNCN1,,,,,
C2726,N1NCC(c2c[nH]nn2)CC1,,,,,
C2727,C(C#CC1CCNN1)CC(C)c1nccnn1,,,,,
C2728,C1(c2nnncn2)N(NC(=N)N)CNN1,,,,,
C2729,C1CCCC(C=N)C1OC1N(c2ncn[nH]2)NNCC1,,,,,
C2730,C1C(N2CCCN2)NN(c2cc(O)ccc2)C1,,,,,
C2731,N1C(C(=O)C)NCNN1C1CCCCC1C,,,,,
C2732,C(C=CC1NCCCC1)C1(c2cccc3c2cccc3)NNCNN1,,,,,
C2733,C1CNCN1C1CC(C)C2CCCCC2C1,,,,,
C2734,C1CCC2(c3ccncc3)CCCC(O)C2C1,,,,,
C2735,C1C(c2nnnnc2)CCCC1,,,,,
C2736,N1NNNCC1C1CCN(C2NNNC(c3ccccc3O)N2)N1,,,,,
C2737,N1C(C(=O)N)N(n2ccnn2)CCC1,,,,,
C2738,N1(C(C#C)c2ccccc2O)CN(N=NO)CNC1,,,,,
C2739,N1CNCCC1c1nnncc1,,,,,
C2740,CC1(C2CNCN2C2CC(c3c[nH]nn3)CCC2C)CC(C=C)CCC1,,,,,
C2741,N1(C2(C3CCCCC3)N(C3CCC4C(C3)CCCC4)NCNC2)CNCNN1,,,,,
C2742,N1NN(C2CNNC2)NC(c2nccnn2)C1,,,,,
C2743,C(C(=C)c1cnnnc1)N1CN(C2(CC3CCCCC3)CCCCC2)NN1,,,,,
C2744,C1CN(C2(C(=O)[N+](=O)[O-])NNNN2c2ccc3ccccc3c2)NN1CC,,,,,
C2745,C1(c2cc[nH]n2)C(C2CCC3C(C2)CCCC3)N(N[N+](=O)[O-])CN1,,,,,
C2746,C1CNNC1C1NCCNN1NN,,,,,
C2747,N1(N=N)CN(C2(C3(c4cnnnc4)CNNCN3)NCNN2)CCC1,,,,,
C2748,N1C(C2CCC3C(C2)CC(c2ncncn2)CC3)NCNN1C1CCCC(C)C1,,,,,
C2749,C(C#C)(C=N)C(=O)O,,,,,
C2750,C(=C)n1cnnn1,,,,,
C2751,N1CNCCC1(CC1CCCCC1)c1nnncc1,,,,,
C2752,C1NN(NN)N(N2CCNC2c2cc[nH]n2)N1,,,,,
C2753,N1CCN(C2(C3CNC(c4nnn[nH]4)CC3)NNCNN2)CN1,,,,,
C2754,C1(Cc2ccccc2)NCNN1,,,,,
C2755,C(C1NNCNN1C)OO,,,,,
C2756,N1(c2ccc3ccccc3c2)CNCCC1C1CCNCC1,,,,,
C2757,N1(C(=O)[N+](=O)[O-])CN(c2cnccc2)CNN1,,,,,
C2758,C(CC)C1CNNN1C1C(c2ccn[nH]2)NNN1,,,,,
C2759,N1CCCCC1(C1CCC2C(C1)CCCC2)C1C(CCC)C(C2CCCCC2)CC2C1CCCC2,,,,,
C2760,N1NNCC(C2NNCNN2n2ccnc2)C1,,,,,
C2761,CC=CC1(C2NNNCC2)NNC(C2CCCCC2)NN1,,,,,
C2762,N1CNCN(N2C(c3ncc[nH]3)NC(C=CC)N2O)N1,,,,,
C2763,N1CC(CC)(c2ccc(C)cc2)NC(N=O)N1,,,,,
C2764,CC(C)C1C(OO)(c2cnc[nH]2)CNN1,,,,,
C2765,C1C(C(=O)[N+](=O)[O-])NC(C#C)C(N[N+](=O)[O-])N1,,,,,
C2766,C=CC1NNCNN1C1N(C2CCCC(Cc3ccccc3)C2C)CNCN1,,,,,
C2768,N1CCNCN1C1CCNC(CC=C)C1,,,,,
C2770,C1C(CCC)N(O)NN1,,,,,
C2771,C1(C#CC)CNC(C2CCC3C(C2)CCCC3)N1O,,,,,
C2772,N1CNN(C#N)CN1,,,,,
C2773,CC1(c2ccc3c(c2)cccc3)CCCCC1NC(=N)N,,,,,
C2774,C1CC(C2CCCC(CNN)C2)CCC1C=O,,,,,
C2775,C1CNNN1C1(C(=O)O)NNNN1,,,,,
C2776,CCC1(c2cnccc2)CNCN1,,,,,
C2777,C1(C2NNCC(C3CCCCC3C)C2)N(c2cccc(C)c2)CNN1,,,,,
C2778,C=CC1(C2CCNCC2)NCCNN1C(=O)O,,,,,
C2779,N1NCC(C(=O)O)CC1C1CNCN1,,,,,
C2780,C1C(c2cnncn2)CCCC1O,,,,,
C2781,C(C)c1nnccc1,,,,,
C2782,C(=C)c1ncc[nH]1,,,,,
C2783,CC(=C)N1CN(C2NCCN2c2cnn[nH]2)NN1,,,,,
C2784,C1(C2C(c3nc[nH]n3)NC(C)CC2)CCC2CCCCC2C1,,,,,
C2785,N1(C2(c3ccc4ccccc4c3)NNNN2)NNCCC1,,,,,
C2786,CC(C)C1CC(C#CC)C(C)(C2CC(O)CCC2)CC1,,,,,
C2787,N1CNN([N+](=O)[O-])CN1,,,,,
C2788,C1NN(C(=O)N)NN1,,,,,
C2789,C1(N)CCC2CCCCC2C1C1CCCC(C2N(c3nncnc3)NCNC2)C1C,,,,,
C2790,C1C(c2c[nH]nn2)CC(C2CNNCN2)CC1,,,,,
C2791,C1CCCCC1(OC1C(N2CCCN2)NN(N=[N+]=[N-])CC1)C(=O)[N+](=O)[O-],,,,,
C2792,N1CNC(C2CCC3C(C2)C(C(=N)c2c[nH]nn2)C(C2CCCCC2C)CC3)NC1,,,,,
C2793,N1CNC(NC(=N)N)NC1,,,,,
C2794,N1CN(C2CCCC3(C4C(N5CNCN5c5ccc(O)cc5)NNCC4)C2CCCC3)NCN1,,,,,
C2795,C1CNCC(CC=CC2NC(c3ccc4c(c3)cccc4)CNN2)(C#CC)N1,,,,,
C2796,C1(C=C)NNNN1,,,,,
C2797,C1CNC(C2NC(C)CNC2)N1,,,,,
C2798,CC#CC1CCC(C)CC1C=O,,,,,
C2799,N1NNCC(C2(C3NCNN3)NCCCC2c2cccc(C)c2)C1,,,,,
C2800,C1C(CC2CCCCC2)C(CCC)C2CC(C3NCCNC3)CCC2C1,,,,,
C2801,C1N(C2CN(c3ccc4c(c3)cccc4)NN2)NN(N)N1C#C,,,,,
C2802,N1CN(C2C(c3ccc(C)cc3)NC(C3NCCNN3)N2)NC(O)N1,,,,,
C2803,C(#CC1NN(N[N+](=O)[O-])NN1)C#CC,,,,,
C2804,N1NNN(N=NO)CC1C(=O)C1CNNCC1,,,,,
C2805,C1(c2nnn[nH]2)CNNN1O,,,,,
C2806,N1N(OO)NN(C)CC1,,,,,
C2807,C(#C)c1ncncn1,,,,,
C2808,N1(CC=CN2CCNC2)C(C2CNCN2)CCCC1n1cccn1,,,,,
C2810,C(C(C)C(=O)[N+](=O)[O-])C(=O)Oc1nc[nH]n1,,,,,
C2811,C(C=C[N+](=O)[O-])c1nnncc1,,,,,
C2812,N1CCNC(C2CNNCC2C2CCC3C(CCC)CCCC3C2)N1,,,,,
C2813,C1(C(=C)C2CCCC3C2CCC(N=[N+]=[N-])C3)CCC(O[N+](=O)[O-])CC1O,,,,,
C2814,C(N=[N+]=[N-])NC(=N)N,,,,,
C2815,N1C(C=N)NC(C2CNCN2C(=O)N)NC1,,,,,
C2819,C1C(C2CNNN2)NN(N=O)N1,,,,,
C2820,C(#CC1CN(n2cccn2)NN1)NN1CNNN1,,,,,
C2821,C1NCNN1C(=O)C,,,,,
C2822,N1CCN(C2CCC3C(C2)CCCC3)C(C(=O)N)N1,,,,,
C2823,C1CNCCN1[N+](=O)[O-],,,,,
C2824,C1C(n2cncn2)CCCC1O,,,,,
C2825,N1(C2CNNN2)C(N2C(CC#C)NNN2)NCNN1,,,,,
C2826,N1C(N)CCCC1,,,,,
C2827,CC1N(C(=O)O)CCNN1N=NO,,,,,
C2828,CCCC1CN(C2N(c3ccccc3C)CCNN2)NN1,,,,,
C2829,C1NN(C2C(C3(C4CNCCC4)NC(c4ccc5ccccc5c4)CN3)CNN2)NN1,,,,,
C2830,C1([N+](=O)[O-])CN(C(C#C)C=N)CN1,,,,,
C2832,N1C(C(=O)N(C2NNCNN2)C2CCCC(C)C2)CN(c2nnncc2)CN1,,,,,
C2833,C1CCCC(CCC)C1(O)c1ccc2c(c1)cccc2,,,,,
C2834,C1CCC(C2CC(C3CCC4CCCCC4C3)C3CCC(OC(=O)N)CC3(c3nccnn3)C2)CC1,,,,,
C2836,C1CNCCN1c1ccccc1C,,,,,
C2837,N1(N2C(N3CCCN3)CCN2)NC(C2C(O)CC(N)CC2)CCC1,,,,,
C2838,N1CNC(C2CC(c3ncc[nH]3)N(N=O)N2)C(C2NNNN2)C1,,,,,
C2839,C(=C)(N=O)c1nccnc1,,,,,
C2840,N1(c2cc(O)ccc2)C(C2CC(C(=O)O)C(O)CC2)CCCC1,,,,,
C2841,N1C(C(C=C)N2CCNC2)NCNC1c1ccccc1O,,,,,
C2842,N1NNNC(C(=C(C)O)C)C1,,,,,
C2843,C1NC(C2(c3cc(O)ccc3)NNCNN2)NN1,,,,,
C2844,C1(C2CCC(O)(CC=C)C(NC(=N)N)C2)CNNC1,,,,,
C2845,Cc1cnc[nH]1,,,,,
C2846,C(=C)CNC(=NC1NCNN1C=N)N,,,,,
C2847,C1(N=N)NCN(C(=C)N2CC(C3CNNC3)NC2)N1,,,,,
C2848,N1CNC(c2cnc[nH]2)NN1,,,,,
C2849,C1CNN(O)N1,,,,,
C2850,N1(N=NO)NNC(c2nc[nH]n2)C(C2C(O)CCCC2)C1,,,,,
C2851,C1CCCCC1C=Cn1ccnn1,,,,,
C2852,C(C=Cc1c[nH]nc1)N,,,,,
C2853,C1(C2NNNC(C3CCNCC3)C2)CCCC(OO)C1O,,,,,
C2854,N1NCCCC1c1nnncc1,,,,,
C2855,N1NNNC(c2cccc(C)c2)C1,,,,,
C2856,C(C(N1CNCN1)C1CCC(C)C(n2ccnc2)C1)C(=O)O,,,,,
C2857,C1(c2cccc(C)c2)CNNC1,,,,,
C2858,C1(C=CC)NCNN1C(=O)C,,,,,
C2859,CC1NCCNC1C1(c2cnncn2)NC(N)NN1,,,,,
C2860,C1CNN(N=NOc2ccccc2C)N1,,,,,
C2861,N1(C2NNCNC2)NCCC(OC(=O)N)C1C1NNNNC1,,,,,
C2862,C1(C2C(C3(N=[N+]=[N-])NNNNC3)CNCC2)CNNN1,,,,,
C2863,C(C)(OON1CNNN1)C=C,,,,,
C2864,N1(C=O)CCNCN1C1CNCCC1,,,,,
C2866,N1(C2N(C3CCC(O)CC3)CCCC2)CC(C2NNNN2)N(CC)CN1,,,,,
C2867,N1(C2C(O)N(c3cc[nH]n3)N(C(=O)C)NC2)CNNCN1,,,,,
C2868,C1CNCCN1C1(C#N)NNCNN1,,,,,
C2869,C(=Cc1c(O)cccc1)C=C(CO)C(=O)O,,,,,
C2870,C(C)(C1(C2CCC(O)CC2)CCCC(C)C1C=C)C1C(O)CCCC1,,,,,
C2871,C1CNC(C=C)N1,,,,,
C2872,CC#CC(C#C)N,,,,,
C2873,N1NC([N+](=O)[O-])C(CC=C)CC1,,,,,
C2874,C1CCCC(C2(c3c[nH]nn3)NNCN(C#CC)N2)C1,,,,,
C2875,C(=CC#CC)C1C(O)CCCC1C,,,,,
C2876,C(C)C1CC(C2CCCCC2)CC(CN2CCCN2)(C(=O)N)C1,,,,,
C2877,N1(C2NNC(N3CCNN3)(c3ccccc3C)N(C3CNCCC3)C2)CNCNN1,,,,,
C2878,N1(OO)CNNC(C=CC)N1,,,,,
C2879,C1(c2c[nH]nc2)CCC(C2N(CCCC3CCNN3)CCN2)CC1O,,,,,
C2880,C(#C)C1(c2nncnn2)CC(C2NCCN2)CCC1,,,,,
C2881,CC#CC=CC,,,,,
C2882,CC#CO,,,,,
C2883,C=C(C)C(=O)N(C(=O)C)c1cccc2c1cccc2,,,,,
C2884,N1(n2cnnn2)CNC(N)N(C2NC(C3NCNN3)NCN2)C1,,,,,
C2885,C1(C2NCCNC2c2cc(O)ccc2)CNNC1N=NO,,,,,
C2886,C1CN(C2C(N=N)CNN2)NN1,,,,,
C2887,N1(c2nnnnc2)CNNC(CC#C)N1,,,,,
C2888,N1CC(C(=O)O)NCN1,,,,,
C2889,N1(CC2(C3CCCC(C(=O)N)C3C)CCCCC2)CNCNC1,,,,,
C2890,CC(C)n1cncn1,,,,,
C2891,C1CNCC(C2CCC3C(C2)CC(c2cnccc2)C(C2NCNN2)C3)N1,,,,,
C2892,N1(c2cnc[nH]2)CNNCN1,,,,,
C2893,N1C(c2nccnn2)NC(C2CC(O)CCC2)NN1,,,,,
C2894,C(C)C1C(C2CN(C3CCCC4C3C(C#C)CCC4)CN2)CC2CCCCC2C1,,,,,
C2895,CC(C)c1cnncn1,,,,,
C2896,N1CC(N)CC([N+](=O)[O-])C1,,,,,
C2897,CCCC1NCCN(c2ccc3ccccc3c2)N1,,,,,
C2898,C1C(C2(c3cnc[nH]3)NN(C3NNN(O)N3)CNC2)NNN1,,,,,
C2899,C(=C)C1CNCN1C#C,,,,,
C2900,C(C1(C2NCCNC2)CCCCC1)c1nncnn1,,,,,
C2901,CN1C(c2ccn[nH]2)CNC1,,,,,
C2902,C1CN(N=NO)N(C2CCCC3C2C(OC(=O)N)CCC3)N1,,,,,
C2903,N1CNNC(C2CCCCC2)N1,,,,,
C2904,C1CCCC(C2CCN(C(=O)[N+](=O)[O-])N2)C1,,,,,
C2905,N1CN(c2cnc[nH]2)NC(C(=O)O)N1,,,,,
C2906,N1(C(=O)N)CNCNN1,,,,,
C2908,C(#C)CCCC1CC(C2CN(CC)CN2)C(C)CC1,,,,,
C2909,N1CNN(OO)CN1,,,,,
C2910,C1CCC2(OO)C(c3nccnn3)CCCC2C1,,,,,
C2912,N1CCC(N[N+](=O)[O-])C(C2CNCN2)C1,,,,,
C2913,N1NCCCC1C(=O)[N+](=O)[O-],,,,,
C2914,CC1C(C2NNCN(NN)C2)CCC(c2nnncc2)C1,,,,,
C2915,N1NCC(C2CCNN2C2C(O)CCCC2CCC)CC1C1NCCN1,,,,,
C2916,C1CNN(N=NN2CNCN2N=[N+]=[N-])N1,,,,,
C2917,C1CN(C#N)CN1,,,,,
C2918,C(=C)C1C(C2CCC3C(C2)CC(C#CC)CC3)C(C2CCCCC2O)NN1,,,,,
C2919,N1CCC(C2(c3c[nH]nn3)CCCCC2)CC1,,,,,
C2920,N1CC(C2CNNC2OC(=O)N)CCC1,,,,,
C2921,C1N(N)CNN1C=C,,,,,
C2922,N1CN(C2CC(c3nnncn3)C(O)CC2)NCN1,,,,,
C2923,CC1CCC(N)CC1,,,,,
C2924,N1C(N=[N+]=[N-])(C(=O)N)CCCC1CC1NNNNC1,,,,,
C2925,CC1C(N2CNC(NN)N2)CCCC1,,,,,
C2926,C1NN(c2cnncc2)NN1C1(C2NNNN2)CCCCC1,,,,,
C2927,CC1CN(C2(O[N+](=O)[O-])CNCN2)NN1,,,,,
C2929,CC1C(C=N)CNN1,,,,,
C2930,C1CN(C#N)CN1,,,,,
C2931,CCC1(C2CNCCC2N)NNCCC1,,,,,
C2932,C1CCCCC1(O)C1CC(c2ccc3ccccc3c2)C(O)C(N[N+](=O)[O-])C1,,,,,
C2933,CCOOn1cncn1,,,,,
C2934,N1NNNC(O)C1,,,,,
C2935,N1CCC(C2CNNCN2)C(c2c[nH]nc2)C1,,,,,
C2936,N1(c2cnncn2)NNNCC1,,,,,
C2937,N1NNCC(C)C1N=[N+]=[N-],,,,,
C2938,N1C(C(=O)O)NCNN1,,,,,
C2939,C#CC1(C2CCNN2)CCCC(c2nncnn2)C1C,,,,,
C2941,N1NNCC(C2NNN(N([N+](=O)[O-])C3CN(c4nnncn4)CN3)CN2)C1,,,,,
C2942,C1C(C#C)NNC1,,,,,
C2943,CC1(C=C)CC(CC=C)CCC1NN,,,,,
C2944,N1(C2CNNCC2)N(O[N+](=O)[O-])C(N[N+](=O)[O-])CCC1C1CC(O)CCC1,,,,,
C2945,C1(N=[N+]=[N-])C(OC(=O)N)CC2C(n3ccnc3)CCCC2C1C,,,,,
C2946,C1(CCC)C(C2C(O)CCCC2)NNC1,,,,,
C2947,N1CNC(c2ccn[nH]2)N(C2CCCC(C)C2)C1C1NCCNC1,,,,,
C2948,C1N(c2ncn[nH]2)NNN1,,,,,
C2950,C1NC(c2cnncc2)NN1,,,,,
C2951,C#CC1CNC(C2CC(N=NO)NN2)N1,,,,,
C2952,C=C(CC#CN[N+](=O)[O-])N1CNCN1C(=O)O,,,,,
C2953,N1NNNC([N+](=O)[O-])C1,,,,,
C2954,C1N(C2CNNC2)N(OO)N(C2CNNC2)N1,,,,,
C2955,N1CNC(C2CN(c3ccn[nH]3)NNC2)NN1,,,,,
C2956,N1CNNCN1C1NNCNC1c1cccc2c1cccc2,,,,,
C2957,C#CC1CCCC(N2CCCN2)C1CC,,,,,
C2958,N1CCCC(c2ncncn2)C1,,,,,
C2959,N1CN(N2CCNC2)C(c2cccc(C)c2)NC1N,,,,,
C2960,N1NN(O[N+](=O)[O-])CCC1C(=O)Nc1cnccc1,,,,,
C2961,CCCC1(c2cccc(C)c2)NN(C2CC(O)CCC2)CNN1,,,,,
C2962,N1CCNCN1C1NCNN1N1CN(CC#C)CN1,,,,,
C2963,N1NN(c2cccc(C)c2)CCC1,,,,,
C2964,N1(C2(C3CNNC3)NN(c3cc[nH]n3)CCC2)NCCCC1,,,,,
C2965,C1([N+](=O)[O-])NNNN1,,,,,
C2966,C1CN(C(CC)C=O)CN1,,,,,
C2967,CC1CCCCC1C1N(C2NCNN2)CC(c2cnn[nH]2)NN1,,,,,
C2968,C(C)(N)N=O,,,,,
C2969,C1CCC2C(C3NNN(c4ccc(C)cc4)N3)CCCC2C1,,,,,
C2970,N1([N+](=O)[O-])CN(N[N+](=O)[O-])CNC1(N)c1nncnc1,,,,,
C2971,N1(c2ncc[nH]2)C(C2CCCCC2)CC(C#CC)CC1,,,,,
C2972,C1NNNN1C1NC(C=CC)NCN1,,,,,
C2974,C1CCC(C#CC)CC1,,,,,
C2975,C1C(C#N)NCN1C1NNCN(OOc2cnncn2)N1,,,,,
C2976,C1CNCC(Cc2ccccc2)N1,,,,,
C2977,C(#CC1NCCN(OO)C1)C=CC,,,,,
C2978,C1CN(C2CCCCC2O)CCN1C1CNNC(N=[N+]=[N-])C1,,,,,
C2979,C(OC(=O)N)c1cccc(C)c1,,,,,
C2980,N1CCN(C#N)CN1,,,,,
C2981,N1(c2ccccc2C)CNNCN1,,,,,
C2982,C1C(C(=O)[N+](=O)[O-])(c2nnncn2)NC(C(=O)C)C(N)N1,,,,,
C2983,N1CNC(C2CNNNC2)NC1C,,,,,
C2984,CC(=C)C1CNNN(OO)C1CC1NNNNC1,,,,,
C2985,C1(c2cc[nH]n2)CNCCN1,,,,,
C2986,C1C(c2nnccc2)NCCN1,,,,,
C2987,C1(C2C(C3NNNNC3CC)NNCC2)NNN(O)N1,,,,,
C2988,N1NCCC(n2ccnn2)C1,,,,,
C2989,C1(C2NNNCN2c2nnnnc2)NNN(N=[N+]=[N-])N1,,,,,
C2990,C1NNNN1C1C(C(=O)O)NNN1C1C(O)(c2nccnn2)CCCC1,,,,,
C2991,N1NNN(C2NNN(CC3CCCCC3)CC2)C(CC)C1,,,,,
C2992,N1CC(c2ncncn2)CC(C2NCCNC2)C1,,,,,
C2993,C(#CC1CNNN1)c1cccc(C)c1,,,,,
C2994,N1(C2C(C3CNCN3)NCN2)CC(c2ncc[nH]2)CCC1,,,,,
C2995,C1(N([N+](=O)[O-])C2CCCCC2)CN([N+](=O)[O-])NC1,,,,,
C2996,C1CNN(C2CCC3CCCCC3C2)N1C,,,,,
C2997,C1(C2CCN(C3NC(c4nnncn4)NN3)CC2)CNNN1,,,,,
C2998,C(C#C)C1CCC(O)C(C2NC(n3ccnc3)NN2)C1,,,,,
C2999,N1C(C2(C3NCNCN3)CNNNC2)(C#CC)NNCN1,,,,,
C3000,CC1(C2CNNN2)CCC(Cc2c[nH]cn2)CC1OO,,,,,
C3001,C(#CC1(C2CCCCC2ONN)NCCNN1)N=[N+]=[N-],,,,,
C3002,C#CC1C(C2C(N=[N+]=[N-])NNNC2)(NN)CNCC1,,,,,
C3003,C1N(C(=O)O)CNN1,,,,,
C3005,C1(N2CNCN2)N(C(C)C#C)NNN1,,,,,
C3006,N1(C(=CC)C=N)CNCCC1C(=O)N,,,,,
C3007,C1N(c2ccc3c(c2)cccc3)CN(C#CCC=O)N1,,,,,
C3008,N1C([N+](=O)[O-])(N2CCNN2)CCC(c2nccnc2)C1,,,,,
C3009,N1NNN(C2(N)NNNCC2)C(NC(=N)N)C1,,,,,
C3010,N1(C2CC(C3NCCN3)NN2)CNCNN1Cc1ccccc1,,,,,
C3011,C(C(=O)N)(C1(C2NCCCC2)CCC(C)CC1)c1ccncc1,,,,,
C3012,N1CN(n2ccnn2)NCN1,,,,,
C3013,N1NN(C2CNN(C3NNCNN3)C2)NCC1(C)c1nnncc1,,,,,
C3014,N1(OC2CCC(O)CC2)C(O)CCCC1,,,,,
C3015,N1(C(=O)O)NNCCC1,,,,,
C3016,N1CCN(C(=O)OC#N)CN1,,,,,
C3017,C1CCCCC1c1nccnn1,,,,,
C3018,N1CNCC(C)C1,,,,,
C3019,C1N(C2CNNN2)CNN1c1ncn[nH]1,,,,,
C3020,C(=C)OOc1cc(O)ccc1,,,,,
C3021,C1(C2CNCN2)CN(c2ncc[nH]2)CN1,,,,,
C3022,N1(CCC)CCCC(C2N(O[N+](=O)[O-])CCNN2)(N)C1,,,,,
C3023,N1CN(C(=O)C)CCC1C(=N)C1NCCN(c2nnncc2)C1,,,,,
C3024,N1C(CC=C)(CC#C)NCCC1,,,,,
C3025,N1CN(C2NN(C3NNCC(c4ncccc4)C3)NCN2)CNN1,,,,,
C3027,N1CNCC(C2CCCC3C2CCCC3)(C2CCCCC2C)C1C(=O)[N+](=O)[O-],,,,,
C3028,N1C(C2CCCCC2C)N(CC2CCCC(c3cc[nH]n3)C2)CNC1,,,,,
C3029,N1CN(C(=O)[N+](=O)[O-])CNN1,,,,,
C3030,N1CNCN(C(CC)n2cccn2)C1,,,,,
C3031,N1(C(=O)O)N(C2(c3c[nH]nn3)CNNCC2)NCCC1,,,,,
C3032,N1CC(C2C(O)CCCC2)NCN1N(C(=N)N)N,,,,,
C3033,N1C(c2cccc(C)c2)NCNC1,,,,,
C3034,N1NNC(N)CC1,,,,,
C3035,C1CCC2CCCC(c3ccc(C)cc3)C2C1,,,,,
C3036,C1CC(C2NCNCN2)CC(N2CNNN2)C1NN,,,,,
C3037,CC=CN1CCNN1c1ccc(O)cc1,,,,,
C3038,C1C(c2nnncn2)NCN1,,,,,
C3039,C1CCC2CC(C3C(NC(=N)N)NNC3)CCC2C1,,,,,
C3040,C1CNN(C(=O)N)N1c1ccc(O)cc1,,,,,
C3041,C1NNN(OC(=O)N)N1,,,,,
C3042,C1(NC(=N)N)C(c2cc(O)ccc2)NN(N=NO)N1,,,,,
C3043,N1CC(CC)CCC1,,,,,
C3044,C1CCCCC1ON1CNN(C2C(c3nccnc3)CCCC2OC(=O)[N+](=O)[O-])N1,,,,,
C3045,Cc1nnccc1,,,,,
C3046,CCCN1CN(n2cnnn2)CN1,,,,,
C3047,C(C(=CC1([N+](=O)[O-])NNNNC1)C1CCCC(C)C1)C#CC,,,,,
C3048,N1CNNCN1c1ncn[nH]1,,,,,
C3049,N1C(C(=O)N)NCCC1,,,,,
C3050,N1CNC(C2CCC3CCCCC3C2)NC1c1ccc2c(c1)cccc2,,,,,
C3051,C(=C)C(=O)CN1CNCN1n1cncn1,,,,,
C3052,N1CNC(C2NNCNC2c2c(O)cccc2)(C2NCCCC2)C(N)C1,,,,,
C3053,CC(N=N)c1nnncc1,,,,,
C3054,N1CN(C2CC(O)CC(C3CCNN3)C2)CNC1c1ccn[nH]1,,,,,
C3055,C1CN(c2nnn[nH]2)N(C2C(OC(=O)N)C(N3CCNN3)NN2)N1,,,,,
C3056,N1CNCN(C)N1,,,,,
C3058,C1CCC(n2ccnn2)CC1,,,,,
C3059,C(#C)N(C1NNCNC1)C#C,,,,,
C3060,C(C#CC1CNNN1c1cnnnc1)C1(C2NNCCC2)NNCCC1,,,,,
C3061,N1C(c2nnccc2)CCCC1,,,,,
C3062,N1N(C2NNNN2)NC(O[N+](=O)[O-])C(C2NNCNN2N=O)C1,,,,,
C3063,C#CCc1ccccc1,,,,,
C3064,C1CC(OC(=O)NC2CCC3CCCCC3C2)CCC1Oc1cnccc1,,,,,
C3065,C1C(C2C(c3nccnc3)NCN2)NNN1,,,,,
C3066,C1CCC(OC(=O)NC2CCNN2)C(C2CNCN2)C1n1ccnn1,,,,,
C3067,N1(N2CN(c3nncnn3)CN2)NN(C2NNCNC2)NC(O)C1,,,,,
C3068,N1CNNCN1C1NNCC(c2nnccc2)C1,,,,,
C3069,CCCc1cnccc1,,,,,
C3070,N1N(C2NCNN2c2cnccc2)NNCC1,,,,,
C3071,N1(N2CNCN2CC)NCC(CC#C)CC1,,,,,
C3073,N1C(C=O)NC(C2CNNNC2)NC1,,,,,
C3074,N1CCCC(OO)C1,,,,,
C3075,CC1C(C)CC(CC(C)OC(=O)N)CC1,,,,,
C3076,N1CN(N([N+](=O)[O-])C#CC)CN(C(=O)C)C1,,,,,
C3077,CC(=C[N+](=O)[O-])C1CN(C#CC)CN1,,,,,
C3078,C1CNN(C(=O)O)N1NC=O,,,,,
C3079,N1(C)N(c2ncn[nH]2)CCCC1,,,,,
C3080,C1(N=NC2NNNCN2)CC(C#C)CCC1,,,,,
C3081,C1CCCC(C2CCCC(CC=C)C2)C1Oc1nncnc1,,,,,
C3082,C(#C)C1(C2NCCC(c3cc[nH]n3)C2)CC(O)(C(=O)[N+](=O)[O-])CCC1,,,,,
C3083,N1C(C#C)C(N=NO)C(N)C(C=CC)C1,,,,,
C3084,C1(C2(N=N)CNNNC2)CCC(C2CNCN2)CC1ON=NO,,,,,
C3085,N1CNC(c2nnncn2)CC1,,,,,
C3086,C1(C2NC(Cc3ncccc3)CN(C3CNNNC3)N2)CNCCN1,,,,,
C3087,C1CCC(OC(=O)N)CC1,,,,,
C3088,N1NC(O)CCC1,,,,,
C3089,CC(=C)N([N+](=O)[O-])C1CNNNC1C#CC,,,,,
C3090,C(C#Cc1c[nH]nn1)N1CCCN1,,,,,
C3091,CC#CCC1(C2CNN(CC=C)N2)NNNN1,,,,,
C3093,C1(CC2C(C=C)CCCC2C2CCC(O)CC2)NNNN1,,,,,
C3094,N1CCN(C2N(n3cncn3)CCNN2)CN1C1NC(N[N+](=O)[O-])NCN1,,,,,
C3095,N1(C2CNNN2)C(N(N)C(=O)N)CCCC1,,,,,
C3096,N1C(C2(c3nnncn3)NNCCC2)CCCC1,,,,,
C3097,N1N(C2NNN(C3C(c4nnncc4)CCC(C)C3)CN2)CCCC1,,,,,
C3098,N1(C2CCNCC2)C(C2(C(=O)N)CNCN2)NCCC1,,,,,
C3099,C(CC1CCCC(C)(C2CC(OOC(=O)N)CCC2)C1)N=N,,,,,
C3100,N1(C2NCCCC2)CN(C2(C=C)CNN(C#CC)C2)CNC1,,,,,
C3101,N1NNCC(O)C1C1(CC)NNNN1,,,,,
C3102,C1CN(NC(=N)N)N(N[N+](=O)[O-])C1,,,,,
C3105,C1NCN(C2(c3nccnc3)CCNN2)N1C1(C=CC)CCNCC1,,,,,
C3107,N1NNNC(CC)C1,,,,,
C3108,N1CNCCC1N=O,,,,,
C3109,C(#C)N1CNCN1C1C(c2nc[nH]n2)CC2CCCCC2C1,,,,,
C3110,C=CC1NN(N=NO)CCC1,,,,,
C3111,N1CN(N=N)NCN1,,,,,
C3112,CC(=C)OC(=O)NN=[N+]=[N-],,,,,
C3113,C(NNN=N)(C)c1ccc(O)cc1,,,,,
C3114,C1(c2ccc3c(c2)cccc3)CCC2CCC(C3NNNCC3)CC2C1C(=O)N,,,,,
C3115,C1CNC(c2ccccc2O)N1C1CNNN1C(=O)O,,,,,
C3117,C1(N)C(C2CN(C)NCC2)CCCC1,,,,,
C3120,N1CN(c2ncncn2)NCN1C1NNCNN1,,,,,
C3122,N1C(N2CCNC2)NC(C2CNCCC2)(CC#C)CC1,,,,,
C3123,C(C#CC(=CC)C=CC)C1NN(C=O)CCC1,,,,,
C3124,C(C#CC1(C)CCN(C=C)N1)C#C,,,,,
C3125,C1([N+](=O)[O-])C(C=C)NNN1,,,,,
C3126,C1C(N=NO)CC(N2CCN(C)C2)CC1,,,,,
C3127,C1C(C2CCNC(CC=C)C2)CC2CCCCC2C1,,,,,
C3128,CC(C)N1CCC(c2ncc[nH]2)N1,,,,,
C3129,N1CNC(c2nnn[nH]2)NN1,,,,,
C3130,C=C(C#CC)C(=O)C,,,,,
C3131,CC(=C)C1C(C2NCCN2)(C=O)NNCN1,,,,,
C3132,N1(CCCc2ccc(C)cc2)CCNCN1N=[N+]=[N-],,,,,
C3133,N1C(C)NCNC1,,,,,
C3134,C(=C(C1NCNCN1)N1CCNN1c1ncn[nH]1)NN,,,,,
C3135,C1CNCC(CC#C)N1,,,,,
C3136,C(C#C)C1CCC2CCC(C3CNNNC3)CC2C1c1ncccc1,,,,,
C3137,N1(C2CCC(C)CC2)CNN(O)CN1,,,,,
C3139,C1(C=N)CCCCC1O,,,,,
C3140,N1NNCCC1C(C1CCCC(CCC)C1C#C)C1NNCCC1,,,,,
C3141,N1(C2CCC(C)CC2)C(C2CNN(C3CCC(C)CC3)NC2)CNC(c2ccc3ccccc3c2)N1,,,,,
C3142,CC=C(CCn1ccnn1)C=C,,,,,
C3143,C1N([N+](=O)[O-])CN(N=Nc2ccc3ccccc3c2)N1C(=O)[N+](=O)[O-],,,,,
C3144,CC1(C2CNNNC2)N(C2(C)NCNN2)CNN1,,,,,
C3145,C(#C)C1CNCCC1O,,,,,
C3146,C(=C)c1nnncn1,,,,,
C3147,N1CN([N+](=O)[O-])C(N2CCC(C#N)N2)N(c2cnnnc2)C1,,,,,
C3148,N1(c2cnnnc2)NNC(C(=O)[N+](=O)[O-])CC1,,,,,
C3149,N1C(C2CCC(O)CC2c2nnncc2)(C2CNNN2)NCCC1,,,,,
C3150,C(CC1CC(O)CCC1)C(=O)O,,,,,
C3151,N1CC(C)NCN1,,,,,
C3152,N1(C2CNNCN2)N(C2CCCCC2O)NNC(c2nnncc2)C1C1CCNN1,,,,,
C3153,CCC(C)C1N(c2nnncn2)NNN1,,,,,
C3154,C1(C(=O)O)CN(c2ccn[nH]2)C(C2CCCCC2O)N1C1CNNNC1,,,,,
C3155,N1N(C(=O)[N+](=O)[O-])CCC(C2N(C3NCNN3)CCNC2)(c2nccnn2)C1,,,,,
C3156,N1CN(C=C)CCC1,,,,,
C3157,N1(C2C(n3ccnn3)CC3C(C2)CCCC3)CN(C2CCCCC2O)NCN1,,,,,
C3159,C1C(O)CCCC1(O)C1(N=O)CCCCC1OC,,,,,
C3160,N1C(n2ccnn2)NNCN1,,,,,
C3161,C1(C(=O)Cc2nccnn2)CCCCC1O,,,,,
C3162,C1N(C2CCC(N=O)(c3cnncn3)C(C)C2O)NNN1,,,,,
C3163,C(C=CC(=O)[N+](=O)[O-])C#N,,,,,
C3164,C(=CC1CCCC(C)C1)(C1CNNCC1)O,,,,,
C3165,C(CC)N[N+](=O)[O-],,,,,
C3166,C1C(C2(c3c(O)cccc3)CCCCC2O)NCCN1,,,,,
C3167,CCc1ccc(C)cc1,,,,,
C3168,N1C(N=[N+]=[N-])(C2NCCN(OO)C2)CC(N)CC1,,,,,
C3169,C1C(C=N)CCCC1,,,,,
C3170,N1CNC(N=[N+]=[N-])C(C=C)C1,,,,,
C3171,N1NCCCC1c1ccccc1C,,,,,
C3172,N1NNCC(CC=C)(C=O)C1,,,,,
C3173,CC(C)C1NC(C=C)(c2cc(O)ccc2)CNN1,,,,,
C3174,N1NN(N(N)c2cnncn2)CCC1,,,,,
C3175,C(C=C)NC(=N)N,,,,,
C3176,C1CNCC(N2C(C3C(N=O)NNC3)NNN2N=N)N1,,,,,
C3177,N1N(C=C)NNC(O)C1,,,,,
C3178,C1C(C2CC(C3CC(N=NO)CCC3O)C(c3cnncc3)C(C)C2)NNC1,,,,,
C3179,CCC1CNNC(C2CCCCC2(O)c2cnnnc2)C1C(=O)C,,,,,
C3180,CC(C)c1nncnn1,,,,,
C3181,CC(=CC=Cc1cc(O)ccc1)C#C,,,,,
C3182,C1CN(CC#C)CN1,,,,,
C3184,C1(C2NNNCC2)CNN(c2c(O)cccc2)C1,,,,,
C3185,C1C(CC=C)CC(CC#C)CC1C=N,,,,,
C3186,C1C(C2CN(C3(N[N+](=O)[O-])NNNN(C=C)C3)NN2)CCCC1O,,,,,
C3187,C(C1CC(C2CCCC3C2CCCC3)C(C#CC)CC1)N=O,,,,,
C3188,N1CNC(c2ncccc2)NC1,,,,,
C3189,C1(CC=C)CNCCN1,,,,,
C3190,C1CNCCN1C1C(c2nnccc2)NNC1,,,,,
C3191,C1N(C2NN(C=O)N(c3cc[nH]n3)N2)NNN1,,,,,
C3192,N1N(O)NCCC1c1ccn[nH]1,,,,,
C3193,C(C=CN1CC(C2NNNC(N3CNNN3)C2)NC1)C#C,,,,,
C3194,CC(C)(OC(=O)NC(=O)Oc1ccn[nH]1)N1CCNC1,,,,,
C3196,C1CNCC(C2CCCCC2C)N1c1cc(O)ccc1,,,,,
C3197,N1C(CC=C)CCCC1,,,,,
C3198,C1NC(c2ccc(C)cc2)N(C2CCNN2)N1,,,,,
C3199,N1CC(c2ncncn2)NCN1,,,,,
C3200,N1CNC(CC2CCC(c3c[nH]cn3)CC2)C(C)C1,,,,,
C3201,CC1C(C2(O)CNCN2)CC(C(=O)C)CC1,,,,,
C3202,C1C(C=O)CC(C2CCC3C(C2)CCCC3)C(C2CN(OC(=O)N)CCC2)C1,,,,,
C3203,N1(C=O)CCCCC1,,,,,
C3204,N1(CC=C)CCCCC1,,,,,
C3206,CCC1([N+](=O)[O-])CCNN1OC(=O)N,,,,,
C3207,C1CCC2CCCCC2C1C1(n2cncn2)NCCNN1,,,,,
C3208,C(C(=CC1CNN(c2nnn[nH]2)N1)C(=O)O)C1NCNN1,,,,,
C3209,C1CCC(C(=C(C)C2CCCCC2O)c2cccc(C)c2)CC1O,,,,,
C3210,N1C(C2CCC3(c4ccncc4)CCC(NN)CC3(N=O)C2)NCCC1,,,,,
C3211,C1CCC2C(C3NCNCN3)CCCC2C1N=NO,,,,,
C3212,C1CCC2CCCC(N([N+](=O)[O-])CC)C2C1,,,,,
C3214,CC1C(OC(=O)N)CC(C)CC1,,,,,
C3215,C(C#C)N(C(=N)NN=N)c1nnnnc1,,,,,
C3216,N1CNN(CCC)C(C2NNN(C#N)CC2)N1,,,,,
C3217,N1CC(OO)CC(C2NCNCN2)C1,,,,,
C3218,C1N(c2c[nH]nn2)NNN1,,,,,
C3219,C1(NC(=N)N)NN(C2(C3CCC(O)CC3)N(N=NO)CNN2)NN1,,,,,
C3221,N1C(C(=O)OC2N(C)CNN2)NCNN1,,,,,
C3222,C1C(C#CC)NC(C2NCCNC2N=[N+]=[N-])C(C2CCNN2)N1,,,,,
C3223,C1NC(C2NCCCC2)NN1c1c[nH]cn1,,,,,
C3224,CC1CNNC(CC)C1,,,,,
C3225,C1(C2(C3CNNCN3)CCCCC2C)([N+](=O)[O-])CNN(CCC)C1,,,,,
C3226,C=Cc1c[nH]nn1,,,,,
C3227,C(C=C)C1C(C2CNCCC2)CC(N=O)CC1O,,,,,
C3228,CCN1CN(c2cccc3c2cccc3)NN1,,,,,
C3230,N1(C2N(C3NCC(N)N3)NCNN2)CCCCC1,,,,,
C3231,C1CC(C2CNNN2)CCC1(O)N=[N+]=[N-],,,,,
C3232,C(=C)C(=O)Oc1nnnnc1,,,,,
C3233,N1(C#CC(N=[N+]=[N-])C(=O)[N+](=O)[O-])CNCNN1,,,,,
C3234,N1CNC(C(=O)c2cccc(C)c2)NN1,,,,,
C3235,C(C=C)C1C(O)(n2cccn2)CCCC1,,,,,
C3236,C1(C2CCC3C(CC#C)(C2)CCCC3)CNCN1,,,,,
C3237,C1CC(c2ncncn2)C2CCCCC2C1,,,,,
C3238,C(=C)C1NN(c2ccncc2)NN1,,,,,
C3239,C1CCC(C2CN(c3nncnn3)CCC2)CC1N,,,,,
C3240,N1(C2NN(C3NNNN3)NN2)CN(N=O)CCC1,,,,,
C3241,C1N(CC#C)CNN1,,,,,
C3242,C1NCN(C2CCC(C3CCCC(c4ccccc4O)C3)CC2)N1,,,,,
C3243,C(C=Cc1nc[nH]n1)O[N+](=O)[O-],,,,,
C3244,N1C(C2NCCNN2)C(C2CN(NC(=N)N)NN2)NCN1,,,,,
C3245,C1CCC2CCCCC2(C2N(c3cc[nH]n3)NCNC2)C1,,,,,
C3246,C1CCCC(C#CC)(C2NC(c3ccc4c(c3)cccc4)NCN2)C1(O)NN,,,,,
C3247,C=CCC(=C(C1CCNCC1)C(=O)O)N1CNCN1,,,,,
C3249,N1CNC(C2N(c3nnncn3)NNNC2)NC1,,,,,
C3250,N1CNCN(c2ccc3c(c2)cccc3)N1N1CNCN1,,,,,
C3251,C(C1CCCCC1)NC(=N)N,,,,,
C3252,C1C(Cc2ccccc2)C(C2NCNN2N=[N+]=[N-])CCC1N1CCNC1,,,,,
C3253,N1(C2CC(OC=O)CCC2)NNNC(N2C(CC=C)CNN2)C1,,,,,
C3254,N1CCCC(C2NC(C3CC(c4cnc[nH]4)CC(C)C3)NN2)(N2CCNC2)C1,,,,,
C3255,N1N(N=N)NNCC1c1nnn[nH]1,,,,,
C3256,C1CNC(C2CCCCC2)C(C(C=C)NN)N1C1NCNN1,,,,,
C3257,CC1CN(c2ccccc2O)N(C#CCN=[N+]=[N-])NC1,,,,,
C3258,CC(C(C(=O)O)c1cccc(C)c1)N,,,,,
C3259,N1(C2C(c3cnncn3)NNN2)CCCCC1,,,,,
C3261,C1C(C2NCNN2)(c2nccnc2)NNN1,,,,,
C3263,C1(C2CCC(OC3NCCCC3)CC2)(c2nnncn2)C(C2NCCCC2)CCCC1,,,,,
C3264,N1CNC(C(=O)O)NC1,,,,,
C3265,N1CCCC(C(=O)O)C1,,,,,
C3266,C1(N2C(c3ncccc3)CNN2)CNCCN1OO,,,,,
C3267,C#CNn1ccnn1,,,,,
C3268,N1C(CC2CCCCC2C=CC)NNCN1,,,,,
C3269,C1CN(CC#C)NN1,,,,,
C3270,N1CC(C2C(C#N)(c3ccccc3O)NCCC2)C(C2NNNN2)CC1,,,,,
C3271,N1(N(C(=N)N)O)CNCNC1,,,,,
C3272,N1C(c2ccncc2)NCNC1,,,,,
C3273,C1(O)CNCN1N,,,,,
C3274,CCC(C1CNCCC1)c1ccccc1O,,,,,
C3275,C1(N2CCCN2C2(CC=C)CC(O)CCC2)NN(CC=C)NN1,,,,,
C3276,N1(C2NNNC(c3cc[nH]n3)C2N2CNNN2)N(C(=O)N)NNCC1,,,,,
C3277,C1CC(N)C2(C3CCCCC3O)C(N=O)CCCC2C1,,,,,
C3278,C(C(C)c1cnn[nH]1)[N+](=O)[O-],,,,,
C3280,CC(CNC(=Nc1nnncc1)N)N[N+](=O)[O-],,,,,
C3281,CC(=CN(N)N[N+](=O)[O-])c1ccc(O)cc1,,,,,
C3282,C(=C)C(=O)[N+](=O)[O-],,,,,
C3283,C1CCCC(C2CC(O)CC(C3CCCCC3)C2)(CC2C(c3nccnc3)CCCC2)C1O,,,,,
C3284,C#CCC1CCC(C2CCC(O)CC2)(C2N(c3ccn[nH]3)CCNN2)CC1,,,,,
C3285,C1(CC#C)CN(N=[N+]=[N-])CCN1O,,,,,
C3286,N1NCCCC1C=CC,,,,,
C3287,CCC(C(=CC)c1cnc[nH]1)CC#C,,,,,
C3288,C1(N=NO)(c2cc[nH]n2)NCNN1,,,,,
C3289,N1CCNC(C2CC(c3nnncc3)C3CCC(C4NNCNC4)CC3C2)N1,,,,,
C3290,N1N(C2CC(O)(N3CNCN3)CC(N)C2)NNCC1,,,,,
C3291,C1CNCCN1c1nnn[nH]1,,,,,
C3292,N1NN(C=CCCC2(N[N+](=O)[O-])CC(C3CCCCC3O)CCC2)CCC1,,,,,
C3293,N1(C#C)NN([N+](=O)[O-])NCC1C1CCCCC1Oc1nnnnc1,,,,,
C3294,C(C)C1CN(c2ccc(C)cc2)NC1C1NNCNC1,,,,,
C3295,C1CNC(OC(=O)N)N1C1(c2ncccc2)NCCN1,,,,,
C3296,N1CCC(C2CNCN2C2N(C#CC)CCN2)CC1,,,,,
C3297,CC1CC(N2CN(CC)NN2)CCC1O,,,,,
C3298,C=CC1CC(c2nncnc2)C(O)CC1,,,,,
C3300,C#CNC(=NC1(c2ccc3ccccc3c2)NCNN1)N,,,,,
C3301,N1NN(c2cnnnc2)NCC1,,,,,
C3302,C1C(N=NO)(c2nccnc2)NN(C)C1,,,,,
C3304,C1NCNN1C#N,,,,,
C3305,C1NN(CC)NN1,,,,,
C3306,C1(C(=O)N)CCC2(n3ccnn3)CCCCC2C1,,,,,
C3307,CC#CC1CNNNC1c1c[nH]nc1,,,,,
C3308,N1CC(CC2CCCCC2CC=C)CC(CCC)C1C,,,,,
C3309,C1CN(c2ccccc2C)CN1C=CCC=N,,,,,
C3310,C#CC1CN(N[N+](=O)[O-])NN1,,,,,
C3311,C1(C(=O)[N+](=O)[O-])CNCN1,,,,,
C3312,C1(C2CCC3(C)CCC(c4nnccc4)CC3C2C2NCCNN2)CNCCN1,,,,,
C3313,N1CCCCC1(C=CC)C1CN(C2CNCN2c2nnccc2)CN1,,,,,
C3314,N1CCCC(c2ccc(O)cc2)C1C(=O)N,,,,,
C3315,N1C(N=NO)NN(C(=O)C)CN1CC=C,,,,,
C3316,C1N(C2NNCN(Cc3ccccc3)C2)CNN1,,,,,
C3317,N1(C#CC)CCCCC1c1nnccc1,,,,,
C3318,C(C)NC#CC,,,,,
C3320,C(N=NO)(CCC)CC,,,,,
C3321,C1CCC(C(=O)[N+](=O)[O-])CC1C1CCNN1,,,,,
C3322,N1C(C2(O[N+](=O)[O-])NC(C3CNCCC3)CCC2)NCNN1,,,,,
C3323,N1C(C2NNNCN2C(=O)O)NC(C2NCNN2N=NO)NN1,,,,,
C3324,N1(c2c[nH]nn2)NNNCC1,,,,,
C3325,CC(CC(=O)Nc1cnnnc1)CC#C,,,,,
C3326,N1NN(c2ncncn2)NCC1C1NCCN1,,,,,
C3327,N1CCC(N[N+](=O)[O-])C(CC#C)C1,,,,,
C3328,N1C(c2cnccc2)NCCC1,,,,,
C3329,C(C1CCCCC1)c1nnnnc1,,,,,
C3330,C1(C2CCNN2)CCCCC1OOO,,,,,
C3331,C1(C)N(NC(=N)Nc2nncnn2)CN(C#N)N1,,,,,
C3332,N1NNNC(C2NNN(CC#C)NC2C2NCNN2)C1[N+](=O)[O-],,,,,
C3333,C1C(c2ncccc2)CC2(NC(=N)N)CCCCC2(C(=O)O)C1,,,,,
C3334,N1(C2CCNN2)CCN(NC(=N)N)CN1,,,,,
C3335,CN=NO,,,,,
C3337,N1CCCCC1(C1NCNN1c1c[nH]cn1)N=N,,,,,
C3338,N1(c2c[nH]cn2)C(C2NCNN2)N([N+](=O)[O-])CCC1,,,,,
C3339,N1CNCC(c2nnncc2)C1,,,,,
C3340,C1(C2CCC(C(=O)N)C3C2CCCC3)NNNN1,,,,,
C3341,C1C(C2C(ON3CNCN3c3ncn[nH]3)CCCC2)NNC1,,,,,
C3342,N1CN(C=CC)NC(N[N+](=O)[O-])N1,,,,,
C3343,C1C(N2CCNC2)C(C2CCNCC2)C(c2nnncc2)CC1O,,,,,
C3344,N1(C2CCC(O)CC2)NN(C(=O)O)NC(C=CC)C1,,,,,
C3345,C1C(c2ncn[nH]2)CCCC1O,,,,,
C3346,CC1C(c2ncccc2)NNN(N2CCCN2)C1,,,,,
C3347,N1CNN(C2NCNN2N2CNCN2)CN1c1ccc(O)cc1,,,,,
C3348,CC(CC1CCC2C(C1)CCCC2)(C1NCCCC1)OO,,,,,
C3349,C1(C(=O)O)CN(C2NCCN2)N(N=N)N1C=C,,,,,
C3350,C1(c2c[nH]cn2)CCCCC1(C(=O)N)OC(=O)N,,,,,
C3351,CC(=C)C(CC)C1CCC2C(C#CC)CCCC2C1,,,,,
C3352,N1(c2ncccc2)CNNCN1O[N+](=O)[O-],,,,,
C3353,N1(c2c(O)cccc2)CC(O[N+](=O)[O-])NCN1,,,,,
C3355,C1C(C=O)(C2C(c3ccc(C)cc3)CC(C)CC2)NCC(N)N1,,,,,
C3356,N1CC(N(C(=N)N)c2cnncn2)CCC1,,,,,
C3357,N1CNNC(c2nnccc2)N1,,,,,
C3358,N1C(C2CC(c3ccc4ccccc4c3)NCC2)NC(C#N)NN1,,,,,
C3359,C1N(n2cncn2)CNN1,,,,,
C3360,C1CC(c2ncccc2)CCC1,,,,,
C3361,N1NCC(CC#C)CC1,,,,,
C3362,C1N(c2ncc[nH]2)C(C2NC(N3CNNN3)CCC2)NN1,,,,,
C3363,C(C)c1c[nH]nn1,,,,,
C3364,C1(C2CNNCC2N=NO)CNCN1,,,,,
C3365,CC1CCCCC1c1cnc[nH]1,,,,,
C3366,N1N(N=[N+]=[N-])NC(C2NNCNN2)CC1C1C(C=O)NNNC1,,,,,
C3367,CC1C(C2CCCC(C)C2)C(C2NC(c3nnnnc3)CNN2)CCC1,,,,,
C3368,C1C(C(=O)N)(N=O)NCN1,,,,,
C3369,C1N(C=N)NNN1,,,,,
C3370,C1CNC(N=[N+]=[N-])N1,,,,,
C3371,N1NCCCC1C(=O)[N+](=O)[O-],,,,,
C3372,C1C(c2cnn[nH]2)NCN1,,,,,
C3373,C1C(C(=O)N)NNN1C1CNNN1,,,,,
C3374,N1NC(O[N+](=O)[O-])CCC1O,,,,,
C3375,N1NCC(C2CCNN2)C([N+](=O)[O-])C1,,,,,
C3376,C1CC(C#C)CCC1O,,,,,
C3377,N1(C=C)CC(C(=O)O)(Cc2ccccc2)CCC1,,,,,
C3378,C1CCC2C(CC)CCC(NC(=N)N)(C3CCC(C)CC3)C2C1,,,,,
C3379,C1CNC(C2CC(C#C)C(C=N)CC2C)CN1,,,,,
C3380,C(C#C)C=CC,,,,,
C3381,C1CCCC(C2CNNCC2)C1(O)C#CCc1c[nH]nc1,,,,,
C3382,C1NCN(C(=N)NC(=N)N(C2NNCNC2)c2cnnnc2)N1,,,,,
C3383,C1CC(c2ncccc2)CCC1,,,,,
C3384,CC1C(N2CCNC2)(C2CNNCC2)C(N2CCN(N[N+](=O)[O-])C2)CCC1,,,,,
C3385,C1(C2CCC(C)CC2)CC(c2cnncn2)CCC1O,,,,,
C3386,N1CNC(C2CCC(O)CC2c2nncnc2)N(C2NCCNN2)N1[N+](=O)[O-],,,,,
C3387,N1CC(C2CCN(C=CC)N2)CCC1,,,,,
C3388,C(C(C)N1C(C2CCCC(C)C2)N(c2cnn[nH]2)NN1)C1CCNCC1,,,,,
C3389,N1C(C2(OC(=O)N)NCCN2C2CN(NC(=N)N)CN2)NNCN1,,,,,
C3390,C1CCCC(C)C1OC1CCNC(c2cnccc2)C1,,,,,
C3391,N1CCCC(O[N+](=O)[O-])C1,,,,,
C3392,C(C#CN(C=O)c1cnc[nH]1)N=NO,,,,,
C3393,N1C(c2cnnnc2)N(O[N+](=O)[O-])C(C2CCCCC2C)CC1,,,,,
C3394,C1(O[N+](=O)[O-])CC(C(=O)O)CCC1C1CCCCC1C,,,,,
C3396,N1C(C#CC)CCC(N)C1,,,,,
C3397,C1NNN(C(=O)OC2C(NN)CC(C)CC2)N1C1CCNN1,,,,,
C3398,C1CNN(C2(C(=O)O)CC(CC)CC3C2CCC(C2CCNN2)C3)C1,,,,,
C3399,C(=C)C1CCC2C(C1)C(NN)CCC2C1C(NC(=N)N)NNN1,,,,,
C3400,C1CN(C2(C3NCC(C#CC)NC3)NCNCN2O)NN1,,,,,
C3401,CCC1CNC(N=NO)(C)N1,,,,,
C3402,C1(c2ccc3c(c2)cccc3)CNCCN1,,,,,
C3403,C1C(c2nccnn2)C(N2CCNN2)C(CC=C)CC1,,,,,
C3404,N1CNC(NC(=N)N)NC1,,,,,
C3405,N1CCNC(C(=O)O)N1c1cnn[nH]1,,,,,
C3406,CC#CC1CNNC(C2CNCN2)(CCC)N1,,,,,
C3407,C1CN(N=N)CN1,,,,,
C3408,N1CNNCN1C1C(C2NNNCC2)(N=N)NCN1,,,,,
C3410,C(=C)C1CCC2CCCC(C3NNCCC3)(c3cnnnc3)C2C1,,,,,
C3411,N1(c2nnnnc2)CNCNC1,,,,,
C3412,C(C)(C1(C2NNNNC2)NCNN1C#CC)OC(=O)N,,,,,
C3413,C1CN(C2(C3CCCCC3)CNCN2)C(N=[N+]=[N-])CN1,,,,,
C3414,C(=C)(C(CC)C1C(O)CCCC1)C1NNN(CC=C)CC1,,,,,
C3415,C1(C2CNNC2)CC(C2C(O)CCCC2)C2(c3nncnn3)CC(C3CNNCC3)CCC2C1,,,,,
C3416,CC(C)(O[N+](=O)[O-])C1(N=NO)CC(ON=NO)CCC1,,,,,
C3417,N1CC(C(=O)[N+](=O)[O-])CC(CC=C)(N=NO)C1,,,,,
C3418,C1N(c2nc[nH]n2)CNN1,,,,,
C3419,C(C1(CC=C)CCNN1)C,,,,,
C3420,CC1CCCC(C(=O)O)C1C1(C(=O)N)NCNN1N=NO,,,,,
C3421,C(C1CCC2C(C1)CCCC2)c1nc[nH]n1,,,,,
C3422,C(#C)CC1C(N2C(CC)NCN2)CCCC1,,,,,
C3423,CCc1nnnnc1,,,,,
C3424,N1N(C2CCCC3C2CCCC3C2NCCN2C2NCCN2)CCCC1c1cccc2c1cccc2,,,,,
C3425,N1CN(C(=O)O)N(N=[N+]=[N-])CN1,,,,,
C3426,C1NC(N2CCNN2)(n2cncn2)NN1,,,,,
C3427,C1(C2C(CCC)C(O)CCC2)N(N=O)NNN1,,,,,
C3428,CC1(N2CCCN2)CCC(C#Cc2nc[nH]n2)CC1,,,,,
C3429,C=C(C1C(C(=O)C)N(c2ncc[nH]2)NN1)C1NNNCN1,,,,,
C3430,C1NNN(C2CCNCC2)N1n1ccnc1,,,,,
C3431,C1(C2NC(c3cccc(C)c3)NN2)CCCCC1O,,,,,
C3432,C1CN(N)N(OC(=O)N)N1C1NNCNC1,,,,,
C3433,C1CCC2CCC(C3CCNN3)C(C(=O)O)C2C1,,,,,
C3435,C1(N2CNNN2)NCN(C#CC)N1,,,,,
C3436,C1(C2CC(C=N)CCC2C)CCCCC1OC1NNCCC1,,,,,
C3437,C1CCCC(c2nnn[nH]2)C1(C1NNCNN1)N=[N+]=[N-],,,,,
C3438,C1C(CC2CCCCC2C)CC(C2CNCN2)CC1,,,,,
C3439,N1NN(c2nnncc2)NCC1,,,,,
C3440,C(C(=C)CCC)C1CNCN1c1c[nH]nc1,,,,,
C3441,C1CCCCC1c1ncccc1,,,,,
C3442,N1CNCN(C2C(N=[N+]=[N-])CCC(c3ccccc3O)C2O)C1,,,,,
C3443,N1C(c2ncccc2)NCNC1,,,,,
C3444,C1N(C2NNCN(C(=O)NC3NNCNN3)N2c2c(O)cccc2)CNN1,,,,,
C3445,C1(c2ccc(O)cc2)NNNN1,,,,,
C3446,C1CCC(c2ncccc2)CC1O,,,,,
C3447,C(CC(C#CCC1CNNN1)n1ccnc1)C(=O)O,,,,,
C3448,C1(C2NNNC(N=[N+]=[N-])C2)CNN(C(=O)N)C1,,,,,
C3449,C1C(C2NNCNN2)(CC#C)C(N=[N+]=[N-])CCC1,,,,,
C3450,N1CN(C2CCCCC2)CCC1c1nc[nH]n1,,,,,
C3451,C1C(c2ccc(O)cc2)N(N=N)NC1,,,,,
C3452,N1NNN(C(=O)C)C(n2cccn2)C1,,,,,
C3453,C1N(C=CC[N+](=O)[O-])CN(C=CCC(=O)[N+](=O)[O-])N1,,,,,
C3455,N1C(C2CN(c3cccc4c3cccc4)CCC2)CCCC1,,,,,
C3456,CC1CC(C(=O)O)C(c2ncn[nH]2)CC1,,,,,
C3457,N1(c2cnncn2)CNC(C=C)N(C2NCNCN2)N1,,,,,
C3458,N1N(c2ccccc2C)CC(C(=O)[N+](=O)[O-])CC1,,,,,
C3459,N1CNCN(C(C#C)C2NNC(CC=C)NC2)C1,,,,,
C3460,C1CCC2C(OO)C(CC=Cn3cnnn3)CCC2C1,,,,,
C3461,C1NCN(N2CCNN2O[N+](=O)[O-])N1,,,,,
C3462,C1(c2c[nH]cn2)CNCN1,,,,,
C3463,C1C(c2c[nH]cn2)CCCC1O,,,,,
C3464,N1(n2cccn2)CNC(C(=O)[N+](=O)[O-])NN1C1C(C2NCCNC2)CNN1,,,,,
C3465,CC#CC1NCC(N2CCNN2C(=O)O)NC1,,,,,
C3466,CCc1nnnnc1,,,,,
C3467,C1(C=CC)NN(N2CCNN2)NN1C1CCC(C)CC1,,,,,
C3469,C(=CO)C1NCNCN1C1CCC2C(C1)CCCC2,,,,,
C3470,CN=NOOOc1c[nH]nn1,,,,,
C3471,C(C)C1CNNC1C1CCCC(C2CC(n3cnnn3)CCC2C)C1,,,,,
C3472,N1CC(C2(C(=O)C)CNN(N=NO)N2)CC(NN)C1,,,,,
C3473,CC1C(O)C(c2nncnc2)CCC1,,,,,
C3474,CC1CCCC(c2nncnn2)C1C1CCNN1,,,,,
C3475,C1CCCC(N[N+](=O)[O-])C1,,,,,
C3476,N1NCC(N)CC1,,,,,
C3477,C1(N)CCCC(C2CN(C=CC)NN2)C1O,,,,,
C3478,N1CN(C2CCCCC2(C)C2NCNN2)C(c2cccc3c2cccc3)CC1,,,,,
C3480,C1(N2CNNN2)CCC(C(C)C(=O)N)CC1,,,,,
C3481,N1C(C2CCCC(Cc3nccnn3)C2)NNCN1,,,,,
C3482,C1(C2C(O)C([N+](=O)[O-])C(n3cnnn3)CC2C2NCNN2)CNNC1,,,,,
C3483,C1C(c2nnn[nH]2)NNC1,,,,,
C3484,C(C)c1ccncc1,,,,,
C3486,C1CC(C2NCCCC2)(c2nnncn2)C(C2CCN(C3NNCNN3)N2)CC1,,,,,
C3487,N1C(C#CC)C(N2CCCN2)(C2NC(c3ccc4c(c3)cccc4)CNC2)CCC1,,,,,
C3488,C1(C2CCC(C#N)C3C2CCCC3)NCNN1C#C,,,,,
C3489,C1(NC(=N)Nn2cnnn2)CNCN1C#CC1NNNCC1,,,,,
C3490,C1(C(=O)O)C(C2C(C3NCCN3)CCCC2)NCCN1,,,,,
C3491,C1CCCCC1(O)c1cnn[nH]1,,,,,
C3492,N1C(O[N+](=O)[O-])NCNC1,,,,,
C3493,CCc1cnccc1,,,,,
C3494,N1NN(NC(=N)NC2CCC(Cn3cncn3)CC2)CCC1,,,,,
C3495,C(CCC1NCCN1C1CC(O)CCC1)C1CNNNC1c1nnccc1,,,,,
C3496,N1CC(c2cccc(C)c2)NC(C2CNNN2)N1,,,,,
C3497,C1(C#N)CC(C=C)CC(C2CNCN2CC#C)C1,,,,,
C3498,N1(c2c[nH]nn2)CNCNC1,,,,,
C3499,N1CC(C2NCN(c3nc[nH]n3)CN2)NCN1,,,,,
C3501,N1C(c2nncnn2)CNCN1,,,,,
C3502,C1CN(C2N(C=C)NNCN2)N(N[N+](=O)[O-])C1,,,,,
C3503,N1CNCC([N+](=O)[O-])(CC=C)C1C1(c2nnncc2)CCC2CCCCC2C1,,,,,
C3504,N1CNCCC1C1CCCCC1,,,,,
C3505,C1CC(C)(C#N)CCC1N,,,,,
C3506,Cc1nncnc1,,,,,
C3507,C1CCC2CC(C3(OO)NCCNC3)CCC2(C2CCNN2)C1,,,,,
C3508,C1CCC(c2nnn[nH]2)CC1,,,,,
C3509,N1(c2cnn[nH]2)CCCCC1C,,,,,
C3510,N1CC(N2CCC(C3CNNN3)(c3cnccc3)N2)(C(=O)C)NCN1,,,,,
C3511,N1(CC#CC2CNNCC2)CCN(C)C(C)N1,,,,,
C3512,CC(C(N=O)O)N=O,,,,,
C3513,C1CNCN1N=NO,,,,,
C3514,C1(N2CCCN2)(c2ccc(O)cc2)NC(C=N)NN1,,,,,
C3515,C1(n2cnnn2)C(C2CC(CC3CCCCC3)CCC2)NNC1,,,,,
C3516,C(CC1NNCCC1)C(=O)CC1N([N+](=O)[O-])CCNN1,,,,,
C3517,N1CCCC(C2CNNCN2)C1c1cnncc1,,,,,
C3518,C(C)C1NCCN(Cc2ccccc2)C1,,,,,
C3519,C=CC1(C2NNNN2)CNCC(c2nc[nH]n2)C1,,,,,
C3520,C1C(C2CNNCC2)(N=[N+]=[N-])NCCN1,,,,,
C3521,C1N(c2ncc[nH]2)CNN1,,,,,
C3522,C1CC(n2ccnn2)CCC1,,,,,
C3523,C(C#C)(OO)Cc1nnnnc1,,,,,
C3524,N1CC(C2CNNN2)(c2ncn[nH]2)CC(C2NCNN2)C1,,,,,
C3525,C1C(C2CCCCC2)C(N)CC(C=N)C1OCCC,,,,,
C3526,N1C(C2CCCCC2CN)N(c2cccc(C)c2)NCN1,,,,,
C3527,C(#C)C(C1CCCCC1)c1cccc2c1cccc2,,,,,
C3528,N1N(OOC#N)NCC(c2cc[nH]n2)C1,,,,,
C3530,C(CC(CC)N=NO)C,,,,,
C3531,C1CCCCC1(O)c1cnnnc1,,,,,
C3532,N1(C)CNCNC1c1cnnnc1,,,,,
C3533,CCc1ncncn1,,,,,
C3534,C1CCC2CCCCC2(c2cccc(C)c2)C1C1NC(C2CNNN2)CN(C2CNNCN2)C1,,,,,
C3535,C(C(=O)CC=O)(OO)n1cncn1,,,,,
C3536,C(=CN1CC(C=N)NN1)c1c[nH]cn1,,,,,
C3537,C1CC(C(=O)NC)(O)CCC1,,,,,
C3538,C1C(C#C)(C2CNCCC2)NN(N2CN(c3c(O)cccc3)CN2)C1,,,,,
C3539,CC1C(CC)(C(=O)Nc2ccncc2)CCCC1,,,,,
C3540,N1CNNCN1C1(C2(C=O)CNCN2)NC(C2CNNCN2)CNC1,,,,,
C3541,N1(N=N)NCCC(NO)C1,,,,,
C3542,N1C(O[N+](=O)[O-])NCN(C2CNNC(c3nnncn3)C2)C1,,,,,
C3543,C1CN(C2NC(C3(C=C)NCCNN3)CNC2)CN1,,,,,
C3545,CC(=C)C1CC(N)C2C(C1)CCCC2,,,,,
C3546,C1CNNC1(C1NCCN1)c1nnncn1,,,,,
C3547,C1C(N2CNCN2)(C#C)CC(C(=O)C)CC1O,,,,,
C3548,C1N(C)CNN1,,,,,
C3549,C(C)C1NNCC(C(=C)c2c(O)cccc2)C1C1CNNNC1,,,,,
C3550,N1(c2nccnn2)CCNCN1,,,,,
C3551,C1CN(N)NN1,,,,,
C3552,CC#CC1(C2CC(O)CCC2c2nccnn2)CCC(O)C(C2CCNN2)C1,,,,,
C3553,C1(NC(=N)N)NCNN1,,,,,
C3555,C1CCCCC1OC#CCC,,,,,
C3556,C1CCCCC1c1ccncc1,,,,,
C3557,N1NNC(N=O)(C#CCC)CC1,,,,,
C3558,C1(C2C(O)CC(CC)CC2)CNNN1C1CNNNC1,,,,,
C3559,C1CCCCC1(O)c1cnc[nH]1,,,,,
C3560,Cc1cccc(C)c1,,,,,
C3561,N1CC(c2c[nH]nn2)NCN1,,,,,
C3563,N1CC([N+](=O)[O-])C(n2ccnc2)C(C2NNCCC2)C1,,,,,
C3564,N1C(N(C(=N)N)O)N(N[N+](=O)[O-])NCN1,,,,,
C3565,C1N(c2nc[nH]n2)CNN1,,,,,
C3566,CCCOO,,,,,
C3567,C#CN(N)C1CCC2CCC(N)CC2C1N,,,,,
C3568,CC(C1CNNCN1)C1NC(C(=O)[N+](=O)[O-])NN1,,,,,
C3569,C(C)C1CNCN1C1CN(c2nnccc2)CN1,,,,,
C3570,C(C1CCCCC1)n1cnnn1,,,,,
C3571,C1CN(c2c[nH]cn2)NN1,,,,,
C3572,N1CNC(C2C(O)CCC(NC(=N)N)C2)NC1,,,,,
C3573,N1C(N=NO)NC(C#CC)NN1c1cnc[nH]1,,,,,
C3574,N1(N2CCN(c3cnc[nH]3)C2)C(C2CNNNC2)CNCN1,,,,,
C3575,C1C(C2(n3cccn3)NCNCN2)(N=[N+]=[N-])NCN1,,,,,
C3576,N1NNNCC1(N[N+](=O)[O-])N1CCNN1C1(c2cc(O)ccc2)CCC(C)CC1,,,,,
C3577,C1CN(c2cc[nH]n2)CN1,,,,,
C3578,C(C)C1CCC(C)CC1c1cnn[nH]1,,,,,
C3579,N1(c2nncnn2)NNNCC1,,,,,
C3580,C1NNN(C2CC(C#CC)NN2C2CNCN2)N1C(=O)N,,,,,
C3581,N1C(C2CCCCC2C)N(OC(=O)N)N(C)C(C2NCCN2)N1,,,,,
C3582,N1CNCN(C2NCN(O[N+](=O)[O-])N2C2CNNCN2N2CNCN2)C1,,,,,
C3583,C(#CC1(c2ncn[nH]2)CNCCC1)C1CCNCC1C(=O)[N+](=O)[O-],,,,,
C3584,N1NC(NC2CCN(c3cc(O)ccc3)N2OC(=O)N)CCC1,,,,,
C3585,CC=C(C1NNNCC1)c1ncc[nH]1,,,,,
C3586,CC1(c2nnn[nH]2)CC(C(=O)OC2C(O)CCCC2)CCC1C(=O)N,,,,,
C3587,N1CC(OO)C(N[N+](=O)[O-])C(C2CN(NN)NN2)C1,,,,,
C3588,N1(N=NOCc2ccccc2)N(C(=O)C)NCCC1,,,,,
C3589,C(C1CCCCC1C1CC(O)C(n2cncn2)CC1)C1CCNCC1,,,,,
C3590,N1CNC(OC(=O)N)(c2cnncn2)NC1C1CCNCC1,,,,,
C3591,C=CC1CC(C#N)C2C(C1)CCCC2,,,,,
C3592,C1(c2ccn[nH]2)C(C#CC)NCCN1C(=CC)C1CCCC2C1CCCC2,,,,,
C3594,C(C=C)C(=O)CC1NN(NC(=N)N)N(C)CN1,,,,,
C3595,CC(=CC1CCCC(c2cnnnc2)C1)C(=O)O,,,,,
C3596,N1CC(N=NO)C(OC(=O)N)CC1,,,,,
C3597,C(=CNN)CC1CCCCC1,,,,,
C3598,CCC1CNN(O)N1,,,,,
C3599,C1C(C=CC)NCN1OC(=O)NC1CNNN1,,,,,
C3600,C1CCCCC1(O)N=NOn1cnnn1,,,,,
C3601,C1CNN(c2c[nH]cn2)C1,,,,,
C3602,C1CCCCC1(OC(=O)N)C=O,,,,,
C3603,N1CNC(OO)CC1N=O,,,,,
C3604,N1(C2CCC3CCCCC3C2)C(C2(c3cnn[nH]3)NNCNN2)NNCN1,,,,,
C3605,N1(C2NNC(C(=O)O)NN2)CCCCC1,,,,,
C3606,N1CNN(c2ccccc2O)CN1,,,,,
C3607,C1CCCCC1C1(C2CC(C3NCCN3)C3C(C2)CC(C)CC3)CCNCC1,,,,,
C3608,C1(C2CCNCC2N)(OO)CNCN1C(=O)[N+](=O)[O-],,,,,
C3610,CC1(CC#C)NNCNC1N1CNNN1,,,,,
C3611,N1(C2(C3NCCNC3)C(c3cnn[nH]3)NNN2O)CNCNN1,,,,,
C3612,CC(CC)c1cnccc1,,,,,
C3613,N1NC(C2NCC(Cc3ccccc3)CC2)CCC1,,,,,
C3614,C(CC)c1nccnn1,,,,,
C3615,C(C(C)C1NNCCC1)C=O,,,,,
C3616,C(C#C)C1CCC(Oc2cnnnc2)CC1,,,,,
C3617,C1CN(c2ncn[nH]2)NC1,,,,,
C3618,N1(C2NCNCN2)C(C#CCC2CCNCC2)(C(=O)O)NCCC1,,,,,
C3619,CC1N(C2C(N=O)CCCC2)CCN(c2c(O)cccc2)C1,,,,,
C3620,N1C(C2(C=N)NNNCC2)NC(c2ccncc2)NN1,,,,,
C3622,C1C(NN)C(C2CNNN2)C2CCCCC2C1,,,,,
C3623,C1(C2NC(C3CCCC4C3CC(c3nncnc3)CC4)CCC2)CCC2CCCCC2C1,,,,,
C3624,CC1CCC2CCCCC2C1N1CCN(C2C(N)CCCC2C)N1,,,,,
C3625,N1(N2CNCN2)CNCC(C#C)(c2nnn[nH]2)C1,,,,,
C3626,C(C#C)C1CNNN1C(=O)O,,,,,
C3628,C1C(C2CCCC(C=CC)C2)NNN1C1CCCCC1C,,,,,
C3630,C=C(OC(=O)N)C1NC(C=N)CNC1,,,,,
C3631,N1(C(C#C)C2NN(C#N)NCN2)NC(C(=O)C)CCC1,,,,,
C3632,C1C(N)N(C2CNNN2)N(C2NCNN2c2nnnnc2)N1,,,,,
C3633,N1(C2C(C3CC(O)CCC3)NNNC2)NCCCC1C1CCCC2C1CC(c1ncncn1)CC2,,,,,
C3634,C1CNN(c2cccc(C)c2)C1C1(C(=O)OC2CNNCN2)CCC(O)CC1,,,,,
C3635,C#CCc1ccccc1,,,,,
C3636,C1N(C2CN(C(=O)O)C(OC(=O)N)N2)NNN1,,,,,
C3637,C1N(C2CCCC(c3ncncn3)C2C)CNN1,,,,,
C3638,C1CNCN1CC=C,,,,,
C3639,C(C=C)OC1CNNN1Cc1ccccc1,,,,,
C3640,C(CC)C1C(C2CNCN2)CC2C(N3CCNC3N=O)(C1)CCCC2,,,,,
C3642,C1C(C2CCC(O)CC2)N(C2CC(c3c[nH]nn3)C(C)CC2)CN1,,,,,
C3643,N1(c2nncnn2)CCCCC1,,,,,
C3644,C1(C#N)CCCCC1(O)C(=O)[N+](=O)[O-],,,,,
C3645,C(=C)C1CCCCC1(O)C(=CC=N)c1c[nH]nn1,,,,,
C3646,C1(C2NCNN2)CN(c2nnncn2)C(C#N)N1C1NNCCC1,,,,,
C3648,N1C(C2CNNCC2)N(c2ccccc2O)CNN1,,,,,
C3649,N1C(C2C(c3cnccc3)CCCC2)NNCN1C#N,,,,,
C3651,N1N(C2CNNC2C)NCCC1,,,,,
C3652,N1CNNC(C2C(C(=O)C)CCC(C)C2)N1,,,,,
C3653,N1NC(N=NO)CCC1C1CC(O)C(C)CC1OO,,,,,
C3654,C(C#CC1(c2c[nH]nn2)CNNN1C=CC)C#C,,,,,
C3655,Cc1nnn[nH]1,,,,,
C3656,CC1CCCCC1C1CCC(ON[N+](=O)[O-])CC1,,,,,
C3657,N1CNCNN1c1nnccc1,,,,,
C3658,C1CCC(C2C(C3C(c4c(O)cccc4)NNCC3C(=O)C)NNN2)CC1,,,,,
C3659,C1(c2c[nH]cn2)CCCCC1C,,,,,
C3660,C1CNNN1n1ccnn1,,,,,
C3661,N1C(C=CC)NCNC1,,,,,
C3662,N1(C2NCCNC2)NCC(N2CNNN2)CC1c1cnncc1,,,,,
C3663,C1C(n2ccnn2)C(C)CC(C(=O)O)(N[N+](=O)[O-])C1,,,,,
C3664,C1(C(=O)O)NCNN1,,,,,
C3665,CC1CC(C(C#C)N=[N+]=[N-])(C2NCNN2)CCC1,,,,,
C3666,C1(N=N)C(C2(OO)NCCN2)CCCC1O,,,,,
C3667,CC(C)C1N(c2c(O)cccc2)C(C2NNNN2)NN1N1CNCN1,,,,,
C3668,C(=CC(=O)O)(C)C1CNNCC1,,,,,
C3669,C1NCN(c2nc[nH]n2)N1,,,,,
C3670,C(#C)c1nccnc1,,,,,
C3671,C1CNC(c2cccc(C)c2)CN1,,,,,
C3672,C1(C(=O)C)CC(C#N)CC(C2(C(=O)O)CNNCC2)C1,,,,,
C3673,N1(C2NCNN2)CNC(N2C(c3ccc4ccccc4c3)CCN2)(C2NCNCN2)NC1,,,,,
C3674,C1(N2CNNN2)CN(c2cccc3c2cccc3)N(C2CNNC2)N1,,,,,
C3675,CC1(C2CNN(c3nccnn3)NC2)CCC(O)CC1,,,,,
C3676,CC(C)C1CCC(C)(c2cc[nH]n2)CC1,,,,,
C3677,C(CCC1NN(C#N)CNN1NN)n1ccnc1,,,,,
C3678,CC1CC(N=N)CCC1C1CCC(O)CC1,,,,,
C3679,N1CNN(c2c[nH]nn2)CN1,,,,,
C3680,C(C)C(=O)OC1(CC)CNNN1C(=O)C,,,,,
C3681,N1CN(N=N)CNC1C1CNNN1O,,,,,
C3682,C1CC(c2c[nH]nn2)C2C(NC(=N)N)CCCC2C1,,,,,
C3683,C(#CCC=C)C(=C)C(=C)n1cnnn1,,,,,
C3684,N1(C2NCCCC2)CC(c2cccc3c2cccc3)NCN1,,,,,
C3685,C#Cc1ncn[nH]1,,,,,
C3686,C1C(C2NCCCC2)N(CC)CN1,,,,,
C3687,C1(O[N+](=O)[O-])C(C2CNCCC2)NCCN1C1CNNCN1,,,,,
C3688,N1CCCCC1c1nc[nH]n1,,,,,
C3689,C(C)(C(=O)N)(C1C(O)CCC(C(=O)N)C1)c1cccc(C)c1,,,,,
C3690,C(=C)c1cnn[nH]1,,,,,
C3691,C(#C)N1CNN(c2nccnc2)N1,,,,,
C3692,N1(c2cc(O)ccc2)C(C2CCCCC2O)CCC(O[N+](=O)[O-])C1,,,,,
C3693,C1(c2c[nH]nc2)CCC2CC(C=O)CCC2C1,,,,,
C3694,C(C1C([N+](=O)[O-])CCC(C2CCC(O)CC2)C1)N,,,,,
C3696,N1(O[N+](=O)[O-])NNNCC1,,,,,
C3698,C(C=C[N+](=O)[O-])C1CNN(c2ccccc2O)N1,,,,,
C3700,C(=C)C(=O)[N+](=O)[O-],,,,,
C3701,C1(O)C(C2NCCCC2)N(C=C)N(O)C1,,,,,
C3702,N1(C2NNN(c3cnc[nH]3)N2)CNCN(C)N1,,,,,
C3703,C1NN(n2cnnn2)NN1,,,,,
C3705,C(#Cc1ccc(O)cc1)OC(=O)N,,,,,
C3706,C1(N=O)CNNN1,,,,,
C3707,CC=C(C1NNNCC1c1ccccc1C)C=CC,,,,,
C3708,C(C(=C)C=O)(N1CCCN1)C1N(C)CCN1,,,,,
C3709,N1C(N2CNNN2CC#C)CCCC1,,,,,
C3710,N1CNCC(C2NNN(c3cccc(C)c3)CC2)(CCC)C1,,,,,
C3711,C(C)C1(C2NCCNN2)CNCCC1N=N,,,,,
C3713,CC1CCC(C(=O)O)(C2CNN(c3ccn[nH]3)N2)CC1,,,,,
C3714,N1NNCC(C2C(C3CCNN3)CCC3(O)C2CCCC3)C1,,,,,
C3715,C1CCCC(n2cncn2)C1(O)C,,,,,
C3716,C1CCC2CC(OO)CC(c3ccc(C)cc3)C2C1,,,,,
C3717,N1N(C(=O)[N+](=O)[O-])CCCC1,,,,,
C3718,C1CCCCC1(C(=O)C)C1NN(c2ccn[nH]2)NCC1,,,,,
C3719,N1NC(C2NCNN2)(c2cnc[nH]2)CCC1,,,,,
C3720,C1(N=NO)C(C2CCC3(c4ccc(O)cc4)CCCCC3C2)NCN1,,,,,
C3721,N1(OC(=O)N)C(C(=O)O)CCCC1,,,,,
C3722,N1(C2(NN)CNNN(C3N(c4c[nH]nn4)NCCC3)C2)CNCNC1,,,,,
C3723,N1NC(C2(c3c[nH]nc3)CNNNC2)CCC1,,,,,
C3724,C(CCc1ncncn1)C1CNCCC1,,,,,
C3725,C(C)(C(=O)[N+](=O)[O-])C1NCCN1Cc1ccccc1,,,,,
C3727,N1(C2NNCCC2c2cnncn2)CNNCN1,,,,,
C3728,C(CC1NCCN1)C1C(c2ccc3ccccc3c2)CNN1,,,,,
C3729,C(CC1(c2cnncn2)CNCCC1)N1CCNN1,,,,,
C3730,C1NCNN1CC#C,,,,,
C3731,N1C(N)NNC(C(C#CO[N+](=O)[O-])c2cccc3c2cccc3)N1,,,,,
C3732,C1NCNN1C1CN(C2CN(c3nnnnc3)NCN2)NCC1,,,,,
C3733,N1C(c2nnncn2)NNCN1,,,,,
C3734,C1(CC#C)CC(N)CC(C2NNNN2)C1O,,,,,
C3735,C1CNC(c2ncncn2)CN1,,,,,
C3736,N1NCC(C(=O)[N+](=O)[O-])(c2cccc3c2cccc3)CC1,,,,,
C3737,C1CN(C#CC)C(C2CCCC(C)C2)(c2c[nH]cn2)N1,,,,,
C3738,C1(NC(=N)N)CN(C(=O)N)NC1,,,,,
C3739,C1(C2CCNN2C2CNNC2)CN(C2CCC(c3nc[nH]n3)CC2O)NC1,,,,,
C3740,N1N(c2cnccc2)NCCC1,,,,,
C3741,C1(C2N(C(C=C)c3ccncc3)NNNC2)N(CCC)NNN1,,,,,
C3742,N1(N2C([N+](=O)[O-])CNN2)C(C2CNNN2)NCNN1,,,,,
C3744,CC1C(CC2C(O[N+](=O)[O-])CCCC2)CC(NN)C(c2ccc(C)cc2)C1,,,,,
C3745,N1CCCC(C(=O)O)C1,,,,,
C3746,N1(c2c(O)cccc2)N(OC(=O)N)NNCC1,,,,,
C3747,C1NCN(C2CCN(C=N)CC2)N1,,,,,
C3748,C1CCC(c2nncnc2)CC1(OC1NC(C=C)NN1)C1CNCN1,,,,,
C3749,N1N(N=O)NNCC1,,,,,
C3750,C1(C2CCCCC2)CCCC(C2CCC3(CC)CCC(N4CCCN4)CC3C2)C1,,,,,
C3751,N1CN(c2cnncn2)NCN1,,,,,
C3752,CC=Cc1c[nH]nn1,,,,,
C3754,C1(C2CC(c3nnccc3)C(C)CC2)CN(N=[N+]=[N-])NN1,,,,,
C3755,N1C(CC#C)NCN(C2NNCNC2C=CC)C1C#N,,,,,
C3756,N1C(C2NN(C(=O)O)NCN2)N(C2NCCNC2)NCN1,,,,,
C3757,C1CC(C2CNNCN2)C2CCCCC2(C2NC(CCC)NN2)C1,,,,,
C3758,N1C(c2ccccc2O)CCCC1,,,,,
C3759,N1CN(C2N(C#CC)NCNC2)NC(C2NNC(C3C(O)CCCC3)NN2)N1,,,,,
C3760,C(#C)C1(c2nnnnc2)CCCCC1C,,,,,
C3761,N1NN(C2CNN([N+](=O)[O-])N2)NCC1NC(=N)N,,,,,
C3762,C1CNCCN1CC(C)C1CCC2C(c3cc(O)ccc3)(C1)CCCC2,,,,,
C3763,N1(N=[N+]=[N-])NCCCC1,,,,,
C3764,N1NNN(C=N)CC1,,,,,
C3765,N1CNC(C#C)N([N+](=O)[O-])C1,,,,,
C3767,C1CN(C2NN(C3CCC4CCCCC4C3)N(N=[N+]=[N-])CN2)NN1,,,,,
C3768,N1(c2nnncc2)CCNCN1,,,,,
C3769,C(=C(C1CCC2C(C1)CCC(N=[N+]=[N-])C2)O[N+](=O)[O-])OC(=O)N,,,,,
C3770,C1(C2CNNCC2)C(C2C(n3cnnn3)C(O)CCC2)NNN1,,,,,
C3771,N1N(N=N)NC(N)CC1O,,,,,
C3772,CC1CCC(C=C)(c2c[nH]nc2)CC1,,,,,
C3773,C1C(c2nnncc2)NNC1,,,,,
C3774,C1CCC2CCC(C3CCC(O)CC3)(c3ccc(O)cc3)CC2C1,,,,,
C3776,C1(C2CNNC2)N(c2nc[nH]n2)N(N=O)NN1,,,,,
C3777,C1CC(C)CCC1OC1CC(C(=O)C)C2(c3cnnnc3)CCCCC2C1,,,,,
C3778,CC1(C2(Cc3ccccc3)C(O)CCCC2)CCCCC1C1(C2NCCN2)CNCCC1,,,,,
C3779,C1C(OC(=O)N)C(C2C(c3nnccc3)CC3CCCCC3C2)C2CCC(OC(=O)N)CC2C1,,,,,
C3780,C(CC(C1NCCNC1)CC1CC(c2c(O)cccc2)CCC1)N1CCCN1,,,,,
C3781,C(CC)c1nccnc1,,,,,
C3782,N1CNC(C2(NC(=N)N)CNNCN2)N(C2CNCN2)N1,,,,,
C3784,CC(=C)C=C(C)OC(=O)N,,,,,
C3785,C1CCC(OC(=O)N)CC1O,,,,,
C3786,C(=C)(C(=N)N)C1CNNN1c1c[nH]cn1,,,,,
C3787,C1N(c2ccn[nH]2)N(O)NN1,,,,,
C3788,CC1(c2cnncc2)CCCCC1,,,,,
C3789,C(#C)C1CC(c2cnn[nH]2)C2CCCCC2C1,,,,,
C3790,C1C(c2cnnnc2)CCCC1,,,,,
C3791,CCCC1N(C2(C(=O)[N+](=O)[O-])CNNN2)CN(C(=O)C)CN1,,,,,
C3792,N1CN(C2CC(C3NC(O[N+](=O)[O-])CCC3N[N+](=O)[O-])CC3C2CCCC3)CNC1,,,,,
C3793,C(C(=C)c1cc(O)ccc1)C1(NN)NCCN1,,,,,
C3795,C1C(C(=O)O)N(OC(=O)N)N(N=N)C1,,,,,
C3797,C1(c2c[nH]nc2)CNCN1,,,,,
C3798,C1C(C2N(C=O)CCN2)NNC1,,,,,
C3799,N1(C2NC(N)CN2)C(NN)NC(N2CNNN2)NC1,,,,,
C3800,C(#C)C(=O)OC1C(O)CC(O)CC1,,,,,
C3801,C1C(C2NNCCC2)N(c2cccc3c2cccc3)CN1,,,,,
C3802,Cc1ncccc1,,,,,
C3803,C1(C=C)CNCN1C1C(O)CC(C2(c3ncn[nH]3)NCCCC2)CC1,,,,,
C3804,N1NN(C)C(N=N)C(c2nccnc2)C1C1NNNCC1,,,,,
C3805,C#CC1C(C2CC(c3nnncc3)CCC2O)NCCC1,,,,,
C3806,C(C=C)(N1CCNC1)c1cnc[nH]1,,,,,
C3807,C(C)(CCC)C=C(COO)C1CCC(O)CC1,,,,,
C3808,N1NNNCC1c1ccccc1O,,,,,
C3809,C1CN(C2(C3CNCCC3)C(O)CCCC2n2cccn2)NC1,,,,,
C3810,C1NCNN1C1(N2CC(C3CCCC(C)C3)NC2)CNC(N=N)N1,,,,,
C3811,N1(c2ccncc2)NNNC(C#C)C1,,,,,
C3812,C1CCCCC1(O)C1CN(C)CN1,,,,,
C3813,N1(c2ccccc2C)N(N2CCNN2)CCCC1,,,,,
C3814,C1CNN(N([N+](=O)[O-])C2CNNN2)C1[N+](=O)[O-],,,,,
C3815,C1CNN(C2NCNN2C2CNNNC2CC=C)C1C1NNNCN1,,,,,
C3816,N1NNNC(n2cncn2)C1,,,,,
C3817,N1(C2NCCNC2)CNCC(c2c[nH]nn2)C1,,,,,
C3818,C1NCN(C#N)N1,,,,,
C3819,N1CCNCN1NC(=N)N,,,,,
C3820,N1CNCN(c2nnnnc2)C1,,,,,
C3821,C1(NN)CN(NC(=Nc2nnncc2)N)CCN1,,,,,
C3823,N1CNNC(Oc2ccc(O)cc2)N1C(=O)C,,,,,
C3824,N1NN(C2(NN)CCNN2)NCC1N1C(C2CCCCC2)CNC1,,,,,
C3825,C=C(NN)C1CC(O)(C2NNC(c3cnc[nH]3)CC2)CCC1,,,,,
C3826,C(N=[N+]=[N-])c1ncncn1,,,,,
C3827,C1(C2(N[N+](=O)[O-])NN(C=CC)CNC2)N(OC(=O)N)CNN1,,,,,
C3828,C1C(C2CNNNC2)CC(C#CC)(c2c[nH]cn2)CC1,,,,,
C3829,C1CNN(C2CNNCC2OC(=O)N)N1,,,,,
C3830,C=C(N1CNNN1)C1CCC2CC(c3nnncn3)CCC2C1,,,,,
C3831,N1C(C2C(O)(c3cccc(C)c3)CCCC2)CNCN1,,,,,
C3832,C1(C2(N3CCNC3)NCNC(n3ccnc3)N2)(C2CCCC3C2CCCC3)CNCN1,,,,,
C3834,C1(c2ccc3c(c2)cccc3)C(N=[N+]=[N-])NNC1,,,,,
C3835,CC(=C)c1cnccc1,,,,,
C3836,C1CCCCC1C1(c2ccc3ccccc3c2)NNNCC1,,,,,
C3837,C(C1CCCC(C=CC)C1)c1cc(O)ccc1,,,,,
C3839,N1NN(C2CNNNC2)C(n2cccn2)C(C2NNCNC2)C1C,,,,,
C3840,C1CCC2CC(C3NNN(c4ccncc4)CN3)C(C=CC)CC2C1,,,,,
C3841,N1C(c2ccc3c(c2)cccc3)NCNN1,,,,,
C3842,CC=C(N=NO)c1nccnc1,,,,,
C3843,N1CN(C2C(C3N(c4nnncc4)NNCC3)CCC3C2C(C2NNNNC2)CCC3)NCN1,,,,,
C3844,C1CCCCC1(O)c1cc[nH]n1,,,,,
C3845,CC#CC1N(O)NCCC1,,,,,
C3846,C1(c2cnncc2)CCC2CCC(C3NNNCC3C3NNCNN3)CC2(C2NNCCC2)C1,,,,,
C3847,C1(CC=C)CNNN1C1(C=N)CNNN1C1NNNCC1,,,,,
C3848,N1NCC(C(=O)N)C(C2NNCNC2)C1c1cccc2c1cccc2,,,,,
C3849,Cc1nnccc1,,,,,
C3850,N1NN(C2CCNN2)NCC1NN,,,,,
C3851,N1(C(=O)[N+](=O)[O-])N(CC#C)NNCC1NC(=N)NC1CNNC1,,,,,
C3853,C1NN(c2cnccc2)N(C2(C3NNCNN3)NNCNC2)N1O,,,,,
C3854,C1CNN(c2ccc3c(c2)cccc3)N1N,,,,,
C3855,C(#CC(=O)OC=CC)C#CC,,,,,
C3856,N1CNC(c2ccc3c(c2)cccc3)NN1,,,,,
C3858,CC1CCCCC1N[N+](=O)[O-],,,,,
C3859,N1N(NNC2NCCN2)NN(O[N+](=O)[O-])CC1,,,,,
C3860,CC1(CC#C)C(C2CN(CC(C)c3ccc(C)cc3)NCN2)CCCC1,,,,,
C3861,CC1(C=N)C(C=C)CCCC1C1NCCN1,,,,,
C3863,C#CC1N(NC(=N)N)NCNC1C1CNNNC1,,,,,
C3864,C1CN(N=O)C(c2cnccc2)CN1,,,,,
C3865,C1(C=C(C)N2CNCN2)CNN(c2cc[nH]n2)N1,,,,,
C3866,N1CNN(N[N+](=O)[O-])C(C#C)N1,,,,,
C3867,C1(c2ccc3ccccc3c2)NN(C(=O)N)NN1C1CCCC(C)C1,,,,,
C3868,C(CC)c1ccc(C)cc1,,,,,
C3869,CCN=NOC1CN(OOC#CC)NC1,,,,,
C3870,C1CCC2C(N3CNNN3)CC(O[N+](=O)[O-])C(C3CNNC3)C2C1,,,,,
C3871,N1NC(O)CCC1,,,,,
C3872,CC1CCCCC1C1NNN(C2CCNN2)NC1N,,,,,
C3873,C1C(C(=O)N)NNC1,,,,,
C3874,N1(N)CC(NN=O)CCC1n1cncn1,,,,,
C3875,N1(C2CCNN2)CNN(c2ccncc2)CN1C(=N)C,,,,,
C3876,C(C=C)C(=C)C1N(n2ccnc2)NCNN1,,,,,
C3877,C(C1(C(=O)O)CCCCC1)C1(N[N+](=O)[O-])NNNN1,,,,,
C3878,C1C(N2CNN(c3nc[nH]n3)N2)CCCC1ON1CCCN1,,,,,
C3879,Cc1nnnnc1,,,,,
C3880,N1CN(C2(c3cnccc3)C(OC3CCNN3)CCCC2)NCN1,,,,,
C3881,C(CC1C(CCC)NCN1)CC(=C)N=[N+]=[N-],,,,,
C3882,C1CCC(C2CNCN2)(C2CCC3CCCCC3C2)CC1C=CC,,,,,
C3883,C1CCC2CC(N3CCCN3)CCC2(n2cncn2)C1,,,,,
C3884,N1CC(C#N)CCC1,,,,,
C3885,C1C(C(=O)N)C(c2ccncc2)CC(C2CNCN2)C1,,,,,
C3886,N1(N2CNC(N=NO)N2OC(=O)Nc2cnncc2)CNCCC1,,,,,
C3887,C(C1NNNCN1)c1cc(O)ccc1,,,,,
C3888,CC(=C(NC(=N)N)C1([N+](=O)[O-])NCNCN1)C(=O)N,,,,,
C3889,N1(C(=O)N)CNCNN1,,,,,
C3890,N1(C#N)CN(C=C)CCC1,,,,,
C3891,C1C(c2c[nH]cn2)NN(CC)N1,,,,,
C3892,C=Cc1cccc2c1cccc2,,,,,
C3893,N1(c2cnc[nH]2)CN(C2CNNCN2)CN(C2CNNN2)C1,,,,,
C3894,C(CC1CNCN1)([N+](=O)[O-])(C1CNCN1)OO,,,,,
C3895,CC=CNC(=N)N,,,,,
C3896,C1C(C2C(N)NNN2)NCN1,,,,,
C3897,C(C(C)C1CNN(C2NNNNC2)N1)C(=O)Cc1cnncc1,,,,,
C3898,C1(N=[N+]=[N-])CCCCC1c1nncnn1,,,,,
C3899,C1NN(C2NNNCC2N=[N+]=[N-])N(C2NCCCC2)N1,,,,,
C3900,CC(=C)c1ccc2c(c1)cccc2,,,,,
C3901,C=CC1CNNN1C(C#C)C1CNNC1c1nnccc1,,,,,
C3902,N1NN(C2CNNN2)N(C2CCC(OC(=O)N)CC2)C(c2cnncc2)C1,,,,,
C3903,C1CN(C2NCNCN2)NC1C1NCCC(O[N+](=O)[O-])C1,,,,,
C3904,CC1CCCC(C2NC(C3N(C4CCCCC4)CCN3)CN2[N+](=O)[O-])C1,,,,,
C3905,CC1(c2cnc[nH]2)CCCCC1,,,,,
C3906,C1(c2nncnn2)CCC2(C3NCCNC3)CCCCC2C1,,,,,
C3907,C(C(=C)C1CNNN1)C1(C#N)NNNC(N)C1,,,,,
C3908,N1NNC(C2N(NC(=N)N)NCNN2)CC1c1ncc[nH]1,,,,,
C3909,N1C(C2CCCC3C2C(c2ccn[nH]2)CCC3)CNCN1,,,,,
C3910,CC1C(OO)CC2CCCCC2C1c1nnccc1,,,,,
C3911,N1C(c2ncccc2)NCN(C(=O)COC(=O)N)C1,,,,,
C3912,C1NCNN1C1N(C2CCCCC2)CNN1,,,,,
C3914,C1CCC(C2(c3nnncn3)CCNN2)C(C#C)C1O,,,,,
C3915,C1CCC(N=O)CC1OC1CNN(c2nnncc2)CN1,,,,,
C3916,C1C(C=O)C(CCC)C2(C3CCCCC3O)C(c3cnncc3)CCCC2C1,,,,,
C3917,C=C(C(=O)OC(=O)O)N[N+](=O)[O-],,,,,
C3918,C(#Cc1ccccc1C)C(C#C)C1CNNN1,,,,,
C3919,N1(N=[N+]=[N-])C(N2CCNN2n2cnnn2)CNCN1C(=O)O,,,,,
C3920,C(=C)(C(=O)C)c1nnccc1,,,,,
C3921,C(C)N1CN(C(=O)O)NN1,,,,,
C3922,N1C(C2CN(C3CCC(CN=[N+]=[N-])CC3)CN2C2CNNNC2)NCNC1,,,,,
C3923,CC1C(C2NNCNC2)CC(N2CN(O)NN2)CC1,,,,,
C3924,C1(C2CCC(C)(C3CCC(O)CC3)CC2c2nccnn2)NNN(N=NO)N1,,,,,
C3925,N1NN(N=O)N(CC=C)C(C2CNNNC2)C1n1ccnn1,,,,,
C3926,C(C#C)(NC(=N)N)N[N+](=O)[O-],,,,,
C3927,C1(C2CNCCC2N)C(C(=O)NC2CCCCC2)CCCC1O,,,,,
C3928,C1C(C2(C3NNNN3)NNNCN2C#CC)CC2C(c3nnccc3)CCCC2C1,,,,,
C3929,C1NCN(CCCC2CCC(CC=CC)CC2)N1,,,,,
C3930,CC1(C#N)CCCCC1,,,,,
C3931,N1C(c2nnn[nH]2)NCNN1,,,,,
C3932,C1(C2CC(c3ccccc3O)CCC2C)CNN([N+](=O)[O-])C1,,,,,
C3933,N1NN(C2NCCNC2c2nnnnc2)CCC1C(=O)N,,,,,
C3935,N1CNC(N=O)N(N=N)C1,,,,,
C3936,C1CN(C2N(C3NCN(c4cnncn4)CN3)CNN2)CN1,,,,,
C3937,C(CC)C1C(N2CCNN2)C(C2(N=NO)CCNN2)C2C(C1)CCCC2,,,,,
C3938,C1(OO)CNNN1,,,,,
C3939,N1CNCN(C(=O)CC2C(n3ccnc3)CC(C)CC2)N1,,,,,
C3940,C(C(=C)C1NC(N)NCN1)C1C(N=NO)NNC1,,,,,
C3941,C1C(C2CCCCC2)NNN1C1CNNNC1,,,,,
C3942,C#CC1CC(C#C)C(O)CC1,,,,,
C3943,N1C(CC#C)NCNN1,,,,,
C3944,C=C(C(=O)O)c1nnnnc1,,,,,
C3945,N1NNNCC1c1c[nH]cn1,,,,,
C3946,C1NN(C2NC(C(=O)O)NN2)N(C2CC(C(=O)C)CC3C2CCCC3)N1,,,,,
C3947,C1(C2(C3NC(c4ccccc4C)CNN3)CN(C#CC)NC2)NCNN1,,,,,
C3948,C(C#C)C(C)C1CNNN(C)C1,,,,,
C3949,N1C(C2CCCC3C2CCCC3C2NNNNC2c2cnc[nH]2)CNCN1O,,,,,
C3950,N1NCC(C2NNC(c3c[nH]nc3)CC2)CC1,,,,,
C3951,N1NCC(CCC)C(C(=O)C)C1N=[N+]=[N-],,,,,
C3953,CC(=C)C1(C(=O)N)NCNN1,,,,,
C3954,C1NC(c2cccc3c2cccc3)NN1,,,,,
C3955,N1([N+](=O)[O-])CN(C#C)C(N2CCNN2C2CNNCN2)NC1,,,,,
C3956,C(C1CCCCC1O)N=O,,,,,
C3957,N1CNC(NN)CC1C1CNN(C(=O)[N+](=O)[O-])C1,,,,,
C3958,C1N(c2nnnnc2)NNN1,,,,,
C3959,N1CCCCC1c1ccccc1C,,,,,
C3960,CC(Cc1nnccc1)C1(C=N)CNNCC1,,,,,
C3961,C(C#C)C1CCCCC1Oc1nnnnc1,,,,,
C3962,C1(C2CCNN2)C(c2nccnc2)N(C#C)CC(C(=O)N)N1,,,,,
C3963,N1C(C=C)N([N+](=O)[O-])C(C(=O)C)CC1,,,,,
C3964,N1CNCN(CC)C1,,,,,
C3965,N1(C(=O)[N+](=O)[O-])C(n2ccnn2)NCCC1C1CCC(C2CCCCC2O)CC1C,,,,,
C3966,C1C(C=O)NCCN1,,,,,
C3968,C1C(N=NO)N(c2ccncc2)NN1,,,,,
C3969,C1CCC2(C#N)CC(C(=O)[N+](=O)[O-])C(C=N)CC2C1,,,,,
C3970,CC(C)C1CCC2C([N+](=O)[O-])(C1)CCC(Oc1nnncn1)C2,,,,,
C3971,C1CCC2C(N=NO)CCCC2C1,,,,,
C3972,C1NC(C2CC(C3CNNN3)(NN)CC(C)C2)NN1,,,,,
C3973,CC(C)Nc1nnncn1,,,,,
C3974,N1C(c2nncnn2)NCNC1,,,,,
C3975,C1CNN(c2nnnnc2)N1NC(=N)N,,,,,
C3976,N1(C(=CC)OO)CNC(C2CCNN2)NC1OO,,,,,
C3977,N1(c2ccccc2C)CNNC(NC(=N)N)N1C1CNNN1N[N+](=O)[O-],,,,,
C3978,C1(c2nncnc2)NNNN1,,,,,
C3979,C1CN(C(=O)O)N(C(=O)N)N1NC(=N)N,,,,,
C3980,N1(C2(c3cccc4c3cccc4)CNN(C3CC(O)CCC3)CC2)NCCCC1,,,,,
C3981,C1CN(C2CCC(C(=O)O)CC2(C)N2CCN(C(=O)O)N2)NN1,,,,,
C3982,N1(C2CNNCC2)CC(C2CNNC2)NCN1C(=O)[N+](=O)[O-],,,,,
C3983,N1CNCC(C2CCC3C(C2c2nncnn2)CCCC3)C1,,,,,
C3984,C1NCN(NNc2cnncc2)N1,,,,,
C3985,N1CC(O)NC(C2CCCC(C3NNNN3)C2(O)N2CNNN2)N1,,,,,
C3986,N1NNNC(c2ccccc2O)C1O[N+](=O)[O-],,,,,
C3988,CC1CCC(C2CCNN2)CC1N1C(C#CC)NCN1,,,,,
C3989,C1CC(c2ncncn2)CCC1,,,,,
C3990,C1CCCC(N=O)C1O,,,,,
C3991,N1CNCCC1c1ccc2ccccc2c1,,,,,
C3992,N1NNCC(c2c[nH]nc2)C1,,,,,
C3993,N1N(CC=C)CCCC1,,,,,
C3994,CCc1ncc[nH]1,,,,,
C3995,C1(C(=O)O)(C2N(c3nccnc3)NNCC2)C(C#C)NCN1,,,,,
C3996,N1CCNC(C2CCC(O)C(c3ccncc3)C2)N1,,,,,
C3997,C(C#C)C1NCNCN1n1cncn1,,,,,
C3998,N1(c2nncnc2)N([N+](=O)[O-])C(N)CCC1,,,,,
C3999,C(C#CN=NO)C1CNC(c2ccc3c(c2)cccc3)N1,,,,,
C4000,C(#CN(N)c1cnnnc1)C,,,,,
C4001,N1(C2NNCNN2C2CNNC2)CNCCC1C(=O)[N+](=O)[O-],,,,,
C4002,N1NN(N2CCNC2)NCC1N=N,,,,,
C4003,N1(c2ccc3c(c2)cccc3)CCNCN1,,,,,
C4004,C1(C)(c2cnncn2)CCC2(C)CCCCC2C1,,,,,
C4005,N1CN(N=O)CNN1,,,,,
C4006,C1CN(OC2CC(O)C(O)CC2)N(C=CC)N1,,,,,
C4007,CC=C(C(=O)O)N=NO,,,,,
C4008,C1CNC(N)CN1,,,,,
C4009,N1CCCCC1C1N(O)NN(C=O)CN1,,,,,
C4010,CC1NCN(C2CCCCC2)N1,,,,,
C4012,C1N(CC=C)CNN1,,,,,
C4013,N1C(Cc2ccccc2)CN(C2CCCC(CC#C)C2C)CN1,,,,,
C4014,N1(C2C(O)CCCC2)CNCCC1C,,,,,
C4015,C#CCc1ccccc1,,,,,
C4016,N1C(C2CNNN2)NCN(C#CC)C1C1CCC2CCCCC2C1,,,,,
C4017,C(#C)C1CN(CC#C)N(c2nnnnc2)C1,,,,,
C4018,N1C(C2NNC(c3nncnc3)CC2)CCCC1,,,,,
C4019,C1(c2c[nH]nn2)CCCCC1,,,,,
C4020,C(C)(C=O)C1CNNCN1c1c[nH]nc1,,,,,
C4021,CN1CNN(c2nnncc2)N1,,,,,
C4022,C1C(C2NNNC(c3nnncc3)C2)C(C2NCNN2)CCC1,,,,,
C4023,N1(C2(C3CCCCC3)C(C3NCCNN3)CC(O)CC2)CNCN(C2CCNN2)C1,,,,,
C4024,N1NN(N=NOc2c(O)cccc2)CCC1,,,,,
C4025,N1CNC(n2ccnc2)C(N=O)C1,,,,,
C4026,C1N(c2nnnnc2)CNN1,,,,,
C4027,C1CCCCC1C(=O)[N+](=O)[O-],,,,,
C4028,CC#CN1CC(OC(=O)NC)CN1,,,,,
C4029,CCn1cncn1,,,,,
C4030,N1(CCC)CCCC(C2CCCC(n3ccnc3)C2C)C1C1NCCN1,,,,,
C4031,C1CCC(n2ccnn2)CC1,,,,,
C4032,N1C(n2ccnc2)N(C2CCC3C(C2)CCCC3)CCC1(C1CCCCC1O)C1CNCN1,,,,,
C4033,N1C(c2nnnnc2)NCNN1,,,,,
C4034,N1CCCC(c2c[nH]nn2)C1,,,,,
C4035,C1CCCC(C2(c3c[nH]nc3)CCNN2)C1,,,,,
C4037,C1CN(OO)NN1,,,,,
C4038,C(C(=CN[N+](=O)[O-])C1NC(C2NNCNC2)NN1)c1ccncc1,,,,,
C4039,C(CCC=CC)c1nnncn1,,,,,
C4040,N1(c2cc(O)ccc2)CNNCN1,,,,,
C4041,C1CCC(C2(c3c(O)cccc3)CNNNC2)CC1O,,,,,
C4042,C1C(C2CNNCC2)NNN1c1ncncn1,,,,,
C4043,C1(C2CNNCN2c2c(O)cccc2)CNNN1,,,,,
C4044,C(C#C)OC(=O)N,,,,,
C4045,N1CCNCN1c1ccc(C)cc1,,,,,
C4046,C1NNN(c2nc[nH]n2)N1,,,,,
C4047,CCCc1nccnn1,,,,,
C4048,N1NNNCC1c1ccncc1,,,,,
C4049,CC#Cc1ccc(O)cc1,,,,,
C4051,C1(C2(C3NCCCC3)NNNNC2)CN(C2CC(O)CCC2)CN1c1c[nH]nn1,,,,,
C4052,N1(N)C([N+](=O)[O-])NCNN1,,,,,
C4054,C1(C2NN(N3CC(C4NCNN4)NC3C#C)NCC2)CCCCC1O,,,,,
C4055,N1(C2CCNCC2)CCCC(C2NCCN(OOc3nnn[nH]3)N2)C1,,,,,
C4056,N1N(N2C(c3c[nH]nc3)CNN2)C(C2C(C(=O)N)CC(O)CC2)CCC1,,,,,
C4057,N1(c2nccnn2)NNNCC1,,,,,
C4058,C1C(C2NNNN2)CCC(NN)C1OCC#C,,,,,
C4059,CC(=O)c1nnn[nH]1,,,,,
C4060,N1CN(OO)CNC1C1N(c2ccc(C)cc2)CCCC1,,,,,
C4061,C1(C2N(N=NONC(=N)N)NCNC2)NNNN1,,,,,
C4062,N1(c2ncncn2)CNCNN1,,,,,
C4063,N1(N2CC(C3CCNC(C4CC(O)CC([N+](=O)[O-])C4)C3)CN2)CCNCN1,,,,,
C4064,C1C(c2nncnc2)NNN1C1NNNCN1,,,,,
C4065,N1(c2ncc[nH]2)NCCCC1,,,,,
C4066,N1(C2(C=CC)NNCNC2)CNNCN1,,,,,
C4067,C(C(CC1NNNCC1)C#CC)C1N(c2cnncn2)NNN1,,,,,
C4068,CC(=C)c1nnn[nH]1,,,,,
C4069,C1CCCCC1C1(CC=CC(=O)O)CNCN1,,,,,
C4070,C=CC1CCC2CCCCC2(C2NCCNN2)C1C(=O)O,,,,,
C4071,C1CCC2CCC(C3(n4ccnn4)NCC(C4NCCN4)CC3)C(C3NNNCC3)C2C1,,,,,
C4072,C1NN(c2ccn[nH]2)NN1,,,,,
C4073,N1CNC(C2CNCN2)C(C(=O)O)(N=O)C1,,,,,
C4074,N1C(c2nnccc2)N(N=NO)CC(C(=O)OC(=O)O)C1,,,,,
C4075,CC(=Cc1c[nH]nn1)C1CCNCC1,,,,,
C4076,C1CC(C2NNCNN2)CC(C2NNN(N=O)CC2)C1,,,,,
C4077,C(C1CCCCC1C)N1CC(OC(=O)N)CN1,,,,,
C4078,C1CCCCC1N=NO,,,,,
C4079,C#CC1C(c2cnccc2)NNN1,,,,,
C4080,C1CN(n2ccnn2)NC1,,,,,
C4081,N1NNCCC1(N1CCN(C#CC)C1)C1(n2cccn2)NNCCC1,,,,,
C4082,C1C(N=NO)CCC(C2C(c3ncncn3)NCN2)C1O,,,,,
C4083,N1NNNCC1C1NNN(N=N)NC1,,,,,
C4084,N1(CCC)C(O[N+](=O)[O-])N(CC#C)CCC1,,,,,
C4085,CC1CC(C2(C=C)CC(O)CCC2)CCC1,,,,,
C4086,C1(C2CCC(C(=O)O)(C(=O)O)CC2)(N[N+](=O)[O-])CNCN1,,,,,
C4087,C1N(C2(C3NNCNN3)C(C(=O)O)CNCC2)CNN1,,,,,
C4088,C1(CC#C)CNCN1C1NN(N)CNC1,,,,,
C4089,C(C#CC=N)(C1C(O)CCCC1Cc1ccccc1)C1CNCN1,,,,,
C4090,CCC1(OC(=O)N)CCC2CCCCC2C1,,,,,
C4091,C(=CNC(=N)N)(N(N)C1NCCNC1)N1CCNN1,,,,,
C4092,N1(C(=O)O)CCN(C#N)CN1C(=O)[N+](=O)[O-],,,,,
C4093,C(C#C)c1ccc(C)cc1,,,,,
C4094,N1CNCN(C2(C(=O)N)CN(C3C(N)NNCN3)CN2)C1,,,,,
C4095,N1CC(N[N+](=O)[O-])(CCC)CCC1,,,,,
C4096,N1NN(CCC)NCC1,,,,,
C4097,C#Cc1nnnnc1,,,,,
C4098,N1(n2cnnn2)NNCCC1,,,,,
C4099,Cc1nnnnc1,,,,,
C4100,C1CC(C2CNCCC2)(C2CN(N)CN2)CCC1,,,,,
C4101,C(=C)(C(=NC#N)C(=O)C)OC(=O)N,,,,,
C4102,N1CCCCC1N1CC(C2CCNN2C2C(O)CCCC2)CN1c1cnccc1,,,,,
C4103,N1CN(C2NNCN(C3NNCNN3)N2)NCN1C1CN(C#N)NCC1,,,,,
C4104,C1CN(NC2CC(C3C(c4ccc(O)cc4)CNCC3)CCC2C)CN1,,,,,
C4105,C1CC(C2CCCC3C2C(c2nncnn2)CCC3)CCC1C1C(C2NNCNN2)NCN1,,,,,
C4106,N1(N=N)CNCN(C2CC(CC)(O)CC3C2CCCC3)C1,,,,,
C4107,C1NC(C(=O)Nc2ccc(O)cc2)N(N2CNCN2)N1,,,,,
C4108,C1CCCCC1NN,,,,,
C4109,C1(C2CCCCC2O)CCC(C2NCNN2c2cnncc2)CC1,,,,,
C4110,N1(c2ncc[nH]2)NCC(N=[N+]=[N-])CC1,,,,,
C4111,CC(C)C1N(O)NCNC1,,,,,
C4112,C1(N=NO)CCCCC1,,,,,
C4113,CC#CC,,,,,
C4114,N1(N)CN(N=N)NC(N2CC(c3c[nH]cn3)CN2)N1,,,,,
C4115,N1CNNC(C#C)N1C1CCNN1,,,,,
C4116,C1CNNN1C=C,,,,,
C4117,C(C#CC(=O)[N+](=O)[O-])C1CN(C#CC)NN1,,,,,
C4118,C1CN(N[N+](=O)[O-])NN1C1(C(=O)O)C(O)CCCC1,,,,,
C4119,C1NC(C2C(ON[N+](=O)[O-])(O[N+](=O)[O-])CCCC2)NN1,,,,,
C4120,C1C(CC=C)N(c2ncncn2)NN1,,,,,
C4121,N1CN(C(C#C)(C2CNCCC2)C2NCCN2)C(C=CC)NN1,,,,,
C4122,C(C1CCCCC1CC1(N=N)CNNC1)N[N+](=O)[O-],,,,,
C4123,N1(C2NCNN2)NN(C#C)N(C2NCCCC2)CC1[N+](=O)[O-],,,,,
C4124,C1C(Cc2nccnc2)(N2CNNN2)NNC1,,,,,
C4125,C(=C)(C(=N)O)C(=O)O,,,,,
C4126,C1(N[N+](=O)[O-])CN(C2CN(C3NNN(c4cc[nH]n4)N3)NCC2)NN1,,,,,
C4127,N1NN(c2nncnc2)N(CC#C)C(N2CNNN2)C1,,,,,
C4128,C1C(c2nnnnc2)CCCC1,,,,,
C4129,N1NCCCC1C1NNNCC1NC(=N)N,,,,,
C4130,N1(N=O)CC(C(=O)C)CCC1,,,,,
C4131,C(=C)(C1CN(N2CCNC2C)NCN1)C1CCC(C)CC1,,,,,
C4132,N1NC(CC2CC(c3cccc(C)c3)CCC2)CCC1,,,,,
C4133,C=CC1NN(c2ncn[nH]2)CNN1,,,,,
C4134,C(C1CCC(C)C(C=CC)C1C1CCNN1)C(=O)N,,,,,
C4135,N1CN(c2cnn[nH]2)CNC1,,,,,
C4136,C1(C2CCC(Oc3ccc4c(c3)cccc4)CC2)CNCN1,,,,,
C4137,C(=C(O)C=CC)c1cc[nH]n1,,,,,
C4138,N1(N2CCCN2)C(C2C(c3c[nH]cn3)CCCC2O)NNC(C(=O)O)N1,,,,,
C4139,C1C(C)CCCC1C1CNCN1,,,,,
C4140,CC1CC(NC(=N)N)CC2C1CCCC2C=CC,,,,,
C4141,C1N(C2CNNN2N)C([N+](=O)[O-])NN1,,,,,
C4142,C1CNNN1C(=O)C,,,,,
C4143,N1NN(N)NCC1,,,,,
C4144,N1(C=O)CN(C)C(C2CCC3C(C2)CCCC3)NC1,,,,,
C4145,C1CN(C(=O)Oc2ncc[nH]2)NC1,,,,,
C4146,N1C(N2CCC(OC(=O)N)N2)NCCC1,,,,,
C4147,C1(CC#CC2(C#CC)NCC(c3cc(O)ccc3)NN2)CCCCC1,,,,,
C4148,N1CC(C2(CC=C)CCCCC2O)NCN1,,,,,
C4149,CC(=CC(CC1CCCCC1)[N+](=O)[O-])c1ncccc1,,,,,
C4150,C1(C2CCN(c3ccc(O)cc3)N2)CCC(C=C)CC1(O)O,,,,,
C4151,N1CC(C=O)NC(C#C)(C2NCNN2)N1,,,,,
C4152,N1(C(=O)Oc2c[nH]nn2)NNNCC1,,,,,
C4153,C1(OC2CCCC(C)C2)NN(N[N+](=O)[O-])NN1,,,,,
C4154,C1(C(=O)N)(c2nnnnc2)CCCCC1O,,,,,
C4155,N1NC(C2CC(O)CCC2)C(C)(C2N(NN)NCNC2)CC1,,,,,
C4156,C(=CC1C(CC=C)NNCC1)C,,,,,
C4157,N1C(c2ncncn2)N(OO)CCC1CCC,,,,,
C4158,CCCc1nccnc1,,,,,
C4159,C1CC(c2cccc(C)c2)CCC1,,,,,
C4160,CC1(N=[N+]=[N-])C(N[N+](=O)[O-])(c2c(O)cccc2)CCCC1,,,,,
C4162,C1CN(c2ccncc2)CCN1,,,,,
C4163,CC(CN)C1N(c2cc[nH]n2)C(N=N)CCC1,,,,,
C4164,N1CNNCN1c1c[nH]nc1,,,,,
C4165,C(C#CO[N+](=O)[O-])(N=NO)C(=O)O,,,,,
C4166,N1NNCC(CNNC(=N)N)C1,,,,,
C4167,C1(C)CCCCC1C1CCC2CCCC(C3NNNCC3C#N)C2C1,,,,,
C4168,N1(C2NC(c3cnncc3)CCC2)CCCCC1,,,,,
C4170,C(C=C)C1C(C2C(O)C(O)CCC2)NCCC1N[N+](=O)[O-],,,,,
C4171,C(CCC=O)c1nnncn1,,,,,
C4172,CC#CN([N+](=O)[O-])C1(C(=O)C)NNN(C=O)NC1,,,,,
C4173,N1(C#N)CN(c2cnccc2)CNC1C1CC(C2NCNN2)NN1,,,,,
C4174,C(C)(NN)C1CCC2C(c3ccc4c(c3)cccc4)CCCC2C1,,,,,
C4175,C1CN(C2(C=CC)N(N3C(N)CNN3)NCCC2)CCN1,,,,,
C4176,C1CN(c2cc[nH]n2)CN1,,,,,
C4177,N1(c2c[nH]nn2)C(O[N+](=O)[O-])NNCN1,,,,,
C4178,C1CCC(C2NC(c3cccc4c3cccc4)NN2)CC1,,,,,
C4179,C1C(n2cnnn2)NCN1,,,,,
C4180,N1CN(C2(C3CNNCN3)NCNCN2)C(c2nnnnc2)NC1O[N+](=O)[O-],,,,,
C4181,C1CNC(CC#C)CN1,,,,,
C4182,N1CC(C2(C3NCNCN3)NNNCC2)C(C2CNCCC2)C(C#N)C1,,,,,
C4183,N1NC(C2NNNNC2)C(C2C(N3CCNC3)CNN2)C(c2nnncn2)C1,,,,,
C4184,C(OOC1CC(O)CCC1)(C(=O)C)C#N,,,,,
C4185,N1C(O[N+](=O)[O-])NC(C2NCNCN2)N(C#C)C1C#C,,,,,
C4186,C1CNNC1NN,,,,,
C4187,C1CCC(C2(N=NOO[N+](=O)[O-])CN(C3CNNN3)NNC2)CC1O,,,,,
C4188,C1CC(C(=O)C)(c2c[nH]nn2)CCC1(O)C1CCC2CCCCC2C1C1NNNCN1,,,,,
C4189,C1NCN(C2CCCC(C)C2C(=O)O)N1CC#Cc1c(O)cccc1,,,,,
C4190,N1CN(c2nnccc2)CN(N=[N+]=[N-])C1,,,,,
C4191,N1CN(N=N)N(N2CCNC2)CN1C,,,,,
C4192,N1(NN)CCNCN1C(=O)[N+](=O)[O-],,,,,
C4193,C(C)C1NCN(c2ccc(O)cc2)N1,,,,,
C4194,N1CNCN(C)N1c1cnnnc1,,,,,
C4195,N1CC(C2CNNN2)N(OC2CCNN2C=CC)CN1,,,,,
C4196,N1(C2CCC3C(c4ccccc4C)(C2)CCCC3C2CCNN2)CNCNN1,,,,,
C4197,N1(C2(n3cncn3)CCC3C(C2)CCCC3)CNCNN1,,,,,
C4198,N1NNCCC1C1CCC(C2CCCCC2)C(CC2(OC(=O)N)C(O)CCCC2)C1,,,,,
C4199,N1CC(c2ccccc2O)CCC1,,,,,
C4200,C1CN(C(=O)O)NN1,,,,,
C4201,C1(C2CCC3CCCCC3C2N=NO)CCC2CCCC(C=C)C2C1,,,,,
C4202,N1CNC(NN)NC1,,,,,
C4203,C1CN(OO)NN1,,,,,
C4204,C1N(c2cc(O)ccc2)C(N=O)(N=O)N(N=O)N1,,,,,
C4205,N1(n2ccnn2)CNNCN1,,,,,
C4206,C=CC1CCC(Oc2nnncn2)(C2CC(O)CCC2)CC1,,,,,
C4207,C1C(C2NCNCN2)(C2CC(C=O)CCC2)C(C#CC)CCC1O,,,,,
C4208,C(#CC1CNNCC1c1ncc[nH]1)N=O,,,,,
C4209,N1CCCCC1c1ccccc1O,,,,,
C4210,C(#C)c1nc[nH]n1,,,,,
C4211,CCC1N(CC2C(c3cnccc3)CCCC2)NNCC1,,,,,
C4212,C1CCCCC1(C1C(O)CCCC1)N,,,,,
C4213,C#CC1CNC(c2nnn[nH]2)CC1,,,,,
C4214,CC(C)C1CN(NN)NCN1,,,,,
C4215,C1NNNN1C1NCNN1C(=O)N,,,,,
C4217,N1(C2CNCN2c2nnccc2)CNCNC1C#CC,,,,,
C4218,C(C)N1CNNN1C(=O)C,,,,,
C4219,N1(C2N(C3(C(=O)O)CCC(O)CC3)CNCN2)NNNCC1,,,,,
C4220,N1CN(N[N+](=O)[O-])NC(C2CNCC(C3(C4CCNCC4)CCNCC3)C2)N1,,,,,
C4221,N1(N2CCC(c3ccc4c(c3)cccc4)N2)CCCCC1,,,,,
C4222,N1CCC(C2CCCCC2)CC1,,,,,
C4223,C1(C2CCC(C)CC2c2nnncn2)CNN(N[N+](=O)[O-])N1,,,,,
C4224,N1(C#CC(N[N+](=O)[O-])C)NN(C2CCC3CCCCC3C2)NCC1,,,,,
C4225,C1C(C2CCC3CCCCC3(OC#CC)C2OC(=O)N)CC2CCCCC2C1,,,,,
C4226,C1(CCC)CNCN1C(=C)C1NCCC(Cc2ccccc2)C1,,,,,
C4228,N1NC(C#Cc2ncn[nH]2)CCC1C1C(C#N)CNCC1,,,,,
C4230,CC=Cc1ncn[nH]1,,,,,
C4231,CCCc1cnc[nH]1,,,,,
C4232,C1NCN(CCCC2NCC(n3cncn3)NC2)N1,,,,,
C4233,C(C)C1C(OOC2(c3cnncc3)NCCNC2)NNNC1,,,,,
C4234,C1NC(C2CNNN2C2(C3NNNN3)C(N)CCCC2)NN1,,,,,
C4235,N1(NC(=N)N)CN(N)CCC1,,,,,
C4236,N1(c2cnncc2)NCCCC1,,,,,
C4237,C1N(N=[N+]=[N-])CN(C2CCCC3C2(N2CNNN2)CCC(C=C)C3)N1,,,,,
C4239,C1CNCN1N=NON1CNNN1c1nnccc1,,,,,
C4240,N1NN(C2(C3CNCCC3)N(N3CCNN3)NNCC2c2c[nH]nn2)CCC1,,,,,
C4242,C1NN(N2CNCN2)N(OOC2CN(c3nnncc3)NNC2)N1,,,,,
C4243,C(CCN1CCN(C2NCCN2)N1)CC1CCCCC1n1cccn1,,,,,
C4244,C1C(C(=O)O)CC2(Cc3ccccc3)C(C3NNNC(C4NCCCC4)N3)CCCC2C1,,,,,
C4245,N1NCCCC1N1CC(C2CN(O)CN2c2cnc[nH]2)NC1,,,,,
C4246,CC(C)CC1NNCN(c2ccc3c(c2)cccc3)C1,,,,,
C4247,C1CC(C2C(C3CCNCC3)CCC(C3CCNN3)C2OOC(=O)N)CCC1O,,,,,
C4248,N1C(n2ccnn2)NNCN1,,,,,
C4249,C1C(C2(C=N)CNCN2c2ccncc2)(C=C)NNC1,,,,,
C4250,C1CN(C#N)CC(C2CNN(CC=C)N2)N1,,,,,
C4251,CC#CC(=N)c1cccc2c1cccc2,,,,,
C4252,N1N(C#N)NNC(C(C2CCCCC2)C(=O)C)C1,,,,,
C4253,C1(C2NNCNC2)C(C2CC(O)CCC2)N(C=CC)NN1,,,,,
C4254,C(C#CC(=O)C(O)c1c[nH]nn1)C1CNNCC1,,,,,
C4255,C1(C2NNNCC2)CC(c2ncc[nH]2)CCC1C1CCCCC1,,,,,
C4256,N1(O)C(CC#C)NCN(C2NCCNC2)C1C1CNNN1,,,,,
C4257,N1(c2ccncc2)CCCCC1,,,,,
C4258,C=CC1CNNC(N=[N+]=[N-])(C=NC(=O)O)C1,,,,,
C4259,C(=C)C1CCC(N=O)CC1O,,,,,
C4260,N1NNCC(C2CC(C3C(C=N)CCCC3O)CCC2O)C1,,,,,
C4261,C1NNNN1N=O,,,,,
C4262,C(C)C1NCNN1c1nnn[nH]1,,,,,
C4263,N1C(c2cc(O)ccc2)NCNN1,,,,,
C4264,N1C(N2CCNN2)(C2C(c3c[nH]nn3)NNCC2)NCC(C(=O)O)C1,,,,,
C4265,C(#C)c1nnncc1,,,,,
C4266,N1CN(CC)C(c2cnncn2)CC1,,,,,
C4267,C1CCC(C2CC(O)C(O)CC2)CC1O,,,,,
C4268,C(C#CC1CNCN1n1cncn1)N1C(C2CC(O)CCC2)NCN1,,,,,
C4269,N1(C2(OO)CC(O)CCC2)CNNC(c2cnc[nH]2)N1,,,,,
C4270,N1(n2cccn2)N(N=NO)N(O)CCC1,,,,,
C4271,C1CC(NC(=Nc2c[nH]nc2)N)C2CCCCC2C1,,,,,
C4272,C1(N)CNNC1,,,,,
C4273,C1C(N2CCNC2)NCCN1c1nnnnc1,,,,,
C4274,C1C(C2N(C=CC)N(OO)NCN2)NNN1,,,,,
C4275,N1(C2NNNC(c3cnn[nH]3)C2)CNNCN1,,,,,
C4276,C(C(NC(=N)N)CC=C)C(=O)O,,,,,
C4277,N1(C2CCC(c3c(O)cccc3)CC2)CCCCC1,,,,,
C4278,C1(C=CC)CCCCC1c1ccccc1O,,,,,
C4279,C1(C#C)(c2cc(O)ccc2)C(OC(=O)N)NNN1,,,,,
C4280,N1CC(N=NO)NCN1,,,,,
C4281,CC(Cc1nncnc1)C1NNNN1,,,,,
C4282,C#CC1CNN(n2cccn2)N1,,,,,
C4283,N1C(N2C(C(=O)O)NNN2)(C2NNCNC2)CNCN1,,,,,
C4284,CC(=C)C1NC(C2NNCCC2)(N=NO)N(C2NCCN2)CN1,,,,,
C4285,N1(c2nnccc2)CN(C2CCNN2)NCN1,,,,,
C4286,C1C(c2cnncn2)N(C2CNCN2)NN1,,,,,
C4287,CCN1CCCN1Cc1ccccc1,,,,,
C4288,C1CCCCC1OC#N,,,,,
C4289,N1CNCN(N[N+](=O)[O-])N1c1nncnn1,,,,,
C4290,C(C(C)NC1CCNCC1c1c[nH]nc1)C=C,,,,,
C4291,C1C(C2CCC(O)CC2C=O)CCCC1(O)c1c[nH]cn1,,,,,
C4292,N1(CC2CCCCC2)NN(Cc2ccccc2)CCC1C1CCC(O)CC1,,,,,
C4293,C(#C)C1CNNCC1C1C(O)(NC(=NC=C)N)CCCC1,,,,,
C4294,N1CN(c2ncn[nH]2)NC(OO)(C=N)N1,,,,,
C4295,C1(C2CC(O)(N=O)CCC2)CN(C=N)C(CCC)CN1,,,,,
C4296,Cn1ccnn1,,,,,
C4297,N1C(C2CNN(N=O)C2)CNC(C2CNNCC2)N1,,,,,
C4298,CC(=O)CC1CN(O[N+](=O)[O-])C(C=O)N1,,,,,
C4299,C1CCC2(c3nnn[nH]3)CCCCC2C1,,,,,
C4300,C=Cc1nncnn1,,,,,
C4301,N1NCCC(c2nnncc2)C1N1CN(CCC)NN1,,,,,
C4302,C(C(C)(N)c1nnnnc1)C1CNNN1,,,,,
C4303,N1(N=NO)NNC(C=C)C(O[N+](=O)[O-])C1,,,,,
C4304,C1NNNN1C(=O)O,,,,,
C4305,C1CCCCC1C1C(c2nnnnc2)CCC(C)C1,,,,,
C4306,C1CC(C(=C)C=C)CC(C)C1O,,,,,
C4307,C1CNC(N)CN1c1cnncn1,,,,,
C4308,N1N(c2nccnn2)NNCC1,,,,,
C4309,CC1C(C=CC)C(C(=O)O)NN1,,,,,
C4310,C1CN(N=N)NN1,,,,,
C4311,C1(C2NNN(C3(C#C)CNNNC3)NC2)NNNN1,,,,,
C4312,N1C(C2CNNN2C=C)CNCN1,,,,,
C4313,N1(C(=O)N)NNCCC1c1nnn[nH]1,,,,,
C4314,N1(c2nnn[nH]2)N([N+](=O)[O-])NCCC1,,,,,
C4315,C(#C)C1NNN(C2NC(O)NN2)CN1,,,,,
C4316,C1CN(C2(C3CCC4(C)C(C3)CCCC4)CNNC2)NN1,,,,,
C4317,C1NNN(c2nccnc2)N1,,,,,
C4318,N1CN(C2(C(=O)O)CCCCC2O)CNC1,,,,,
C4319,C=Cc1nncnc1,,,,,
C4321,C(#C)C1CNN(N2CCNC2)N(C2CNNC(c3ccccc3O)N2)C1,,,,,
C4322,C(=C)c1cnc[nH]1,,,,,
C4323,N1C(C2CN(C3CNCN3)CN2)N(c2ncn[nH]2)CNN1,,,,,
C4324,CC1CCCCC1N,,,,,
C4325,C1CN(C=Cc2nnccc2)CCN1C1(C(=O)C)CNCN1,,,,,
C4326,N1NNN(C2CNNCN2)C(C2NN(C3NNNNC3)NC(c3cnncn3)N2)C1,,,,,
C4327,N1CNCN(c2cc[nH]n2)C1,,,,,
C4328,C1(N)N(C2CCCCC2C2C(O)CCCC2)NNN1,,,,,
C4329,N1(OC(=O)N)CNCNN1,,,,,
C4330,N1C(C(C=C)C=C)NNCN1,,,,,
C4331,CC(=CC1C(NNc2ncncn2)CCCC1O)C(=O)O,,,,,
C4332,C1CC(O[N+](=O)[O-])(NN)CCC1O,,,,,
C4333,C(CC)(C#CCN)c1ccc(C)cc1,,,,,
C4334,N1(N=[N+]=[N-])CCC(O)(C=CC)CC1,,,,,
C4335,C1CN(c2nnn[nH]2)NC1,,,,,
C4336,C1CCCC(C2C(O)CCC(c3ccncc3)C2)(C2CCNCC2)C1O,,,,,
C4337,C1(C2CNCC(c3ncc[nH]3)C2)NN(C#CC(=O)O)NN1,,,,,
C4339,C1CN(C=CC)CCN1,,,,,
C4340,C1N(N[N+](=O)[O-])CN(C2CNNN2)N1c1cc(O)ccc1,,,,,
C4343,N1(C=N)C(C(=O)O)NCN(O[N+](=O)[O-])N1,,,,,
C4344,C1NN(C#Cc2ccccc2C)NN1,,,,,
C4345,C1C(C2NCCN2)CC(O[N+](=O)[O-])CC1(O)c1cnn[nH]1,,,,,
C4346,C(#C)C1CNN(C(=O)C)N(C2NNCC(c3cnncn3)C2)C1,,,,,
C4347,CC1C(N[N+](=O)[O-])CCC(C(=O)Cc2cnncc2)C1,,,,,
C4348,N1N(C)NNCC1c1nnnnc1,,,,,
C4349,C1(C=O)C(N=[N+]=[N-])(N)NNC1,,,,,
C4350,N1CNCNC1c1ccc2c(c1)cccc2,,,,,
C4351,C#CC(=N)N,,,,,
C4352,C(C(=C)c1nncnn1)(CC=C)C1NNNCC1,,,,,
C4353,C(C#C)(O)N=N,,,,,
C4354,C(C1(NC(=N)N)CCCC(C2NNNCN2)C1)(N1CCNC1)n1cnnn1,,,,,
C4355,C1(C2CCC3C(CC4(C5CCC(c6cnn[nH]6)C6C5CCCC6)CCCCC4)CCCC3C2)CCCCC1,,,,,
C4356,N1C(N2CCNN2)NCN(N(N)c2nnnnc2)N1,,,,,
C4357,C1C(O)NNN1C1(c2nnnnc2)NNCNN1,,,,,
C4358,CC(=C)c1cnnnc1,,,,,
C4359,N1(N=[N+]=[N-])CN(c2c(O)cccc2)CCC1,,,,,
C4360,C(C#C)n1ccnc1,,,,,
C4362,N1(CC)NN(N=NO)CCC1CC,,,,,
C4363,C(CCC1CCNN1C(=O)O)(C#N)NN,,,,,
C4364,CC1CC(C2CNNCN2c2cnnnc2)CCC1,,,,,
C4365,C(CC)c1cc[nH]n1,,,,,
C4366,C1N(C2(CC)CNNN(C3NCCN3)C2)CNN1,,,,,
C4367,N1NCC(N2CCCN2)C(c2cnn[nH]2)C1,,,,,
C4368,N1CNNC(C2C(N=O)CN(c3ccccc3C)CC2)N1,,,,,
C4370,CC1(N=N)C(C2NN(C3NNCCC3)NCN2)CCCC1CC=C,,,,,
C4371,N1(C(=O)O)C(C2NNNCN2c2ncccc2)NN(C2NCCCC2)CN1,,,,,
C4372,N1NNCC(c2cnncn2)C1C=CC,,,,,
C4373,N1N(C(=O)[N+](=O)[O-])NCCC1,,,,,
C4374,N1NC(OOC=C)(C2NNCN(c3cnncc3)N2)CCC1,,,,,
C4375,C1(C2CCNCC2)CC(C2NCC(c3nc[nH]n3)N2)C(C2NNNN2)CC1O,,,,,
C4376,C#CC1N(C(=O)C)N(C=CC)CCC1,,,,,
C4377,C(C)(O)c1ccn[nH]1,,,,,
C4378,C1N(N=NO)CNN1c1ccc(O)cc1,,,,,
C4379,C1(c2nccnc2)CN(C#C)N(C2(N)CNCN2)N1,,,,,
C4380,C(C1CCCCC1C1N(C(=O)[N+](=O)[O-])N(N)NCC1)N=N,,,,,
C4381,C1NC(NN)NN1C1CNNC1,,,,,
C4382,CC#CC1NN(O[N+](=O)[O-])NN(C2CN(c3cccc4c3cccc4)NN2)C1,,,,,
C4383,N1CNC(c2ccncc2)NC1,,,,,
C4384,C1C(C2NNNCC2c2cnnnc2)NCN1,,,,,
C4385,C1C(C)(N)C(N=N)CCC1[N+](=O)[O-],,,,,
C4386,N1(n2ccnn2)CN(CC=C)CCC1,,,,,
C4387,CC1NCN(CCC2CCC3C(C(=O)O)(C2)CCCC3)CN1,,,,,
C4388,N1(C2C(c3ccc(O)cc3)CCCC2C)CCNCN1,,,,,
C4389,N1(C2NNCNC2)N(C2NNNCC2c2ccc(C)cc2)CCC(N2CCNN2)C1,,,,,
C4390,C1(c2nnn[nH]2)CN(OO)NC1,,,,,
C4391,C=CC1N(c2ncccc2)CCNN1,,,,,
C4392,CC#Cc1cnncn1,,,,,
C4393,C1(C#C)NC(N=O)N(C2CCCC3C2(C2NNCCC2)CCCC3)N1,,,,,
C4394,C1CCC2CC(C3(c4ccncc4)NNNCC3)CCC2C1,,,,,
C4395,C1(C(=O)C)C(c2nccnc2)CC2CCCCC2C1,,,,,
C4396,N1CN(N=NOC2NNNCC2)CN(c2cnncn2)C1,,,,,
C4397,N1(C2CCCCC2)CN(C2C(O)CCCC2)C(C2NCCNN2)(C)CC1,,,,,
C4398,N1NC(c2ncncn2)C(N=NO)CC1C1(C#N)NCCN1,,,,,
C4399,C(#C)N([N+](=O)[O-])c1cnccc1,,,,,
C4400,N1(OO)CNCC(C2NNCNC2)C1,,,,,
C4401,N1C(c2cnncc2)NCNN1,,,,,
C4402,N1C(N)(Cc2ccccc2)N(O)C(OC(=O)N)CC1,,,,,
C4403,N1(C=O)NC(C2CNCN2)C(C2CCNCC2)C(C(=O)C)C1,,,,,
C4404,C(C)(N=N)c1nnncc1,,,,,
C4405,C1CCCC(C2(c3ccccc3O)CC(O)CCC2)(C2CCNN2)C1,,,,,
C4406,C1CN(C2(C3CCCCC3C)C(C3NNC(C#N)NN3)NNC2)CN1,,,,,
C4407,N1NNC(N=O)CC1C1C(C2C(C#N)CNN2)NCCC1,,,,,
C4408,N1NNC(c2cccc(C)c2)CC1,,,,,
C4409,C1CC(C2CCC(C)(n3ccnn3)CC2)(C2NCNN2)CC(C2NCCN2)C1,,,,,
C4410,C1C(N(N)C(=O)C)N(c2cnccc2)CN1,,,,,
C4411,N1CNN(CC)CN1,,,,,
C4412,N1(c2c[nH]nc2)NNNC(C2N(C3CCNCC3)CNN2)C1,,,,,
C4413,CC1(N([N+](=O)[O-])N=[N+]=[N-])CCCC(N)C1,,,,,
C4414,N1(C=O)CCN([N+](=O)[O-])CN1,,,,,
C4415,C1NN(c2cnc[nH]2)NN1,,,,,
C4416,N1NNNC(C#CCC2CCCCC2)C1,,,,,
C4417,C1C(C2CCNN2)CC2C(C3N(c4cnnnc4)CCN3C3NCNN3)CCCC2C1,,,,,
C4418,C1C(C2(CCC)NNCC(C(=O)[N+](=O)[O-])C2)NC(C2CCNCC2)N1,,,,,
C4419,C#CC1C(c2cnncn2)NNN1,,,,,
C4420,C1NC(c2ccc3c(c2)cccc3)NN1,,,,,
C4422,C1(N=NO)NNNN1,,,,,
C4423,C1CNCC(C)N1,,,,,
C4424,N1C(CCC)NCN(C2(C3CNNNC3)CCCC(n3ccnc3)C2)C1,,,,,
C4425,N1C(N)NN(C2NCCNN2C(=O)C)CN1,,,,,
C4427,N1CCCC(C2(c3ncccc3)CNCN2)(C2NCNN2)C1C1CCNN1,,,,,
C4428,C1(c2cnccc2)CNCCN1,,,,,
C4429,N1CNN(CC=C)C(CC#C)(C=O)N1,,,,,
C4431,N1CNCNN1c1nncnc1,,,,,
C4432,C1C(C(=O)O)NCN1,,,,,
C4433,N1CC(C2CCN(c3cccc(C)c3)CC2)NCN1,,,,,
C4434,C1(N)CNC(NN)CN1,,,,,
C4435,C(CC)C1C(c2cccc3c2cccc3)NNC1,,,,,
C4436,N1N(NN)N(O[N+](=O)[O-])C(N=[N+]=[N-])(N)CC1,,,,,
C4437,C(=C)c1ncc[nH]1,,,,,
C4438,CC=CC#N,,,,,
C4439,Cc1ncccc1,,,,,
C4440,C1N(C2CCNCC2)C(O)NN1,,,,,
C4441,N1NCCC(c2ccc(O)cc2)C1,,,,,
C4443,C1C(C(=O)N)NC(C=O)CN1,,,,,
C4444,C1(C(=O)O)C(C2CCNN2)N(C2CCC(C)CC2)CCN1,,,,,
C4445,C1C(C2CCC(O)(c3nncnn3)CC2)CC2CCC(C3NCNN3)(N3CNNN3)CC2C1,,,,,
C4446,N1CNN(C(=O)NC(=O)O)CN1,,,,,
C4447,C1C(n2ccnn2)NNC1,,,,,
C4448,N1C(C(=O)O)(C2NN(c3cnncc3)CNN2)NCNN1,,,,,
C4449,N1CC(C2(c3cnncn3)NNNCN2)NC(C2CCC3C(C2)CCCC3)N1,,,,,
C4450,C1C(CC=CC#N)C(CCC)(N[N+](=O)[O-])CCC1,,,,,
C4451,C1CNCC(C2NC(N[N+](=O)[O-])CCC2)N1,,,,,
C4452,C1CCCC(C2NNNN2c2nnncn2)C1N1CCCN1,,,,,
C4453,C1C(C#CC)NCN1C#CC,,,,,
C4454,CC(C)CCc1nnncn1,,,,,
C4455,N1CNC(N2C(c3cc(O)ccc3)NCN2NC(=N)N)N(C2NNCNC2)N1,,,,,
C4456,CC([N+](=O)[O-])c1ccn[nH]1,,,,,
C4457,CC=C(C#C)c1ncccc1,,,,,
C4458,C1CCC2(C3NNN(N=N)CC3)CC(c3nnncc3)C(C=C)CC2C1,,,,,
C4459,CC1C(c2nnncc2)CCCC1,,,,,
C4460,CC1NCCN(N[N+](=O)[O-])N1N1CCN(C=O)C1,,,,,
C4461,CC(=C)OC(=O)NNN,,,,,
C4462,CC1CCCCC1([N+](=O)[O-])c1ccc2c(c1)cccc2,,,,,
C4463,C1C(CC)NNC1,,,,,
C4465,C1C(C2CNN(CC#C)NC2)N(N2CNNN2)NN1,,,,,
C4467,C1C(C)NCN1NC(=N)N,,,,,
C4468,N1(N=NO)C(c2ccncc2)NCNC1C1CC(O)CCC1,,,,,
C4469,C(C=C)C1(c2c[nH]cn2)CCCCC1O,,,,,
C4470,N1(c2nnn[nH]2)NCCCC1OO,,,,,
C4471,C(C=CC1CNN(C2NCCCC2)N1)C1N(c2cccc3c2cccc3)NCNN1,,,,,
C4472,CC1(c2ccn[nH]2)CCCCC1,,,,,
C4473,N1C(C2CNNCN2)CCCC1N=NO,,,,,
C4474,C1CN(N[N+](=O)[O-])N(n2cncn2)N1,,,,,
C4475,C1CNC(NN)N1,,,,,
C4476,C(C1N([N+](=O)[O-])NCNN1)C(=O)C,,,,,
C4477,N1NCCCC1N1CN(C=N)NN1,,,,,
C4478,N1(N=[N+]=[N-])C(O)C(N=[N+]=[N-])C(c2ccc(O)cc2)CC1,,,,,
C4479,C1C(C2(c3nnncc3)NCCNC2)NNN1OO,,,,,
C4480,CCC1CCCC(C#CCC2C(n3ccnc3)CCCC2)C1,,,,,
C4481,CC#CC1CCC(O)(C(=O)O)CC1,,,,,
C4482,C(#C)C1C(O)CC(C2CCCCC2(C)c2c[nH]nc2)(C2C(O)CCCC2)CC1,,,,,
C4483,C1CCC(c2nncnn2)CC1O,,,,,
C4484,C1(C2CCNCC2C)CNCCN1C=CC,,,,,
C4485,CCCC1CC(c2c[nH]nn2)CCC1,,,,,
C4486,C1C(OC(=O)N)(n2ccnc2)N(C2CNNCN2)CN1,,,,,
C4487,CC1(N)C(N[N+](=O)[O-])(C2NC(c3ccc(C)cc3)CNC2)CCCC1,,,,,
C4488,N1CNCNC1(N=[N+]=[N-])Cc1ccccc1,,,,,
C4489,C1C(C=N)CC(N=[N+]=[N-])CC1,,,,,
C4490,C(C=C)C1CN(c2cc[nH]n2)NCC1,,,,,
C4491,C1(C2NCCN(c3cnncn3)C2)CC(C2CNCCC2)CCC1O,,,,,
C4492,C(C)C1CCC2(NN)C(C1C=O)CCCC2,,,,,
C4493,C1CCCCC1c1nnn[nH]1,,,,,
C4494,N1(C2CNCN2)NN(C2NNC(N)CC2)CC(CC#C)C1,,,,,
C4495,C(#C)C1N([N+](=O)[O-])CNN1CC(C)c1nnccc1,,,,,
C4496,CC(=Cn1cncn1)[N+](=O)[O-],,,,,
C4497,N1NCCCC1c1nnccc1,,,,,
C4498,C(C#CN[N+](=O)[O-])(O)C1N(c2cnncn2)CNCN1,,,,,
C4499,N1CCCC(CC2(c3cccc4c3cccc4)CCCCC2)C1,,,,,
C4500,C(#Cc1cccc2c1cccc2)C1C(O)CCC(O)C1,,,,,
C4502,CON1CNCN1N=O,,,,,
C4503,C(#C)C1NC(N=NO)NCN1,,,,,
C4504,C1C(C2(C3CCCCC3)CCC(O)C(C3CNNN3)C2c2nnn[nH]2)NNN1,,,,,
C4505,N1(C(=O)[N+](=O)[O-])CC([N+](=O)[O-])NCN1Oc1nncnc1,,,,,
C4506,N1C(C2N(N=[N+]=[N-])CNN2)(C=O)NCN(C(=O)[N+](=O)[O-])C1,,,,,
C4507,CC1(C2N(c3nnccc3)CCNN2)C(C2CNNC2)CCCC1,,,,,
C4508,C1CNNC1OC(=O)N,,,,,
C4509,C1CC(C=N)CCC1(Oc1c[nH]nn1)C1NNNN1,,,,,
C4511,N1C(OO)C(C2NCCCC2)NCN1,,,,,
C4512,N1CCC(c2ncn[nH]2)CC1,,,,,
C4513,C(C=C)C1N(C2CNNCC2)N(c2nnn[nH]2)NN1,,,,,
C4514,C1CCCC(N2CCN(O[N+](=O)[O-])C2)(C2C(O)CCCC2)C1,,,,,
C4515,N1(C#N)NNN(N)CC1,,,,,
C4516,C1CCC2CCCC(c3nncnc3)C2C1,,,,,
C4517,C(#C)C1C(OC#CC=O)(C2CCCCC2O)CCCC1,,,,,
C4518,C(#CCCCc1nnnnc1)C1CNNN1,,,,,
C4519,C1CCCCC1(O)N([N+](=O)[O-])c1cccc2c1cccc2,,,,,
C4520,C1C(c2cnncc2)NC(C2CNNC2)N1,,,,,
C4521,C1N(N)CN(C2NN(c3ccncc3)CCC2)N1,,,,,
C4522,N1CNCN(O[N+](=O)[O-])N1C1CNCCC1CC1C(c2cnn[nH]2)CCCC1,,,,,
C4523,C1CC(c2cc[nH]n2)CCC1,,,,,
C4524,N1CNC(OO)(C2C(C3NCCNN3)(c3nnn[nH]3)NNN2)CC1,,,,,
C4525,C#CC1NCN(c2cccc3c2cccc3)CN1,,,,,
C4526,N1CCCC(C#N)C1C1CCCCC1,,,,,
C4527,C1C(NNc2nccnn2)N(N=O)C(CC2CCCCC2)N1,,,,,
C4528,N1C(C2CC(OC3NNCNN3N=N)CCC2)(C2C(O)CCCC2)CNCN1,,,,,
C4529,C(CC)c1nncnn1,,,,,
C4530,C1(NC(=N)N)CNNC1(C1CCCC(C)C1)C1CCC(n2ccnc2)C(C)C1,,,,,
C4531,C1(C2CNNN2)CN(N)NN1,,,,,
C4532,C1(NN)CN(c2cnnnc2)CN1,,,,,
C4533,C1CCC2CCC(c3ncncn3)CC2C1,,,,,
C4534,N1C(C2(C3CNCCC3)CC(c3ccccc3C)CCC2)CNCN1C#CC,,,,,
C4535,CC(=C)c1cc[nH]n1,,,,,
C4536,C1CCC(OC(=O)N)CC1,,,,,
C4537,N1C(C2CCC(C)CC2)NC(C#CC)N(c2cc[nH]n2)C1N,,,,,
C4538,CN(C(=N)NC1NCNCN1N=[N+]=[N-])C1CCC2CCCCC2C1,,,,,
C4539,C1CNNC1c1c[nH]nc1,,,,,
C4540,C(#CC#CC)C1(C2CCNN2)CNNC1,,,,,
C4541,N1CCC(C=CC(=O)O)CC1C1CN(c2ncccc2)CN1,,,,,
C4542,N1(c2c[nH]cn2)CNCNN1OO,,,,,
C4543,C1CCCC(N2CNC(c3nnncn3)N2)C1C=N,,,,,
C4544,C(#CO)C1NNNCN1C1CNCCC1,,,,,
C4545,C(CC)(OO)c1ncccc1,,,,,
C4546,C1CN(C2NCCNN2)CCN1c1nncnn1,,,,,
C4547,C1CNC(CC#CCC)N1C1(c2nnn[nH]2)NNCNN1,,,,,
C4548,C(C(C)C1NCCN1c1ncc[nH]1)(O[N+](=O)[O-])C1CNNCC1,,,,,
C4549,N1CNNCN1NN(N=NO)c1cccc(C)c1,,,,,
C4550,N1NN(N=[N+]=[N-])NCC1,,,,,
C4551,C1CC(c2cccc(C)c2)CC(N=NONN)C1C1NCNN1,,,,,
C4552,C1NNN(c2cnn[nH]2)N1,,,,,
C4553,C1(CC(C)N=N)CCCC(N2CCCN2)C1(O)C1CNCN1,,,,,
C4554,CC(C)n1cccn1,,,,,
C4555,C(C(=C)c1ncccc1)C1NNCNC1,,,,,
C4556,N1CC(c2c[nH]cn2)CCC1,,,,,
C4558,CC(C)C1CC(C2CCC3(c4nc[nH]n4)CCCCC3C2)NN1,,,,,
C4559,C(#CCCC)C1NC(NN)CCC1,,,,,
C4560,C1CC(C2CC(c3c[nH]nc3)C3C(C2)CCCC3)CCC1O,,,,,
C4561,N1CNNCN1C1CC(N(N)c2ccc(O)cc2)CC2(N=NO)C1CCCC2,,,,,
C4563,C1(C=C)CCC(C(=O)[N+](=O)[O-])(c2nnccc2)C(N2CCCN2)C1,,,,,
C4564,N1CCC(O)C(CC(C)n2cncn2)C1,,,,,
C4565,N1N(n2cccn2)NCCC1,,,,,
C4566,CC(=C)C1NCNCN1c1c[nH]nn1,,,,,
C4567,N1C(C2NNNCC2)N(CC)CN(O[N+](=O)[O-])C1c1cc[nH]n1,,,,,
C4568,C1CCC(c2nccnc2)CC1,,,,,
C4569,N1N(C(=O)NNN)N(C(=O)Nc2nnccc2)NCC1,,,,,
C4570,N1(N2C(NC(=N)N)N(OO)CN2C(=O)O)NNCCC1,,,,,
C4571,CC1CN(C#N)NNC1,,,,,
C4572,C1N(C2NCCNN2)CN(C2NNNN(C3CNN(NC(=N)N)N3)C2)N1,,,,,
C4573,C1NC(N=O)(C2NNNCC2C)NN1,,,,,
C4574,C1C(NC(=N)N)NCN1C(=O)[N+](=O)[O-],,,,,
C4575,C1(C(=O)O)C(C=CC)(C2CCNN2)C(N=O)CCC1,,,,,
C4576,C1CCCCC1OC#N,,,,,
C4577,C1NNN(c2c[nH]nn2)N1N1CNCN1,,,,,
C4578,C1CN(c2ncn[nH]2)NN1,,,,,
C4579,N1CCCC(c2ccc3ccccc3c2)C1C1NCCCC1,,,,,
C4581,C(=C)C1C(NC(=N)N)NNCC1(OO)c1c(O)cccc1,,,,,
C4582,N1CCN(C2CNCN2)C(C2CCCCC2c2c(O)cccc2)N1,,,,,
C4583,N1(N=NO)NNNCC1(C#N)NC(=N)Nc1cnncc1,,,,,
C4584,N1(c2cccc(C)c2)C(C2(OO)CCCCC2O)NNC(C#CC)N1,,,,,
C4585,N1CCN(C2CCC3(C)C(C2)C(c2cccc(C)c2)CCC3)CN1,,,,,
C4586,C(OOc1ccccc1C)C(=O)O,,,,,
C4587,CC1(N=NO)CCCCC1,,,,,
C4588,N1(CC)CN(CC2CCC(c3nncnn3)CC2)CNC1,,,,,
C4589,C1(C=CC)C(C2NNNN2)(C2CCC(C)CC2)NCCN1,,,,,
C4590,N1CN(C2CC(C(=O)O)N(CC=C)N2)CNN1,,,,,
C4591,C1C(N=O)N(c2ncncn2)NN1C(=O)O,,,,,
C4592,C1CNN(C2NN(C3NNCCC3)N(c3ccc4ccccc4c3)CC2)C1,,,,,
C4593,N1(C=Nc2ncncn2)CCNCN1N1CNCN1,,,,,
C4595,CC=C(NC(=N)N)C=Nc1cnc[nH]1,,,,,
C4596,C(C(=C)N1CN(O[N+](=O)[O-])NN1)O,,,,,
C4597,C(C#CC1CCCC(C)C1)c1nnncc1,,,,,
C4598,C1C(C2NCCCC2)C(CC2CC(C3CN(CC)NN3)CCC2)CCC1,,,,,
C4599,C1C(N=[N+]=[N-])CCCC1(O)C1CCCC(CC=Cc2cc[nH]n2)C1,,,,,
C4600,C=CC1NN(C2CCCCC2C)NN(c2nnncc2)C1,,,,,
C4601,C1(c2cc(O)ccc2)NNNN1N,,,,,
C4602,C1(C(=O)C)CCC(C2NCN(CCC)CN2c2c[nH]nn2)CC1,,,,,
C4603,C1NC(C=C)NN1c1cnn[nH]1,,,,,
C4604,CC(=CC1NC(N[N+](=O)[O-])CNN1)C(=O)O,,,,,
C4605,N1C(C2NC(CC#C)C(C=O)NC2)CC(O)CC1,,,,,
C4606,C1CNNC1c1ccccc1C,,,,,
C4607,CC(=CC1(N2CCNC2)CCC(c2ccncc2)C2C1CCCC2)N1CCCN1,,,,,
C4608,N1N(C2CNNCN2)NC(O)CC1,,,,,
C4609,N1NCC(c2ccc3c(c2)cccc3)CC1,,,,,
C4610,N1(C2NC(C3C(O)CCCC3)CN2)N(C2NNNN(c3ccn[nH]3)C2)NCCC1,,,,,
C4611,N1(C2NCCCC2)NN(C2C([N+](=O)[O-])NCN2)NCC1,,,,,
C4612,N1NN(C2CNCN2C#N)CCC1,,,,,
C4613,C1(C=O)C(c2cnn[nH]2)CCCC1OC1CCNCC1,,,,,
C4614,C1C(C2NCCNN2)(O[N+](=O)[O-])NNN1,,,,,
C4615,C1NNNN1c1nccnn1,,,,,
C4616,N1NCCCC1OC(=O)Nc1cnnnc1,,,,,
C4617,C(C(=C)C1NCNN1)C=C,,,,,
C4618,C1CCC2(CC=C)C(C3CNNNC3)CCC(C3C(n4cnnn4)NNN3)C2C1,,,,,
C4619,C(=CN([N+](=O)[O-])C1CNNN1)C#COC(=O)N,,,,,
C4620,C1(C2NCCNC2)NCN(N)N1CC#C,,,,,
C4621,C1(C2C(C)CC(N)CC2)NN(O[N+](=O)[O-])NN1,,,,,
C4622,N1CCCCC1C=O,,,,,
C4623,C1(C2CNNCN2c2ncc[nH]2)(C2(CC)CCCCC2C)CNNN1,,,,,
C4624,N1NCCCC1C1NNC(c2nnccc2)NC1N=[N+]=[N-],,,,,
C4625,N1NNC(c2nnn[nH]2)CC1,,,,,
C4627,C(C(=C)C1CCC(O)C(N2CCNC2)C1)C(=O)N,,,,,
C4628,CC1CCCC(C2NNN(c3ccc(C)cc3)CN2)C1,,,,,
C4629,N1NCCCC1C1NN(C2NCNN2)NC(C2CC(c3ncccc3)C(O)CC2)N1,,,,,
C4630,N1(N[N+](=O)[O-])CNCCC1,,,,,
C4631,C1(c2cnccc2)CCCCC1,,,,,
C4632,C(C1CCC(C2CCC(C)CC2)(n2ccnc2)CC1)C1CNN(C2NCCN2)NC1,,,,,
C4633,N1C(c2ccc3ccccc3c2)CCCC1,,,,,
C4634,C1C(c2nccnn2)CCCC1,,,,,
C4635,C1C(NC(=N)N)NN(N=NO)N1c1c[nH]nn1,,,,,
C4636,C(C=C)C(=O)CC#N,,,,,
C4637,C1C(C(=CC)N=N)NCCN1,,,,,
C4638,CC(=C)C1C(OOC(=O)N)CCC(OO)C1,,,,,
C4639,C1CNCN1c1nccnn1,,,,,
C4640,C1CN(C(=O)[N+](=O)[O-])CN1,,,,,
C4641,N1C(c2cccc(C)c2)CCCC1,,,,,
C4643,C1(CC2C(C3CN(CC)NN3)CCCC2)CNNN1,,,,,
C4644,C1(O[N+](=O)[O-])(N=O)C(N=O)NNN1,,,,,
C4645,C1CCC2CCC(C3NCC(c4ncc[nH]4)CC3)CC2C1,,,,,
C4646,N1CNC(NC(=N)N)CC1,,,,,
C4647,CC(OO)C1(n2cncn2)NCNCN1,,,,,
C4648,C1CNN(N)N1c1cnncn1,,,,,
C4649,C1CNNC1C(=O)O,,,,,
C4650,N1(C2N(N3CCNC3)NN(C3NNCCC3)CN2)CCNC(c2ccc(C)cc2)N1,,,,,
C4651,C1NN(c2ccccc2C)NN1,,,,,
C4652,C1NNN(CC2CCCC(C#N)C2C2(c3cnc[nH]3)NCNN2)N1,,,,,
C4653,C1CN(N=N)C(NN)CN1,,,,,
C4654,N1NNC(C2C(C3CCCCC3C)(c3ccc(O)cc3)CCC(C)C2)CC1C(=O)O,,,,,
C4655,C(C1(C2CCC(C)CC2C2CCNN2)CCCC(CC#C)C1)c1ccccc1C,,,,,
C4656,N1(C)NCCCC1,,,,,
C4657,C1C(C2C(C3NNNCC3)CCCC2C)NC(c2nnnnc2)N1,,,,,
C4658,N1CNC(C=C)CC1,,,,,
C4659,C1NCN(N2C(C(=O)O)C(C(=O)CC3CCNCC3)NN2)N1,,,,,
C4660,C1(CC=CN[N+](=O)[O-])C(c2c(O)cccc2)CCCC1,,,,,
C4661,CC1CC(N[N+](=O)[O-])CCC1,,,,,
C4662,C(C)N=NOC#CC=O,,,,,
C4663,N1NN(N)CC(C2NC(C3NNNCC3)CN2)C1C1CNCN1,,,,,
C4664,C#CN1CCNC1C1CC(CC#C)C(C)CC1,,,,,
C4665,C1CN(N2CCC(N[N+](=O)[O-])N2c2c[nH]nn2)CN1,,,,,
C4666,C1CCCCC1n1cnnn1,,,,,
C4667,C(=C(C)N)c1ncccc1,,,,,
C4668,N1NN(O)NCC1C1NCNC(OO)N1,,,,,
C4669,C1CN(C2CCC3C(N=O)(C)CCCC3C2)N(CC#C)N1,,,,,
C4670,C=CC1(n2cncn2)CCC2CCCCC2C1,,,,,
C4671,N1C(C2CNNN2)NC(N=N)CC1c1ccc2ccccc2c1,,,,,
C4672,C(CCC1(N=[N+]=[N-])CNCN1)N=N,,,,,
C4673,CC#Cn1ccnc1,,,,,
C4674,N1C(C2CNN(O[N+](=O)[O-])N2)CCCC1,,,,,
C4675,CC(=C(N=[N+]=[N-])c1cc(O)ccc1)O[N+](=O)[O-],,,,,
C4676,CC1CCC(C2CNC(N[N+](=O)[O-])N2)C(C)C1,,,,,
C4677,C1CNCC(C(=O)O)N1C1CN(N2CCNC2)CN1,,,,,
C4678,N1C(n2cnnn2)NNCN1,,,,,
C4679,N1(O)CN(c2c(O)cccc2)CNN1,,,,,
C4680,N1CCN(c2cccc3c2cccc3)CN1,,,,,
C4681,C(C)C#N,,,,,
C4682,C1C(c2cnncc2)CC(C2(C3NNNN3)NCNN2)CC1C1NCNN1,,,,,
C4683,N1CN(C=CC)CN(C2CCCC3C2([N+](=O)[O-])CCCC3)C1,,,,,
C4684,N1CN(C=O)NCN1,,,,,
C4685,C1CCC2C(N3CCCN3)(C=CC)CCC(C=C)C2C1,,,,,
C4686,N1C(C)C(C2(n3cnnn3)NNNNC2)CCC1,,,,,
C4687,C1CN(C2C(N=N)(c3nnncc3)CC(C)CC2)NC1,,,,,
C4688,C(C#CC1NC(C2N(C(=O)N)CCCC2)CNC1)N1CNNN1,,,,,
C4689,N1CNCN(C(=O)O)C1CC,,,,,
C4690,C1NCN(c2cnccc2)N1,,,,,
C4691,CC1C(C2(C#N)NCCNN2)CCC(C2CNCN2)C1,,,,,
C4692,C1CC(c2nc[nH]n2)CC(C2CCC3CCCCC3(C3NCNN3)C2)C1,,,,,
C4693,C1(N)CCC(C2NNCNN2)C(C2CNCN2)C1O,,,,,
C4694,C1(CC=C)CCC2C(C3NCCN3C3CNCN3)CCCC2(c2ccc3c(c2)cccc3)C1,,,,,
C4695,N1CC(C(=O)OO)CC(OC(=O)N)C1,,,,,
C4696,N1N(C2NNNCN2)N(N=O)CCC1,,,,,
C4697,C1CNCC(C2CCCCC2OC2CCCC(C3NNNN(C(=O)N)C3)C2C)N1,,,,,
C4698,CC1C(c2nccnc2)CCCC1,,,,,
C4699,C(C=C(C#N)c1ccccc1C)N=O,,,,,
C4701,C(C1C(C(=O)N)CCC(c2nccnn2)C1)C1C(O)CCCC1,,,,,
C4702,N1CN(C2CCCCC2O)N(C2NNNNC2)CN1C(=O)[N+](=O)[O-],,,,,
C4704,C(=C)c1cc[nH]n1,,,,,
C4705,C(C(=C)C1CN(C=C)NNC1n1cncn1)N=O,,,,,
C4706,CC1(C2(C3(C4NCCNC4N=NO)NCNN3)NNNCN2)CCCCC1,,,,,
C4707,CC#CC,,,,,
C4708,N1NN(C(=O)C)CCC1,,,,,
C4709,N1CN(C2CCC(C#N)C3C2CCCC3)C(C2CCC(O)CC2)CC1,,,,,
C4710,N1C(c2ccccc2C)NC(O)NC1,,,,,
C4711,C(C#C)C1(c2nccnn2)NCC(O)NN1,,,,,
C4712,CC(=CC#CC)C1(c2ccc(O)cc2)CNNN1,,,,,
C4713,N1CN(C2(n3cccn3)CCNN2)CNN1,,,,,
C4714,C(C1(C2NNCCC2)CCCC(C=N)C1)(N)N=NO,,,,,
C4715,C(#C)c1nncnn1,,,,,
C4716,C1CN(NN)N(C#CC)C1,,,,,
C4717,C1CCCCC1c1nncnn1,,,,,
C4718,C(C)C1NCN(C#CC)N1,,,,,
C4719,C1(C2NCCCC2c2ncccc2)NN(C2CNNN2)NN1,,,,,
C4720,N1(C2CCNCC2)CN(C2CC(c3ccn[nH]3)C3C(C2)C(N=N)CCC3)CNC1,,,,,
C4721,N1N(C2CCC3CCCCC3(O)C2)NC(C=CC)CC1,,,,,
C4722,N1(C#C)CN(CC#C)CN(CC=C)C1,,,,,
C4723,C(CCC1N(c2cnnnc2)CCN1)C1CNCN1,,,,,
C4724,CC1C(OO)(c2ccccc2C)CCCC1OOC1NCNCN1,,,,,
C4725,C(CC)N([N+](=O)[O-])c1c[nH]nc1,,,,,
C4726,C(#C)n1cccn1,,,,,
C4727,N1CNC(c2cccc(C)c2)N(C)C1,,,,,
C4728,C(CCN1CNNN1)c1ncc[nH]1,,,,,
C4729,C1C(C2NNNN2)CC2CCCCC2(C2CCNN2)C1c1cnncc1,,,,,
C4730,N1NCC(C(=O)N)CC1,,,,,
C4732,C1CC(C2NCCN2)C(O)CC1OCC#C,,,,,
C4733,C1C(CC#CCCC)NCN1,,,,,
C4734,C1(C2NNNNC2c2cc(O)ccc2)CC(C(=O)C)C(C(=O)O)CC1,,,,,
C4735,C(C(=C)c1nc[nH]n1)(N=NO)N,,,,,
C4736,N1NCC(C2CCC3CCCCC3(C(=O)N)C2)(c2ccccc2C)CC1,,,,,
C4737,C1NC(C2CCC3C(c4ncn[nH]4)CCCC3C2C2CCCCC2)NN1,,,,,
C4738,C(C=C)C1CCC(C=N)CC1C,,,,,
C4739,C1(C2NCNN2)CCC2C(c3ccc(O)cc3)CCCC2C1C(C)C1NNNCN1,,,,,
C4740,N1CN(CC=C)CNN1,,,,,
C4741,C1N(C2(CC=C)C(C#CC)NN(C3CCCCC3)N2)CNN1,,,,,
C4742,N1N(CC)N(O)NCC1C(=O)O,,,,,
C4743,C1CCCC(N2CCC(C=N)N2)C1,,,,,
C4744,C1C(C2CCC(C)(CC#C)CC2)NCN1CC(=C)C1CCCCC1,,,,,
C4745,C1C(C)NCN1,,,,,
C4746,C(C=C)(C1CC(O)CCC1)N=NO,,,,,
C4747,C1C(C2NNNN2C2(N=N)CCCCC2C)NNN1,,,,,
C4748,N1N(C2NCN(C#N)N2)NNCC1,,,,,
C4749,C1CNCCN1C#C,,,,,
C4751,N1C(C2([N+](=O)[O-])CC(C=O)C(C)CC2)CCCC1C=CC,,,,,
C4753,N1NNCCC1C1NC(O[N+](=O)[O-])CNC1,,,,,
C4754,N1C(O)CC(c2nnncc2)CC1,,,,,
C4755,N1CNC(C2(c3c(O)cccc3)CCCCC2O)NC1,,,,,
C4756,C#CC1NNNCN1c1c[nH]cn1,,,,,
C4757,C(#CC#N)N1C(C2NCCNC2)CNC1,,,,,
C4758,C1CN(C#Cn2cnnn2)NN1N=N,,,,,
C4759,C(#CC1CNCN1)C1NCC(c2nncnc2)NC1,,,,,
C4760,N1CN(N=N)C(C2NCCN2)(O)NC1,,,,,
C4761,N1CNC(CC)NC1,,,,,
C4762,CC1CCC(C2NCCNN2)C(OC(=O)N)C1,,,,,
C4763,C(C#C)(C#N)C1CNNNC1(C1NCCNC1)c1nnncn1,,,,,
C4764,N1NNNCC1C1NNN(C2C(C(=O)[N+](=O)[O-])C(O)CCC2)NC1,,,,,
C4765,N1C(C2CNNCN2)N(C2NCC(C)NC2)N(NN)CN1,,,,,
C4766,C1CC(c2nnn[nH]2)CCC1O,,,,,
C4767,C1CN(C#CC)CCN1,,,,,
C4768,N1C([N+](=O)[O-])NNC(C2CCNN2)N1,,,,,
C4769,N1CNC(C2C(c3cccc4c3cccc4)N(OO)NCN2N=O)NN1,,,,,
C4770,C1(C2CC(C=CC)NN2)CCCCC1,,,,,
C4771,CC1CC(NC(=N)N)CC(c2ncncn2)C1,,,,,
C4772,N1(C2(C=O)C(C3CNNCN3)CNN2)NCCCC1,,,,,
C4773,C1C(C=O)CC2CCCCC2C1c1nnccc1,,,,,
C4774,N1(c2ccc3c(c2)cccc3)CCNCN1,,,,,
C4775,CCc1nnn[nH]1,,,,,
C4776,N1N(CC#C)NC(CC(=C)CC#C)CC1,,,,,
C4777,C1CCC2CC(C(=O)N)CCC2(CCC)C1C1CC(C2C(O)CCCC2)C(O)CC1,,,,,
C4778,C1(C#N)C(c2cnncc2)N(N=NO)CN1C(=O)[N+](=O)[O-],,,,,
C4779,C1CNN(C2NCCN2)C1C#N,,,,,
C4780,CC#CC(=O)O,,,,,
C4781,C1CNC(CC=C)CN1,,,,,
C4782,C(C1CC(C2CCNN2)CCC1)C1CCC2C(C1N)C(C1NNNCC1)CCC2,,,,,
C4783,C(C1NNNCC1C1N(N=N)CNN1)C1CNNC1,,,,,
C4784,CC(CC1NCCNC1N1CNNN1)c1ccn[nH]1,,,,,
C4785,C=CN1CC(C2CNN(c3ccc4ccccc4c3)CC2)CN1,,,,,
C4786,N1CC(C2CCC(C)CC2N2C(c3cnnnc3)CN(N=O)N2)NCN1,,,,,
C4787,C1(C2(N)CCCCC2(C)N)C(C2CNCN2)CCCC1,,,,,
C4788,C(CN1C(n2cccn2)CNC1C1CNCN1)C#C,,,,,
C4789,N1CN(C(C(=C)c2cc[nH]n2)C2CCCCC2C)CCC1,,,,,
C4790,C1(C2CC(n3cccn3)CCC2(O)C2CC(N)CCC2)CNCN1,,,,,
C4791,C1CNC(NC(=N)N)CN1CC1CCCCC1,,,,,
C4792,CC(C1NCCCC1)C#C,,,,,
C4793,C1CN(N2C(N3CNCN3)CN(C=C)N2)C(c2nccnc2)N1,,,,,
C4794,C(C1CCC(O)C(C(=O)O)C1)O,,,,,
C4795,N1CN(C)CCC1,,,,,
C4796,N1N(C=C)CC(c2cc(O)ccc2)C(C(=O)C)C1,,,,,
C4797,C1(C2CCCCC2O)C(CC=C)N(CC=CC2NCCNN2)NN1,,,,,
C4798,N1CN(n2cccn2)NCN1,,,,,
C4799,C(C#CC(=O)C(C1NCNN1)c1c[nH]nn1)C1CCC(C)CC1,,,,,
C4800,N1NCCCC1c1nnncc1,,,,,
C4801,N1CN(c2nncnc2)CNN1,,,,,
C4802,N1NC(c2cnn[nH]2)C(C)C(CC#C)C1C(=O)[N+](=O)[O-],,,,,
C4803,C(C)C1C(ON2CCNC2)C(c2ncncn2)CCC1,,,,,
C4804,C1(C(=O)[N+](=O)[O-])NC(C2NNNN2)NN1,,,,,
C4805,C1CCC2CCCC(C3CCCCC3C)C2C1C(=O)N,,,,,
C4806,C1C(C2CCCCC2O)N(c2nccnn2)NC1,,,,,
C4807,N1(C2(C#C)NNCN(C3C(C4CNCN4)CNN3)C2)CCCCC1,,,,,
C4808,C(#C)C(=O)ON,,,,,
C4809,C(=C)(C1CCN(C2(C(=O)C)CCC3CCCCC3C2)CC1)C=C,,,,,
C4810,N1CC(N2C(CC)NCN2)C(C2(NC(=N)N)NCNN2)CC1,,,,,
C4811,N1C(c2nncnn2)NNCN1,,,,,
C4812,C1NNN(C2C(N=N)NNN2)N1,,,,,
C4813,C(CC)C1CCC2C(C1)CC(OC(=O)NC=C)CC2,,,,,
C4814,C1N(N)N(N=NO)N(C(=O)[N+](=O)[O-])N1,,,,,
C4815,CC1CCC(C2CCNN2c2nnncn2)CC1,,,,,
C4816,N1NC(C2NCNCN2)C(C(=O)O)CC1N=O,,,,,
C4817,C1(C2CNNCN2)CCC2CC(NC(=N)N)(N=O)CCC2C1,,,,,
C4818,CC1NN(C2NNCC(c3cccc(C)c3)C2)NN1,,,,,
C4819,N1CN(OO)C(C2CC(N(N)CC#C)CCC2)NC1,,,,,
C4820,N1(C2C(c3ccncc3)CC(C)C(C3NCNN3)C2)C(C2NCCNN2)CCCC1,,,,,
C4821,C1N(N2CNCN2)CNN1N=N,,,,,
C4822,CCN1CCCN1C1NC(C2CCCCC2)N(C)N1,,,,,
C4823,C1C(c2ncccc2)CCCC1,,,,,
C4824,C1C(C=CC)C(C2CNNCN2)CC(C=C)C1,,,,,
C4825,N1C(c2cnn[nH]2)CCCC1,,,,,
C4826,N1CNCNC1(C1CCCCC1O)N=O,,,,,
C4827,C(#C)N=NO,,,,,
C4828,C1(N2C(c3ncn[nH]3)CNC2)CCCCC1,,,,,
C4829,C1(N=NO)N(N2CNCN2n2cccn2)CNN1C(=O)C,,,,,
C4830,N1NNNC(c2c[nH]cn2)C1,,,,,
C4831,C#CC(C=C)c1ncc[nH]1,,,,,
C4832,C1(C2C(c3ccccc3C)CCCC2)C(C2CCC(O)CC2)NNN1,,,,,
C4833,C1(CC#C)CNCN1,,,,,
C4834,C1(N)CCC2(C(=O)C)CCC(c3nncnn3)CC2C1N=NO,,,,,
C4835,C1C(C2C(O)CCCC2)CC2CC(O)CCC2C1,,,,,
C4836,C1CCC2(C3CCC4CC(c5nnn[nH]5)CCC4C3)CCCCC2C1,,,,,
C4837,C(#C)c1nccnn1,,,,,
C4838,N1C(C2CC([N+](=O)[O-])C(C)CC2)C([N+](=O)[O-])NCN1,,,,,
C4839,N1(N2CCNC2)CCCCC1C=CC,,,,,
C4840,C1CNN(C2CCCCC2O)C1n1cncn1,,,,,
C4841,N1CN(C=C)NC(C2CNNN2)N1,,,,,
C4842,N1(C2CNCN2)CCNC(C2CNNC(C#CC)C2)N1,,,,,
C4843,N1CNCNC1C1C(C#C)CN(c2nccnc2)N1,,,,,
C4844,C(#CC(C#C)C1NCNN1)N=NOc1nc[nH]n1,,,,,
C4845,C1CNN(C2NNNCN2)C1O[N+](=O)[O-],,,,,
C4847,C(CC1NNNNC1c1ccncc1)C#N,,,,,
C4848,C1N(NC2CCC(C)CC2)NN(C2CNCN2c2cnncn2)N1,,,,,
C4849,N1(C2CNCN2)N(CCC)CCCC1,,,,,
C4850,CCc1ccncc1,,,,,
C4851,C(C1CCCCC1)C1CNCCC1N=O,,,,,
C4852,C1(C2CCCCC2)(OC(=O)N)CN(OC(=O)N)NN1OC(=O)N,,,,,
C4853,N1CCN(OC(=O)N)CN1,,,,,
C4855,C1(C=CC)CC(N2CNNN2)CCC1,,,,,
C4856,N1CN(OO)C(C2NNCNC2)C(C2CCCCC2)C1,,,,,
C4857,N1CNNCN1C1NCN(C2CCCCC2)CN1,,,,,
C4858,N1NNC(C2CCCC3C2CCCC3C2CC(N)CCC2)CC1,,,,,
C4859,C1C(C(=O)N)NCN1,,,,,
C4860,C1C(O)(C2C(OC(=O)O)CCCC2n2ccnn2)NNN1,,,,,
C4861,C1(C2(c3cnccc3)CCCCC2)CC(CC=C)CC(C(=O)C)C1,,,,,
C4862,N1C(O[N+](=O)[O-])(c2nc[nH]n2)NCN(C2NNNN2)N1,,,,,
C4863,CCCC#CNC(=N)NN[N+](=O)[O-],,,,,
C4864,C1(C(=O)O)NN(Nc2c[nH]nn2)NN1,,,,,
C4865,N1CNC(C2(N=[N+]=[N-])NNCNC2)NN1,,,,,
C4866,C(#C)c1ncncn1,,,,,
C4867,N1(N2CNCN2c2ncc[nH]2)CNCNC1,,,,,
C4868,Cn1ccnc1,,,,,
C4869,CC1CCCCC1C1CCNCC1C,,,,,
C4870,C1CN(C(=N)c2ncn[nH]2)N(O)N1[N+](=O)[O-],,,,,
C4871,C1CNCN1C1CNNN1c1nnncn1,,,,,
C4872,N1NN(c2ccn[nH]2)C(C(=O)N)(N2CNCN2)CC1,,,,,
C4873,C1NNN(C2C(c3c[nH]nc3)CC3C(C2)CCC(C2NNNCC2)C3)N1C1NNNCN1,,,,,
C4874,C1CCC(n2cccn2)CC1O,,,,,
C4875,C1C(C(C2(O)CCCCC2)C2CNNC(c3nc[nH]n3)C2)NCN1,,,,,
C4876,Cc1ncncn1,,,,,
C4877,CC1C(C2CNNN2)(c2nnnnc2)NNNC1,,,,,
C4878,C1CC(c2c[nH]nc2)CCC1,,,,,
C4879,C1CN(C2(C3CCCCC3)CNNCN2)NN1,,,,,
C4880,N1CCNC(c2ccn[nH]2)N1,,,,,
C4881,N1NC(C2(OO)N(CC)CNCN2)CCC1,,,,,
C4882,CC#CO[N+](=O)[O-],,,,,
C4883,C(#C)Nc1ncn[nH]1,,,,,
C4884,N1(NC(=N)N)N(C2NCNN2)NNCC1(CC1CCCCC1)CC=C,,,,,
C4885,C1CNC(c2c(O)cccc2)N1,,,,,
C4886,N1C(C2CC(O)C(C3CCC4C(C3)C(C=C)(C(=O)N)CCC4)CC2)CCCC1,,,,,
C4887,N1CNN(c2ccccc2O)C(C2NC(C3CC(O)CCC3)NCN2N=O)N1,,,,,
C4888,C(C=CC1NN(C2CNNCN2)CCC1)c1nnncn1,,,,,
C4889,C(C)(C1NNNNC1)N=O,,,,,
C4891,N1(N=N)NNCCC1,,,,,
C4892,N1(N=NOn2cccn2)CN(C(=O)[N+](=O)[O-])CCC1C=C,,,,,
C4893,C(C)C1(C(=O)C)NN(C2CCCCC2)CCC1C1CCCCC1O,,,,,
C4894,N1NC(C(=O)N)CCC1C1(C2CCCCC2)NC(O)CNN1,,,,,
C4895,CCc1nnnnc1,,,,,
C4896,CC1(C2CNCN2CC#C)CCCCC1,,,,,
C4897,C1CCCCC1(O)c1cnc[nH]1,,,,,
C4898,C(#CNOO)c1c(O)cccc1,,,,,
C4899,C=CC(C1NNNNC1)c1c[nH]cn1,,,,,
C4901,C(#CO)N=NOCC#C,,,,,
C4902,C1(c2nnncc2)CNCCN1,,,,,
C4903,C1C(n2cnnn2)CCCC1,,,,,
C4904,C1CNCCN1C(=O)N,,,,,
C4905,C1CNC(C2CCC(C)C(Cc3ccccc3)C2)N1,,,,,
C4906,N1C(C2CCC3C(C2C=C)CCCC3)N(N)C(C(=O)[N+](=O)[O-])CC1,,,,,
C4907,N1C(NN)CNCN1Cc1ccccc1,,,,,
C4908,CC#CC1NC(C2CC(C(=O)O)NN2)CNC1,,,,,
C4909,C1(C2CNNCN2)CC(C=N)CCC1c1nccnc1,,,,,
C4910,C1CCC(C2C(C3CCCC4C3C(CC)CCC4)C(O)CCC2)C(N=N)C1O,,,,,
C4911,N1NNCC(C#C)C1(C1NNNNC1)C1CCC(C)CC1OC(=O)N,,,,,
C4912,N1CN(CC#C)CNC1,,,,,
C4913,CCC1(C2C(c3ccn[nH]3)NCN2)CNCCC1,,,,,
C4914,C(C)C1NCCC(c2cc[nH]n2)C1,,,,,
C4915,CC(=C)C1N(C2CCC(O)CC2)CC(CC#C)N1,,,,,
C4916,N1CNC(CC)NN1,,,,,
C4917,N1CC(C2NCCCC2)(C2CNNCN2)N(CC#C)C(CC)N1,,,,,
C4918,C(CC)C(C#C)C1(n2ccnn2)CCCCC1C,,,,,
C4919,N1(c2nccnc2)CNCNC1,,,,,
C4920,N1N(c2nccnc2)C(C2NNCCC2)CCC1,,,,,
C4921,N1N(CC)N(C#CC)CCC1,,,,,
C4922,C1C(CC)N(C2CNNCN2)C(N)N1,,,,,
C4923,C1CNN(c2nccnc2)C1,,,,,
C4924,N1NCCCC1([N+](=O)[O-])c1nc[nH]n1,,,,,
C4925,C1(c2ncn[nH]2)NNNN1N=O,,,,,
C4926,C1(O)CCCC(C=CC)(c2nnccc2)C1C1NNNCC1,,,,,
C4927,N1C(C2CNC(O[N+](=O)[O-])N2)NCN(C2NCNN2C2NNNNC2)C1,,,,,
C4928,C(#C)C1CCN(C2NCNN2N=O)N1C1NNNCC1,,,,,
C4929,N1CNC(Cc2ccccc2)C(C2CCC(C)CC2)C1,,,,,
C4930,CC=CC1NCN(C2(C3C(O)CCCC3)CNN(C=O)C2)CN1,,,,,
C4932,C(#C)C1C(c2ccc(O)cc2)C(O)CCC1,,,,,
C4933,C(C=C)(N=NCC#C)C(=O)O,,,,,
C4934,C1(c2ncn[nH]2)CNNN1,,,,,
C4935,C(#C)C1NCC(C(=O)O)NC1,,,,,
C4936,N1(c2cccc(C)c2)CNCN(C2CCC(C)CC2C(=O)[N+](=O)[O-])C1N1CNNN1,,,,,
C4937,C(C1C(C(=O)O)CC2C(C1)CCC(C=C)C2)c1ncn[nH]1,,,,,
C4938,C(C#CC1NC(C2CCC3CCCCC3C2)(c2c[nH]cn2)NN1)C1NNCNC1,,,,,
C4939,N1CNC(O)NC1N1CNNN1,,,,,
C4940,CC=CNC1NNCN(c2ccc3c(c2)cccc3)N1,,,,,
C4941,C(C)(OC(=O)N)C1N(c2ccn[nH]2)CCNN1,,,,,
C4943,C1C(N2CCNN2)(OO)NN(C(=O)[N+](=O)[O-])C1,,,,,
C4944,C(C1C(N)CCC(C(=O)O)C1)C1NC(N=N)CN1,,,,,
C4945,N1(N=N)CN(C2CCC(C3CNNCC3c3cnncc3)CC2O)CNC1,,,,,
C4946,C1CNCN1C(=O)OC1CCC(C)C2C1CCCC2,,,,,
C4947,N1(n2cccn2)NNCCC1,,,,,
C4948,C1(C2(C3NC(c4c(O)cccc4)C(N=[N+]=[N-])CC3)CNNNC2)CCCCC1O,,,,,
C4950,C1N(c2ccccc2O)CNN1C1CNCN1,,,,,
C4951,N1CCNC(C(CC)CC)N1c1nnnnc1,,,,,
C4952,C(=CC(=O)Oc1ncncn1)C(=O)[N+](=O)[O-],,,,,
C4953,N1CN(C=NC2(c3ccncc3)CNNCC2)CN(N[N+](=O)[O-])C1,,,,,
C4954,C1(C(=O)N)CNCC(c2nc[nH]n2)N1N=NO,,,,,
C4955,C(C1CCCCC1)c1cnn[nH]1,,,,,
C4956,C1CNN(c2ccc3c(c2)cccc3)C1C1CNNC1,,,,,
C4957,C1(C2CNNC2)N(N=[N+]=[N-])NNN1,,,,,
C4958,C1(C2CNCN2O[N+](=O)[O-])NCN(C2CCC3CCCCC3C2)N1,,,,,
C4959,C1(c2nnccc2)CNNN1,,,,,
C4960,N1NCCCC1C=C,,,,,
C4962,N1CC(N)C(C(=O)O)CC1,,,,,
C4963,C1C(N[N+](=O)[O-])(c2ccncc2)NCN1,,,,,
C4964,CCCc1cccc(C)c1,,,,,
C4965,C1CN(C(=O)[N+](=O)[O-])C(O)(C=CCC(=O)O)CN1,,,,,
C4967,C1N(C2CN(C3CNN(C=O)N3)NCN2)NN(CC#C)N1,,,,,
C4968,N1C(c2nncnn2)N(C(C2CNNCC2)C2NCCCC2)CNN1,,,,,
C4969,N1C(NC(=NC=CC)N)NCNN1,,,,,
C4970,C1(C#CC)CCCCC1O,,,,,
C4971,N1NNN(O)CC1,,,,,
C4972,CC=CCC1C(C2CNCCC2CC#C)CCCC1,,,,,
C4973,N1N(C2(c3cnncn3)CCC(C)CC2)NCCC1,,,,,
C4974,N1CC(C2(n3cccn3)CCNCC2)NC(N[N+](=O)[O-])N1C1CNCN1,,,,,
C4976,N1CCNC(C2NNNN(c3nnn[nH]3)C2)N1,,,,,
C4977,C(C)(C(=O)N)C1N(OC(=O)N)CCNC1,,,,,
C4978,N1N(c2ncc[nH]2)NCCC1C1NNNCN1,,,,,
C4980,C1NNNN1CC1CC(c2nnccc2)CCC1,,,,,
C4981,C1N(c2nnncn2)CNN1N=[N+]=[N-],,,,,
C4982,N1NNNC(c2ccc(C)cc2)C1,,,,,
C4983,N1NNN(C)CC1c1ccc2c(c1)cccc2,,,,,
C4984,CC(C1CNNN1)C1NCC(N2CNNN2)(c2cc(O)ccc2)N1,,,,,
C4985,C1CNCC(c2ncc[nH]2)N1,,,,,
C4986,N1(c2nc[nH]n2)CNNCN1,,,,,
C4987,N1NNC(Oc2ccncc2)(C2NCNN2)CC1,,,,,
C4988,CC(C)C1C(O)CC(C2CC(C3CCCC(C)C3)CCC2OC(=O)N)CC1,,,,,
C4989,N1C(C2(n3cncn3)CC(NC(=N)N)C(O)CC2)CN(C2CCCCC2C)CN1,,,,,
C4991,N1NNCC(CC(C)O)C1,,,,,
C4992,N1CC(n2cnnn2)NCN1,,,,,
C4993,C#CN1CCNN1C(=O)O,,,,,
C4994,C(CCN=O)C1NNNNC1C1CCC2C(C1)CCCC2,,,,,
C4995,N1CC(CCC)NCN1,,,,,
C4996,C1(C2(n3cccn3)NCNN2)CNC(C=O)N1,,,,,
C4998,C1CNC(C2CCNN2)CN1n1cccn1,,,,,
C4999,C1(c2cccc3c2cccc3)NCNN1,,,,,
C5000,C1CN(C2C(c3ccccc3C)CNCC2)N(C2CC(OC3NCNCN3)CCC2)C1,,,,,
C5001,C1(C(=O)[N+](=O)[O-])CCCCC1(O)C1CCC(c2nncnc2)CC1O,,,,,
C5002,C(C=C)C1NNNCN1CC#C,,,,,
C5003,C(=C)(C(=N)C1CNN(C2NCNN2)N1)N=N,,,,,
C5004,N1NN(C2CNNCC2)N(NC(=NC2CNNN2)N)C(c2nncnc2)C1,,,,,
C5005,N1(CCC)CNC(c2nnncc2)NN1,,,,,
C5006,N1CNC(C2CCN(NC(=N)N)N2)CC1c1ncn[nH]1,,,,,
C5008,C1CN(NC(=NC2CC(c3ccc4c(c3)cccc4)NCC2)N)NN1,,,,,
C5009,C1(C2CNNC2)CNC(C2NN(C=O)CNC2)CN1C#CC,,,,,
C5010,CC1C(c2nnncc2)C(C2NNNN2)NN1,,,,,
C5011,C1CCCCC1(C=C)c1ccc2ccccc2c1,,,,,
C5012,C1CCC(CC#C)C(C#N)C1O,,,,,
C5013,C(#C)NC(=N)N(NN)OC(=O)N,,,,,
C5014,C(C#C)N1CC(C2(c3ccc(C)cc3)CCNCC2)(C(=O)O)NC1,,,,,
C5015,C1CN(C(=O)O)NN1,,,,,
C5016,C1C(C2C(O)CCCC2)(Cc2ccccc2)NN(C2NCCCC2O)N1,,,,,
C5017,N1C(c2ncn[nH]2)NCN(C2NCCNN2C2C(O)CCCC2)N1,,,,,
C5018,C1(CCC)NCNN1,,,,,
C5019,C1(C(=O)N)(N[N+](=O)[O-])N(C#CC)NNN1,,,,,
C5020,C1CC(C(=O)N)(C#C)C2(O[N+](=O)[O-])CCCCC2C1OO,,,,,
C5021,N1(C2N(c3cnnnc3)CNN2)CNCNC1,,,,,
C5022,C1(C#C)CNC(O)N1,,,,,
C5023,N1NNCC(C2NN(C(=O)N)NCC2C2NC(CC)NCN2)C1,,,,,
C5024,C1C(C=N)C(n2ccnc2)C(N(N)C2CCCCC2O)CC1,,,,,
C5025,N1CN(c2ccc(C)cc2)CCC1N[N+](=O)[O-],,,,,
C5026,N1(C2CNN(C)C2OC(=O)N)N(C(=O)O)CCCC1,,,,,
C5027,N1CCCC(C(=O)[N+](=O)[O-])C1,,,,,
C5028,C(C)C#N,,,,,
C5029,C1CC(C2N(N=[N+]=[N-])CCCC2)CCC1O,,,,,
C5030,N1NNNCC1n1cnnn1,,,,,
C5032,C1(C2NNC(CCC)CC2)CCC2CCCCC2(CC#C)C1,,,,,
C5033,C1CNN(C2(N)N(C3CNCN3)NNNC2N2CNNN2)C1,,,,,
C5034,C1CNN(C2(c3cnn[nH]3)NCCNC2)C1C1NNNNC1,,,,,
C5035,N1(N=NO)CNC(C2([N+](=O)[O-])CNCN2)NC1,,,,,
C5036,N1(C2(c3cccc4c3cccc4)CNNNC2)C(OO)(C2NNCNC2)NCCC1,,,,,
C5037,CC=Cc1ncccc1,,,,,
C5038,C1(C2CNNN2)CN(C2CCNN2)N(C2CCCCC2)N1,,,,,
C5039,C1CNC(C2NC(C(=O)[N+](=O)[O-])NN2)CN1CC#C,,,,,
C5040,C1N(C)CNN1C1C(C2CCCCC2)NCCC1,,,,,
C5041,C1CCC2CCCCC2(N[N+](=O)[O-])C1,,,,,
C5042,CC1NCN(C2CNN(C3CC(CC#C)NN3)CC2)CN1,,,,,
C5043,C(#C)c1ccn[nH]1,,,,,
C5044,N1(N2CCNN2)CN(c2nccnc2)NCN1,,,,,
C5046,N1N(C2CCC3CCCC(C4CCC5C(C4)CCCC5)C3C2)CC(O[N+](=O)[O-])(CC)CC1,,,,,
C5047,C(C#C)N=N,,,,,
C5048,CC1CC(C2CNNCC2)(N2CNCN2)CCC1c1cccc(C)c1,,,,,
C5049,N1(C#Cc2nnncc2)CNCNC1NC(=N)N,,,,,
C5050,CC#CCC(=C)c1ccn[nH]1,,,,,
C5052,N1(N=N)CN(N=NO)CNN1,,,,,
C5053,N1C(C2CC(O)CCC2)N(c2ccncc2)CNC1,,,,,
C5054,N1C(C2CCCC(C)(C3N(C)CCCC3)C2)NCCC1,,,,,
C5055,C1NC(C2NCC(c3ncc[nH]3)CC2)NN1,,,,,
C5056,CC(=C(C1NCNCN1)[N+](=O)[O-])C(=O)ONC(=N)N,,,,,
C5057,N1CCN(c2cccc3c2cccc3)C(N2CCCN2)N1,,,,,
C5058,C1CC(O)CC(NC2NN(O)NNC2)C1,,,,,
C5059,C1(c2ncncn2)CNN(N)N1,,,,,
C5060,CC1CC(C2CN(c3nnncn3)CCC2)C(C2NCCNN2)CC1,,,,,
C5061,C1NCNN1c1ccc(C)cc1,,,,,
C5062,C1CNCC(C2CCC3C(C2C2(CCC)NNCCC2)CCC(N)C3)N1,,,,,
C5064,C(CC1CCN(C2CC(c3nnncc3)NCC2)CC1)N[N+](=O)[O-],,,,,
C5066,C1(CC)CNCCN1,,,,,
C5067,C1(CC2CCCCC2)(C#N)N(O)CN(C(=O)[N+](=O)[O-])N1,,,,,
C5068,C1CC(C(=O)N)CCC1C1CC(C(=O)N)NN1,,,,,
C5069,N1NC(C(=O)O)CCC1C1CNN(c2ncc[nH]2)CC1,,,,,
C5070,C1C(C2CN(C3CC(N)CCC3O)NCC2)CCCC1O,,,,,
C5071,N1(C2CC(OO)C3CCCCC3C2)NNCCC1C(=O)NC1NCCCC1,,,,,
C5072,C(C1NNC(OC(=O)N)CC1)(C1CNCN1)C1NCCNC1,,,,,
C5073,CC1(N=NO)CCC(C)(C2(c3cnc[nH]3)CCCCC2C)CC1,,,,,
C5074,N1(CC)CCNC(C2CCNCC2c2ncc[nH]2)N1,,,,,
C5075,C1(C2CCN(c3nnccc3)N2)C(C2CNCCC2)N(C(=O)C)CN1,,,,,
C5076,CCCC1(c2c[nH]nn2)CCNN1,,,,,
C5077,N1C(C2NNCNC2)N(OC(=O)NC2CNNCN2)NCN1[N+](=O)[O-],,,,,
C5078,N1(C2NNCN(C3CNNC3)C2)CCNCN1c1cnnnc1,,,,,
C5079,C(=C)(C=N)C1CN(NC#CC)NCC1,,,,,
C5080,C1CCC([N+](=O)[O-])(c2nccnn2)CC1,,,,,
C5082,N1NCC(C2CCCC3(C=O)C2CCCC3)CC1c1nccnc1,,,,,
C5083,C1CN(C#C)CCN1,,,,,
C5084,C1C(c2nncnn2)CC2CCCCC2C1,,,,,
C5085,C1C(c2ccc(O)cc2)NCC(O[N+](=O)[O-])N1,,,,,
C5087,CC(CC=C)C1NCC(c2ncccc2)N1,,,,,
C5088,N1C(C2CCCCC2)NNCN1C1NNNN1,,,,,
C5089,C1CCCCC1N1C(C2NC(C(=O)[N+](=O)[O-])CNC2)CC(C)N1,,,,,
C5090,C(C#CC#CC)C1NN(c2ccccc2O)NNC1,,,,,
C5091,N1CNC(C2CC(O)CCC2C)(C2C(O)CCCC2)NC1,,,,,
C5092,C1CC(C=N)CCC1,,,,,
C5093,CC(C)N=NO,,,,,
C5094,C1C(c2cccc(C)c2)CCCC1(OOO)C1NCNN1,,,,,
C5095,N1(CC=C)C(C(C#CC2NCNN2)c2cnnnc2)CNCN1,,,,,
C5096,CC1CCC2C(C1c1cnncc1)CCCC2,,,,,
C5097,C1N(C2CC(O)C(c3c[nH]nc3)CC2)CN(N2CCNC2N2CCNN2)N1,,,,,
C5098,CCCC(=C)C1N(CC2CCCCC2c2ccccc2O)CNN1,,,,,
C5099,C1CN(C2CC(C(=O)C)C(O)C(CCC)C2)NC1,,,,,
C5101,C(C(=CC)N=NO)C1NCCN(c2nnncc2)C1,,,,,
C5102,C1(C=C)CNNC1(CC=C)C1CCC2CCCCC2(OO)C1,,,,,
C5103,N1C(c2cnncc2)CN(CC2CCCCC2)C(N2CNN(C3CNCCC3)N2)N1,,,,,
C5104,N1CN(C2NNNCC2)CN(c2c[nH]nc2)N1,,,,,
C5105,C1C(C2CNNCC2)NC(c2nnnnc2)CN1,,,,,
C5106,N1(C#N)NC(N)CCC1,,,,,
C5107,N1NCCC(N[N+](=O)[O-])C1,,,,,
C5108,C1(C2CCCCC2c2cnnnc2)CN(O)CCN1[N+](=O)[O-],,,,,
C5109,C1(c2nncnc2)C(O)NNN1,,,,,
C5110,N1CCNC(OOC(=O)O)N1O[N+](=O)[O-],,,,,
C5111,C(C)C1CCCC(C2CNNCC2)C1(C)C1NCCN(c2nnnnc2)N1,,,,,
C5112,C1CN(C=N)C(c2nnncn2)N1,,,,,
C5113,N1(c2nnnnc2)NCCC(N2C(O)NCN2)C1,,,,,
C5114,C1(C2(C3NNCNC3)CCC3C(C2)C(n2cccn2)CCC3)C(C(=O)O)NCCN1,,,,,
C5115,CC1(C=C)CCCC([N+](=O)[O-])C1,,,,,
C5116,N1CCNC(c2ccc(C)cc2)N1,,,,,
C5117,C1(NN)(C2(c3cnc[nH]3)NNCNN2)NCNN1,,,,,
C5118,C(=C)C(=O)CCC#CO,,,,,
C5119,C1CN(C2(O[N+](=O)[O-])CNNCN2)NC1N=[N+]=[N-],,,,,
C5120,N1(n2ccnn2)NNNC(N=[N+]=[N-])C1C1NN(N)CNC1,,,,,
C5121,N1(C2(C3CC(C=N)CCC3C)NCCNN2)NNCCC1N=O,,,,,
C5123,N1CCCC(c2ncn[nH]2)C1,,,,,
C5124,C(=C)C1NC(c2ccc3c(c2)cccc3)NN1,,,,,
C5125,C1C(c2cccc(C)c2)CCCC1,,,,,
C5126,C1C(C2(C#C)CNCN2)CC2CCCCC2C1,,,,,
C5127,C1CNCCN1C1(c2cc[nH]n2)CNC(N2CNC(OO)N2)N1,,,,,
C5128,C#CC1(c2ccncc2)CNCN1C=O,,,,,
C5129,N1NCCCC1O[N+](=O)[O-],,,,,
C5130,CC(C)n1ccnn1,,,,,
C5131,CC(=C)n1ccnn1,,,,,
C5132,C1CCCC(c2ncc[nH]2)C1,,,,,
C5133,C1C(N[N+](=O)[O-])CC(NC(=N)N)C(CC2CCCCC2)C1,,,,,
C5135,N1C(O)(C2CC(c3c[nH]nn3)NCC2)NCC(O)C1,,,,,
C5136,C1NN(n2ccnc2)NN1,,,,,
C5137,C1(c2nnncn2)CNNC1,,,,,
C5138,C1(C2CNN(N=O)CN2)CCCCC1NC(=N)NC(=O)C,,,,,
C5139,C1(C2N(c3nccnn3)NCC(C(=O)C)C2C2C(O)CCCC2)NCNN1,,,,,
C5140,C1CC(C2C(O)CCCC2)(c2ncncn2)CCC1(C1CCCC(C)C1)C1CCCC(C)C1,,,,,
C5141,C1CNC(C(=O)[N+](=O)[O-])N1,,,,,
C5142,N1(C2NNNN2c2cnncc2)CCNCN1,,,,,
C5143,C1NCNN1N=NOc1nnnnc1,,,,,
C5145,C1(O)(C2C(CC=C)CNN2)CNNC1,,,,,
C5146,C1CNCC(OC(=O)N)N1,,,,,
C5147,C1CCC2CC(CC3CCCCC3c3ncncn3)CC(C3NCCNN3C)C2C1,,,,,
C5148,C=C(C1([N+](=O)[O-])CCC(C2CCNN2)CC1O)C1NNCCC1,,,,,
C5149,CCC1NCCNN1C#N,,,,,
C5150,C(C#CC1NCCNC1)(C)c1ncncn1,,,,,
C5151,C1(NC(=N)N)C(C2CCNCC2)C(c2nncnc2)C(C2CCCCC2O)CC1O,,,,,
C5152,C1C(C2(c3ccncc3)CNNN2)NC(C2CNNCC2)CN1C1CCC(O)CC1,,,,,
C5153,N1CNCN(O)C1C1CCC(C)CC1,,,,,
C5154,C1CN(c2ccccc2O)N(N=NOO)C1,,,,,
C5155,CC1CCC(C2CNNNC2)CC1C1CNNNC1c1ncc[nH]1,,,,,
C5156,C1CCC2CCC(O)(c3cnc[nH]3)CC2C1,,,,,
C5157,C(C1CCCCC1)c1nncnn1,,,,,
C5158,C1(C(=O)CC2C(n3cnnn3)NNCC2)CNNN1,,,,,
C5159,C1CCCCC1(C=N)c1ccc(C)cc1,,,,,
C5160,C1NNNN1c1ccc2ccccc2c1,,,,,
C5161,N1CCC(c2c[nH]nc2)C(C2CCC(O)CC2)C1,,,,,
C5162,C(C(=C(N=NO)C(=O)C)c1nnncc1)C=C,,,,,
C5163,C1CNNC1C=C,,,,,
C5164,N1CN(C2CNNCN2)C(C2(C3CCC(O)CC3)CCNCC2)CC1C#C,,,,,
C5165,CC1C(C2CC(C(=O)N)NN2)CCC(C)(C2NNNCC2)C1,,,,,
C5166,C1C(C2CC(N=[N+]=[N-])N(C3NCC(N)NN3)N2)CCCC1,,,,,
C5167,C1(C2CCCC(c3cnc[nH]3)C2)CNCN1C1NCNCN1,,,,,
C5168,N1CC(OC(=O)N)NC(C=CC)N1,,,,,
C5169,N1CC(c2ccc(O)cc2)CCC1,,,,,
C5170,C(=C)N1C(C(C#C)c2nc[nH]n2)CCN1,,,,,
C5171,N1NNN(C2NC(c3ncn[nH]3)NCN2)CC1,,,,,
C5172,C(CC)(C1CNC(N2CNNN2)CC1)(C#C)N=[N+]=[N-],,,,,
C5173,C1CCCCC1c1ccc(C)cc1,,,,,
C5174,N1CCC(C2CCCC(N=O)C2CC2NNCNN2)(C2NCCN2)CC1,,,,,
C5175,C1CNN(c2c(O)cccc2)N1C1CNNNC1,,,,,
C5177,CC1CCC(O)(C2NC(c3cnccc3)CNC2)CC1,,,,,
C5178,C(#CN1CCNN1)C(=NC1NCNN1)C=O,,,,,
C5179,N1CC(c2ccc(O)cc2)NCN1,,,,,
C5180,C1C(C2C(c3ncn[nH]3)NNN2)CCCC1,,,,,
C5181,C(#CC1(C2NCCNC2)CN(c2ccn[nH]2)NN1)O,,,,,
C5182,N1(C2NCN(C3CNNCC3)N2)C(C(=O)N)C(O)NCN1,,,,,
C5183,C1NNNN1C1CC(C2CNCC(c3nnn[nH]3)C2)CCC1,,,,,
C5184,N1C(CC)NN(C2NCCNC2)C(C(=O)[N+](=O)[O-])N1,,,,,
C5186,C1CCCC(C2NNNC(C(=O)N)N2)(c2ccc3c(c2)cccc3)C1,,,,,
C5187,C(C)C1NN(CC(=C)c2c(O)cccc2)NCC1C1NCNCN1,,,,,
C5188,C1(C2CCCC(C)C2)CCC2C(c3ccc4c(c3)cccc4)CC(C3CNCN3)CC2(C(=O)O)C1,,,,,
C5190,C#CC(=O)On1ccnn1,,,,,
C5191,N1C(C)NNCN1C1NNCNC1,,,,,
C5192,C1N(C2CCCCC2)CNN1,,,,,
C5193,C1NCNN1c1ncccc1,,,,,
C5194,C1CCC(C2NCCNC2C2(c3cnnnc3)NCCCC2)CC1O,,,,,
C5195,N1CNC(N=[N+]=[N-])NC1,,,,,
C5196,C1NC(NC=O)(C2NCCNC2)N(C(=O)N)N1,,,,,
C5197,C1CCCC(n2cccn2)C1,,,,,
C5198,N1CC(C2C(c3nncnn3)NCN2)NC(CC=C)N1,,,,,
C5199,C1CNC([N+](=O)[O-])CN1c1cnncn1,,,,,
C5200,C(C#CC1NNNCN1)c1nc[nH]n1,,,,,
C5201,N1(C#C)NN(C=CCC2CNCN2)NC(C(=O)O)C1,,,,,
C5202,C(C(=C(C)C1CNNCC1)C(=O)O)n1ccnc1,,,,,
C5204,N1CNCN(C2CCCCC2)C1,,,,,
C5205,N1(C2NCCNC2)CNCN(C2NC(c3nccnc3)NN2)C1,,,,,
C5206,C1(N(C(=N)N)C#CC)C(C#N)NCCN1n1ccnn1,,,,,
C5207,C1CCC2CC(c3cnncn3)CCC2C1,,,,,
C5208,C1(C2NCNN2)CN(C2NCCNC2c2nnnnc2)CCN1N=N,,,,,
C5209,N1(C2CCC3(N)C(C2)CCCC3N=N)CNN(c2nc[nH]n2)CN1,,,,,
C5210,C(=C)(C1CC(CC(C)C#CC)NN1)C=N,,,,,
C5211,N1(O)N(O[N+](=O)[O-])NCCC1(CC#C)c1cccc(C)c1,,,,,
C5212,C(C(=O)[N+](=O)[O-])n1ccnc1,,,,,
C5213,C1N(C2C(O)CCCC2O)C(C=N)N(C(=O)O)N1,,,,,
C5214,C1(C)NCNN1,,,,,
C5215,C1C(C2(CC=C)CN(N[N+](=O)[O-])NNC2)CCCC1C,,,,,
C5216,N1(OC(=O)N)CN(N=O)CNC1c1ccccc1O,,,,,
C5217,C1C(NC(=NCC)N)CCCC1,,,,,
C5218,C(CC1CCNC(N)C1)c1nnnnc1,,,,,
C5219,C(C1CCCCC1)N1CNC(OC(=O)N)(C#N)N1,,,,,
C5220,N1C(CC)NNC(C)N1c1cc(O)ccc1,,,,,
C5221,N1CN(n2cnnn2)NCN1,,,,,
C5222,C1C(C2CCN(c3nncnc3)N2)NNC1,,,,,
C5223,C1(N=Nc2ccc(O)cc2)CC(C2CNNCN2)CCC1,,,,,
C5224,N1(CC=C)C(n2cccn2)NCNC1,,,,,
C5225,C(#C)C1(OO)NCNCN1,,,,,
C5226,C(#C)C1NCC(C2CCN(c3cnncn3)N2)NC1C1CNCN1,,,,,
C5227,CCCC1NCCNN1c1nncnc1,,,,,
C5228,CC=CC(CC)C1(C2CCC(Oc3ccc4c(c3)cccc4)CC2)CCNCC1,,,,,
C5229,C1(N=NO)CCCC(C=C)(n2cnnn2)C1(O)C=O,,,,,
C5230,C1C(c2cnnnc2)CC2CCCC(C3CCNCC3)C2C1OOC1CCCC(C)C1,,,,,
C5231,N1NCCC(c2ccncc2)C1,,,,,
C5232,N1NC(N)C(C2NNN(N3CCNC3)CC2)C(C2NNCNN2)C1,,,,,
C5233,N1CNCNN1C1CC(O)(c2nccnc2)CCC1,,,,,
C5234,C1C(N=NO)CC(C2C(C)CCCC2)CC1(O)N1CCCN1,,,,,
C5235,C1CC(c2cnc[nH]2)CCC1ON=NO,,,,,
C5236,C1CN(C2N(OC(=O)N)NCNC2)N(C=N)C1,,,,,
C5237,C(C)C1CCN(NN)N1N,,,,,
C5238,C1CNN(C2NC(c3cccc4c3cccc4)CCC2)N1C(=O)CN,,,,,
C5239,CC1CC(n2cnnn2)CCC1,,,,,
C5240,N1CNCN(C2(CC=CN)CN(C3CCNN3)NCC2)N1,,,,,
C5241,N1(C2CCCCC2O)CCCCC1c1ncncn1,,,,,
C5242,N1CN(C2(C3CNNCC3)NNCCC2)CN(C2CNN(c3cnncn3)N2)N1,,,,,
C5243,C(CC1CNC(C2NCCCC2)N1n1ccnn1)NC(=N)N,,,,,
C5244,C1CNN(C2CCC(O)CC2C2CCC3C(C2c2ncc[nH]2)CCCC3)C1,,,,,
C5245,C1CN(C)N(N=O)N1,,,,,
C5246,C1C(C2C(CC=C)CNCC2)C(OO)CCC1O,,,,,
C5247,C1CN(C(=O)O)NC1,,,,,
C5248,N1(O)CNC(c2nnnnc2)CC1,,,,,
C5249,C(=C)C1CC(OCC#C)NN1,,,,,
C5250,CC(C[N+](=O)[O-])(N([N+](=O)[O-])c1cc[nH]n1)C1CCC2C(C1)CCCC2,,,,,
C5251,C1NNN(N=Nc2nnn[nH]2)N1,,,,,
C5252,C(C=C)C1(C=C)NN(C2NNCNN2)NCC1,,,,,
C5253,C1CNCCN1C1N(N=[N+]=[N-])NC(C2NNNN2)NC1CC,,,,,
C5254,C1N(C(=O)[N+](=O)[O-])N(O)NN1C1C(N)CNCC1,,,,,
C5255,C1(N=NO)(C2CCCCC2C)CCCCC1C1CCCCC1,,,,,
C5256,N1(C(=O)N)CNC(CC#C)CC1C1(c2ccc3ccccc3c2)C(O)CCCC1,,,,,
C5257,C1CNCC(CC=C)N1,,,,,
C5258,N1C(c2ncncn2)NC(CC=C)CC1,,,,,
C5259,N1NNCCC1(C(=O)C(=N)c1cnncc1)C=N,,,,,
C5260,C(=CC(=O)OCC=C)c1c[nH]nc1,,,,,
C5262,N1CC(C2CNNN2)(O[N+](=O)[O-])N(C2(C3NCCNN3)CNNCN2)CN1,,,,,
C5263,CNC(=N)NC1(n2cncn2)CCCCC1,,,,,
C5264,N1CNCNN1C1NNNC(C2CC(O)C(C=N)CC2)(CC#C)C1,,,,,
C5265,N1CNCN([N+](=O)[O-])C1,,,,,
C5266,C1(C2C(O)CCCC2N=[N+]=[N-])C(C(=O)[N+](=O)[O-])C(N2CNNN2)CCC1,,,,,
C5267,N1CNC(N)NC1,,,,,
C5268,C1(C2NNNCN2O)C(C2CCNN2c2nncnc2)NNN1,,,,,
C5269,N1CC(C2CNN(C3NNNN3)NC2)C(C)CC1c1ccc(C)cc1,,,,,
C5270,CC1CCCCC1c1nnccc1,,,,,
C5271,N1C(c2ncncn2)CCCC1,,,,,
C5272,C(CC)c1c[nH]nn1,,,,,
C5273,C1CC(C2CNNC2C2NCNCN2)CC(C#CC)(C(=O)O)C1,,,,,
C5274,N1N(CC2CCC(C3N(c4ccc5c(c4)cccc5)CCCC3)CC2)NNCC1,,,,,
C5275,N1CN(C2NN(C3(N=O)NCCNC3)NCN2)C(c2c[nH]cn2)NN1,,,,,
C5276,N1(C2C(O)CCC(C3CCCCC3)C2)CN(N=O)CNN1CC,,,,,
C5277,C1CNC(C(=O)N)CN1,,,,,
C5278,N1CN(C=C)NCN1C#N,,,,,
C5279,CC1CC(C2(C3NCCN3)CN(C3CCCCC3)CCC2)CCC1,,,,,
C5280,N1CN(c2ncccc2)CNN1,,,,,
C5281,N1NNN(C2NNC(c3c[nH]nc3)NC2)CC1C1NN(O)CNC1,,,,,
C5282,C1CN(CC2CCCCC2)C(C2CCC3C(C2)CCCC3)N1c1nnnnc1,,,,,
C5283,C(=COC(=O)N)(C(=O)N)C1CCC(C)(c2cnncn2)CC1,,,,,
C5285,N1C(C=N)CNCN1,,,,,
C5286,C(C1CCCCC1N)C1C(n2cnnn2)NNN1,,,,,
C5287,C1CCC2CC(C3CCC4(C5C(c6ccn[nH]6)CCCC5C)CCCCC4C3)CCC2C1,,,,,
C5288,N1CN(C(=O)NC2(c3ccn[nH]3)C(CC#C)CCC3C2CCCC3)CNC1,,,,,
C5289,C1CCCCC1(O)C1CCC2C(C1)CCC(c1ncccc1)C2,,,,,
C5290,C1(N2CNCN2)CN(c2cnn[nH]2)CCN1,,,,,
C5291,Cc1ncccc1,,,,,
C5292,C1(C(=O)C)NN(c2cc(O)ccc2)NN1,,,,,
C5293,C1CNN(C2CCC3C(C2)CCC(c2ccc(C)cc2)C3)C1,,,,,
C5294,C1CNCCN1N=N,,,,,
C5295,N1(N=[N+]=[N-])CNCNC1,,,,,
C5297,N1C(N=[N+]=[N-])NNCN1,,,,,
C5298,N1(CCC)CC(C2CCNN2)N(c2ccncc2)CN1,,,,,
C5299,N1C(N2CCNC2)CNCN1C1CCCCC1OC(=O)O,,,,,
C5300,C1(c2c[nH]nc2)NCNN1,,,,,
C5301,CC=CC1([N+](=O)[O-])NCNCN1,,,,,
C5302,C1(O[N+](=O)[O-])CNCCN1,,,,,
C5303,CC(C)C1NC(C2NCC(c3c(O)cccc3)NC2)CNC1,,,,,
C5304,C1CNCC(N)N1C(=O)[N+](=O)[O-],,,,,
C5305,N1CNN(c2ccncc2)CN1,,,,,
C5306,C1N(C(=O)C)N(C(=O)N)N(CCC)N1,,,,,
C5307,CC#Cc1ncn[nH]1,,,,,
C5308,N1(C=N)CN(OO)NC(N2CCNC2)(c2ccc(O)cc2)N1,,,,,
C5309,C1CCCCC1n1cnnn1,,,,,
C5310,N1NNC(NCC)(C#N)CC1,,,,,
C5311,N1(CC=C)NCCCC1,,,,,
C5312,CC(C)Nc1c[nH]nn1,,,,,
C5313,N1C(n2cncn2)NCNC1,,,,,
C5314,N1C(Cc2ccccc2)N(NC(=N)N)C(N2C(C3NCCNN3)NNN2)NN1,,,,,
C5315,N1CN(C2N(C3CNCN3)CCNC2c2cnncc2)CCC1,,,,,
C5316,C1C(C2CNN(C=CC)C2OO)C(C2CNNCC2)CCC1,,,,,
C5317,C1CNNN1C1C(C)NNN1,,,,,
C5318,C(#CC=O)C1(c2cc(O)ccc2)CNN(N=[N+]=[N-])N1,,,,,
C5319,C1CCC(C2CN(c3ccccc3C)NN2)CC1(O)C1CCCCC1,,,,,
C5320,N1(C=N)CNCC(c2ncncn2)C1C=O,,,,,
C5321,N1(C2CCNN2)C(c2nnncc2)NCNN1,,,,,
C5322,C1C(NN)CC2C(c3nncnc3)CCCC2C1,,,,,
C5323,N1NCC(N=NO)CC1,,,,,
C5324,C(C=CN1CCNC1C1CNCCC1)c1ccc(C)cc1,,,,,
C5325,C1C(n2ccnn2)NC(C(=O)O)CN1,,,,,
C5326,N1NC(C2CCCC3C2CCCC3)CC(C2NN(c3ccn[nH]3)NCC2)C1,,,,,
C5327,C1CNC(C2CCCC(N3CCNN3)C2O)(N=O)C(C(=O)[N+](=O)[O-])N1,,,,,
C5328,N1C(C2CCCCC2CO[N+](=O)[O-])CNCN1C1CN(C2CCNCC2)CN1,,,,,
C5329,C1CN(c2nccnn2)NC1,,,,,
C5330,N1C(C2N(C#N)CCN2)C(C(=O)O)CCC1C,,,,,
C5331,N1(C)CNC(C2C(O)C(C3CNNN3N=NO)CCC2)CC1,,,,,
C5332,C1(CCCCC)CN(N=N)NN1O[N+](=O)[O-],,,,,
C5333,C1NN(C2N(c3cccc4c3cccc4)CC(C3NCCNC3)N2)NN1,,,,,
C5334,C1CNC(CC#Cc2cc[nH]n2)CN1,,,,,
C5335,C#CC1(C#CC)NCCNN1,,,,,
C5336,C(C#C)C1CCC(C)CC1c1nc[nH]n1,,,,,
C5337,N1CN(C2C(O)C(CC#CO[N+](=O)[O-])(C3CCC4C(C3)CCCC4)CCC2)CNN1,,,,,
C5338,CCc1cnc[nH]1,,,,,
C5340,C1CCCC(N=N)C1C=C,,,,,
C5341,C1N(CC=C)C(C2CNCN2)NN1,,,,,
C5342,N1(OC(=O)N)CCC(C(=O)[N+](=O)[O-])(N2CCNN2)CC1c1cnc[nH]1,,,,,
C5343,C1C(n2cncn2)CC(CC)C(CC2CCCCC2)C1,,,,,
C5344,N1N(C2CN(C3CNNCC3)CN2)NN(C(=O)O)CC1C,,,,,
C5345,C1CN(n2ccnn2)NN1,,,,,
C5346,C(=C)(C1C(N=O)(C=C)CNN1)c1cccc(C)c1,,,,,
C5347,C#CN1CNNN1CCC,,,,,
C5348,C1CNCC(c2c[nH]nn2)N1,,,,,
C5349,CCC1(O)CCCCC1O,,,,,
C5352,C1(C2CC(O)CC(c3nnncc3)C2)N(N)NNN1C1NCCNC1,,,,,
C5353,C1CCCC(c2cccc3c2cccc3)C1O,,,,,
C5355,N1N(C2CNNNC2)NC(C2CNCCC2)C(c2c[nH]nn2)C1,,,,,
C5357,C1(C2NCNN2c2nnncn2)(C2NCNN2)CCCCC1,,,,,
C5358,N1CNN(N=N)C(C2CCC3C(C2)CCCC3)N1,,,,,
C5360,C1C(c2ncn[nH]2)NCCN1,,,,,
C5361,N1NNC(C(=O)N)CC1,,,,,
C5362,CC#CN=NO,,,,,
C5363,N1CNNCN1c1nnccc1,,,,,
C5364,C1(c2nnncn2)CCCCC1(O)C(=O)O,,,,,
C5366,N1CNCC(O)C1,,,,,
C5367,C=C(C(=O)C)n1cccn1,,,,,
C5368,C1CNNC1n1ccnn1,,,,,
C5369,N1CN(CCC)CCC1,,,,,
C5370,C1CN(C2N(c3cccc4c3cccc4)NNCC2)N(C#CC)N1,,,,,
C5371,C=Cc1ccncc1,,,,,
C5372,C1(NN)C(CCCC2CNNCC2)NN(N2CCNN2)C1,,,,,
C5373,N1(C2NCCN2n2ccnn2)CCC(C2CCC(C)CC2)C([N+](=O)[O-])C1,,,,,
C5374,C1(C2CCC3(C4C(C5CCCCC5O)NCN4c4cc[nH]n4)CCCCC3C2)NCNN1,,,,,
C5375,CC#CC1CCC(C2NNCC(C)C2)C2C1CCCC2,,,,,
C5376,CCC(C1C(O)CCCC1)c1cnccc1,,,,,
C5377,CNC1CNCCC1n1cnnn1,,,,,
C5378,C1(c2cnncc2)NNNN1,,,,,
C5379,C1CNNC1C=O,,,,,
C5380,C1CCC2C(c3nc[nH]n3)CCCC2C1,,,,,
C5381,N1CN(C=N)CNN1CC(C)c1nccnc1,,,,,
C5382,N1CNNC(C2CC(Oc3nncnn3)CCC2)N1,,,,,
C5383,N1CCNC(c2nncnc2)N1,,,,,
C5384,N1CNC(N2CNCN2)(c2ccc(O)cc2)NN1,,,,,
C5385,C(CCC)N1C(c2cnc[nH]2)CNC1,,,,,
C5386,N1CNC(C2(NC(=N)N)CCCC(C3NCNCN3)C2C)C(CCC)C1,,,,,
C5387,CC=CC1NCCCC1n1cccn1,,,,,
C5388,C1(C2NCN(CCC3C(CC#C)NNCC3)CN2)NNNN1,,,,,
C5389,N1(C(=O)O)CN(N[N+](=O)[O-])CCC1N(C(=N)N)O[N+](=O)[O-],,,,,
C5390,N1CNCN(C#CC)C1,,,,,
C5391,C1CN(c2cnncn2)NC1,,,,,
C5392,C#Cn1cncn1,,,,,
C5393,C1(N=NO)NC(O)N(C2CCCC(O[N+](=O)[O-])C2)N1,,,,,
C5394,N1(c2nccnc2)C(C2CCC3CCCCC3C2)NCCC1CC,,,,,
C5395,N1CN(C2CC(c3cccc(C)c3)C3CCCCC3C2)CNN1NC(=N)N,,,,,
C5396,N1NN(C2CC(O)CCC2)CC(N[N+](=O)[O-])C1,,,,,
C5397,C(#CC1(CC=C)CNNCN1c1cnncn1)N=[N+]=[N-],,,,,
C5398,C1(O)CCC2CCCCC2(c2nnncc2)C1,,,,,
C5399,N1(C2(C3NCCNN3)CCNN2)CN(C2CCCCC2)CNN1,,,,,
C5400,C1(C(=O)O)N(C2CCNN2)NN(C=C)N1,,,,,
C5401,N1CCN(N[N+](=O)[O-])CN1,,,,,
C5403,C1CC(C2NNNN2)CC(c2nc[nH]n2)C1,,,,,
C5404,C1CC(c2nnncc2)C2CCCCC2(C2NC(N3CCNC3)CCC2)C1,,,,,
C5405,CC1(c2nnnnc2)CCC(C2NNCCC2)CC1,,,,,
C5406,N1NN(c2nncnc2)NCC1,,,,,
C5407,N1C(C#N)CC(O[N+](=O)[O-])CC1CCC,,,,,
C5408,C1N(O[N+](=O)[O-])NNN1,,,,,
C5409,N1C(OO)NC(NC(=N)N)CC1,,,,,
C5410,C1CCC(C2NN(N)NCC2)CC1OO[N+](=O)[O-],,,,,
C5412,N1(CC=C)CCC(N=O)CC1(C1CCC(C)CC1)c1ccccc1C,,,,,
C5413,N1C(C2(c3c[nH]nc3)CCNN2)NCNN1,,,,,
C5414,N1(c2nnn[nH]2)C(OO)NCNN1,,,,,
C5415,CC(C1NCNN1)c1ccc(O)cc1,,,,,
C5416,C1(OO)C(C=C)NNN1,,,,,
C5417,C=CC(=O)OC1CCNN1n1cccn1,,,,,
C5418,CC1(N2CC(c3cc[nH]n3)NN2)CCCCC1,,,,,
C5419,C=Cc1ncn[nH]1,,,,,
C5420,N1CN(N2CCNC2)NCN1C1NC(n2cccn2)CNN1,,,,,
C5421,C(=C)C1CCN(C#N)C(C2C(O)CC(O)CC2)C1,,,,,
C5423,N1N(C(=O)O)C(C(=O)O)C(C2N(C(=O)N)NNNC2)CC1,,,,,
C5424,C(C)C1NCC(C2CCC(O)CC2)N1c1nnn[nH]1,,,,,
C5425,N1NCC(C2NNNCN2)C(C2NNNC(C=C)N2)(c2nncnn2)C1,,,,,
C5426,N1C(c2cnc[nH]2)C(C2NNNNC2)C(C2CNN(C#N)CC2)CC1,,,,,
C5427,C(C(CC1C(O)CCCC1)N=O)CC#C,,,,,
C5428,CC1N(N=[N+]=[N-])NNCC1,,,,,
C5429,C(C#CC1CCCCC1O)C(=O)C,,,,,
C5430,N1CCCCC1c1cnn[nH]1,,,,,
C5431,C1(C2NCC(c3cnccc3)NN2)(C2(N=O)NNCNC2)NNNN1,,,,,
C5432,C1C(N=NO)N(C=O)NN1C1N(C(=O)[N+](=O)[O-])CNN1,,,,,
C5433,N1(N=[N+]=[N-])CCC(C2(C(=O)[N+](=O)[O-])NCNN2)C(C2CC(O)CCC2)C1,,,,,
C5434,C(CCC1NNN(C2CCNN2c2cnnnc2)CN1)NN,,,,,
C5435,N1(C(=O)O)NNN(CCC)CC1,,,,,
C5436,C1(CC(=CC2CCNCC2)c2cc(O)ccc2)CCC(C)CC1,,,,,
C5437,N1C(N2CCCN2N=O)NCNC1n1cccn1,,,,,
C5438,C1C(C=Nc2nccnc2)NNC1,,,,,
C5439,C1CNNC1c1cnnnc1,,,,,
C5440,C1(c2nccnc2)CCC2CCCCC2C1,,,,,
C5441,N1CCN(C2NCNN2)C(NC(=N)N)N1c1ccccc1C,,,,,
C5442,C1CCC2CCCC(c3nncnn3)C2C1,,,,,
C5443,N1CN(OC(=O)NN2CCCN2)CN(c2c(O)cccc2)N1C1NNCNC1,,,,,
C5444,C(C(=C)C1CCCCC1)C1NNCNN1,,,,,
C5445,C1CC(c2nncnc2)CCC1,,,,,
C5446,C(C=C)c1c[nH]nc1,,,,,
C5447,C(C)(C1C(N2CNN(c3nncnc3)N2)C(O)CCC1)OO,,,,,
C5448,C1C(C2NCNN2)(C=C)NCN1,,,,,
C5449,N1CCN(n2ccnn2)CN1,,,,,
C5450,C1CCC2CCCCC2(c2nc[nH]n2)C1,,,,,
C5451,N1C(C=C)NCNC1,,,,,
C5452,C(C)N1CN(N2CCNN2C2CNNC2)N(c2cnc[nH]2)N1,,,,,
C5453,C1CNCCN1O[N+](=O)[O-],,,,,
C5454,N1CCC(O[N+](=O)[O-])C(O)C1,,,,,
C5455,N1NNC(CC)(C2CCCC3C2CCCC3)C(c2ncncn2)C1C=C,,,,,
C5456,CC(=C)N=NOC1C(C(=O)C)CCCC1O,,,,,
C5457,CC=CCC#CN(N)CCC,,,,,
C5458,C(C#Cc1nccnc1)C1(OC(=O)N)CCC(NC(=N)N)C2C1CCCC2,,,,,
C5459,C(CC=N)C1CCC2C(C1)CCCC2,,,,,
C5460,N1C(c2ncncn2)CCCC1,,,,,
C5461,N1(N2CCCN2CC)CNCCC1,,,,,
C5462,C1CC(O)CCC1c1nc[nH]n1,,,,,
C5463,C1CN(C(=O)Cc2nnccc2)N(C2NN(C3NNNCC3)NCN2)C1,,,,,
C5464,C1C(CC2(C3NC(c4nnnnc4)CNN3)CCCCC2)NNN1,,,,,
C5465,N1CCN(C(C)c2nncnc2)CN1,,,,,
C5466,N1C(C)CCC(C2NNCCC2)C1,,,,,
C5467,N1CNN(C2NNNN2N[N+](=O)[O-])CN1,,,,,
C5468,C1(C2(C3NNNN3c3ccn[nH]3)CCNN2)(C2CCC(C)CC2)CCCCC1,,,,,
C5469,N1N(C2CNNC2c2cccc(C)c2)NCCC1,,,,,
C5470,N1CNCN(C(C)C2CC(O)C(CC(C)c3nnn[nH]3)CC2)C1,,,,,
C5471,C1CN(NN)NN1,,,,,
C5472,C1(N=O)CCC(C2CC(c3nncnn3)NN2)CC1O,,,,,
C5473,C1CN(CC=C)C(O)N1,,,,,
C5475,C1CNNC1C1CCC(CC2CCCCC2)(C=N)CC1,,,,,
C5476,N1CNCC(C2NNNNC2C(=O)[N+](=O)[O-])C1,,,,,
C5477,N1CC(N2CNCN2)(C=C)C(C#CC)(N[N+](=O)[O-])CC1,,,,,
C5479,N1CCCC(C2NNN(N=N)NC2C2(OO)CNNNC2)C1,,,,,
C5480,CC#CC(=O)C1CC(C2NNNCC2N=NO)CCC1,,,,,
C5482,N1(c2ncn[nH]2)C(C2CC(C3CCCCC3C)C3C(C2)CCCC3)NCN(C2CNNN2)C1,,,,,
C5483,C(C1CCCCC1)N=N,,,,,
C5484,CC1CCCCC1c1cnncn1,,,,,
C5485,C1CNC(c2c[nH]nc2)N1,,,,,
C5486,N1C(C2N(C(=O)[N+](=O)[O-])C(C3CC(O)CCC3[N+](=O)[O-])NCN2)NCNC1,,,,,
C5487,C(C#Cc1ncn[nH]1)C1CNNN1,,,,,
C5488,N1CCNC(c2ccc3ccccc3c2)N1,,,,,
C5490,C1(C2CNNNC2)(c2ccc(O)cc2)C(CCC)NNC1C1NCCN1,,,,,
C5491,N1CCNCN1c1cnnnc1,,,,,
C5492,C1CNC(c2c(O)cccc2)CN1,,,,,
C5493,C(C(=O)N)(C=CC(=O)C)C#CC,,,,,
C5494,N1C(c2ccncc2)NCN(C=C)N1,,,,,
C5495,CC=Cc1ccncc1,,,,,
C5496,N1NCC(N=NO)CC1N1CNNN1,,,,,
C5497,CC1CCCC(C2NNNCC2C2NN(N=N)C(C=O)NN2)C1,,,,,
C5498,C(C1CCC(C=CC)CC1C=C)NN,,,,,
C5499,N1CN(C2C(CC=C)CC3C(C2)CCCC3)CNC1,,,,,
C5500,CC(=C)C1N(c2cnccc2)CNN1,,,,,
C5501,C(C)c1nncnn1,,,,,
C5502,N1C(OO)N(CCC2CCCCC2)CCC1,,,,,
C5503,C1(c2c[nH]cn2)CCC(O)CC1,,,,,
C5505,C1(C2(CCCc3ccccc3O)CC(O)CCC2)CCCCC1,,,,,
C5506,N1CC(c2nccnc2)NCN1,,,,,
C5507,C(=CC(=CC(=O)C)NN)c1cnncc1,,,,,
C5508,N1(CC#C)CC(c2ccc(C)cc2)NCN1C1CCNCC1,,,,,
C5509,CC#CC1N(C#N)NCN(C(=O)[N+](=O)[O-])N1,,,,,
C5510,N1(C2CCC3C(c4nncnn4)CCCC3C2)CCNCN1,,,,,
C5511,C1(c2c[nH]nn2)CCC2CCCCC2(NNC(=C)C2NCCCC2)C1,,,,,
C5513,C1CCC(N[N+](=O)[O-])CC1,,,,,
C5514,CC(=C)C(C=C)C1CCNN1c1nncnc1,,,,,
C5515,C=CC1CN(C2CNNN2)NN(OC(=O)N)C1,,,,,
C5516,CC(C=CC)C1C(c2nnccc2)N(C2NNCNC2)CN1,,,,,
C5517,N1CN(CC=C)C(C2CCN(c3cnc[nH]3)CC2CC)CC1,,,,,
C5518,CC#CC(=O)N,,,,,
C5519,CC1(c2cnncc2)CCCCC1C(=O)[N+](=O)[O-],,,,,
C5520,N1CNCN(N2CNNN2OC(=O)N)C1C(=O)C,,,,,
C5521,N1C(C2CCC3CCC(c4ccc(C)cc4)CC3C2)NNC(C(=O)[N+](=O)[O-])N1,,,,,
C5522,C1(C2NCN(NN)N2)CNCN1,,,,,
C5523,N1CNC(C)NC1(C(=O)N)C1CCNN1,,,,,
C5524,C1(N)CNNN1C1NCCNN1,,,,,
C5525,CC1([N+](=O)[O-])CCC(c2c[nH]cn2)CC1(C1NNCCC1)CCC,,,,,
C5526,N1CN(c2cc(O)ccc2)NC(C2N(N)C(C3CNCCC3)CNC2)N1,,,,,
C5528,C1CC(c2ncc[nH]2)C2CCCCC2C1(C1C(C2CNNCN2)CNN1)C1NCCNN1,,,,,
C5530,C1(C(=O)N)NC(N2C(C=O)CNC2)N(N)N1,,,,,
C5531,N1(C=CC)N(C2NCNN2)N(C2NNNN2)CCC1,,,,,
C5532,N1(N2CC(N[N+](=O)[O-])(c3cnncn3)NN2)NNNCC1N=O,,,,,
C5533,C1NNNN1C1CN(C2NCNN2)NN1C1CCC2C(C1)CCCC2c1ccn[nH]1,,,,,
C5534,N1(c2nc[nH]n2)C(N=[N+]=[N-])(N=NO)CC(C2NNCNN2)CC1,,,,,
C5535,N1CN(C2CC(Oc3c(O)cccc3)CC(C)C2)CCC1,,,,,
C5536,CC1(C2CNN(OO)N2)CCCCC1,,,,,
C5538,N1(c2ccc3ccccc3c2)CCNCN1,,,,,
C5539,C1CC(C=N)C(C#N)(c2cnncn2)CC1(O)C(=O)O,,,,,
C5540,C1(n2cnnn2)CNNC1(N)C1CNNN1C=O,,,,,
C5541,N1(C(=O)CC2CCCCC2(C)c2ncccc2)NNCCC1,,,,,
C5542,C1NN(C2N(CC(C)c3nccnn3)CNN2)NN1,,,,,
C5543,CC#CC(CCC1NNNC(c2c[nH]cn2)N1)O[N+](=O)[O-],,,,,
C5544,C1(C2(C3CC(O)CCC3)CCCC(C)(C=CC)C2)CNNN1,,,,,
C5545,C1CCC2CC(c3cnccc3)CCC2C1,,,,,
C5546,N1CNCNC1c1nccnn1,,,,,
C5547,N1C(c2ccc3ccccc3c2)CNC(O)N1,,,,,
C5548,N1CN(N2C(C3NNNCC3)CN(c3ccc4c(c3)cccc4)N2)CN(C2NCCNN2)N1,,,,,
C5549,C1CN(C2C(C3CCCC(C)C3)CCC3C2CCC(O[N+](=O)[O-])C3)NN1,,,,,
C5550,C1N(n2cnnn2)CNN1,,,,,
C5551,C1CN(C)NC1,,,,,
C5552,N1(C=C)CNCNC1,,,,,
C5553,C1C(c2nncnn2)C(C2C(O)CCCC2)CCC1C1CNNCN1,,,,,
C5554,N1(C(=O)NC2NCCCC2)CNCN(CC=C)N1C(=O)O,,,,,
C5555,CC(C)(C=N)C1CC(O)CC(n2cccn2)C1,,,,,
C5556,C1C(c2nnnnc2)CCC(OO)C1OC(=O)N,,,,,
C5557,C1C(C(C(C2CNNCC2)C=N)OC(=O)N)NCN1,,,,,
C5558,N1(C(=O)C)CN(C=N)NC(C2CCC(O)CC2)N1,,,,,
C5559,C1(CC2CCC(c3nnnnc3)CC2)CCCCC1,,,,,
C5560,C1CNNC1(C1(N=O)NNCNN1)C1CCCC2C1CCCC2,,,,,
C5561,C1CN(NN)C(N2CCCN2)CN1Oc1nnccc1,,,,,
C5562,CC1C(C2NC(N3CCNN3CC=C)CNN2)CCCC1,,,,,
C5563,N1CC(c2cc[nH]n2)C(C2NCCCC2)CC1,,,,,
C5564,C(C(=C)CC=C)(C1CNNC1)OO,,,,,
C5565,N1CNCNN1C1(C2CCCCC2)NNNNC1,,,,,
C5566,C1CN(C2CC(OO)NN2c2ncccc2)NN1N=N,,,,,
C5567,C1(C2NNN(OO)NC2C2CNNCN2)(n2cncn2)NNNN1,,,,,
C5568,C1(C=O)CN(c2nc[nH]n2)NN1,,,,,
C5569,C1CN(C#C)N(C2CCC3(C4CCNN4)C(C2)CCCC3)C1,,,,,
C5570,CCC1NCNC(C2CNNC2C(=O)[N+](=O)[O-])N1N=N,,,,,
C5571,N1CNCNN1c1cnnnc1,,,,,
C5572,N1NNCC(OC(=O)N)C1,,,,,
C5573,C(#Cc1nnn[nH]1)C#N,,,,,
C5574,C1(O)CNNC1N=NO,,,,,
C5575,N1(c2nnncc2)CCNCN1,,,,,
C5576,N1C(CC)NCNC1,,,,,
C5577,CCc1c[nH]cn1,,,,,
C5578,C=C(C(=O)OC1NNNCC1CC=C)c1ncccc1,,,,,
C5579,C1(C2NN(C)NC(n3cncn3)N2)CNNC1,,,,,
C5580,C1(NN)CC(Cc2ccccc2)C2CCCCC2C1,,,,,
C5581,C1C(c2cnnnc2)CCCC1OC=C,,,,,
C5582,CC(=C)C1CN(N=[N+]=[N-])NCC1N[N+](=O)[O-],,,,,
C5584,C1CCC2(CC3CCCCC3)C(CC(=C)OC(=O)N)CCC(OC(=O)N)C2C1,,,,,
C5586,C(=CC1(c2cc(O)ccc2)CNNC(C2NCCNC2)N1)C(=O)O,,,,,
C5587,C1(c2c[nH]nn2)CC(C2NNCCC2)CC(CC2CCCCC2)C1,,,,,
C5588,N1N(N)N(C=C)CCC1Cc1ccccc1,,,,,
C5589,N1CCN(C#CC)C(C2NCNN2)(CCC)N1C(=O)O,,,,,
C5590,C1(N=O)C(n2ccnn2)NNC1,,,,,
C5591,C1CCCC(C2(N3CCN(c4ncccc4)C3)CCC3C(C2)CCCC3)C1C1CNCN1,,,,,
C5592,N1N(C2CNN(C3NCCNN3)CC2)CCC(OC(=O)N)C1N[N+](=O)[O-],,,,,
C5593,C1CC(C2CN(C3CCNCC3)CN2)C2CCCC(C(CC)n3cncn3)C2C1,,,,,
C5594,C1(c2nncnn2)C(C(=O)O)C(CC=CC(=O)[N+](=O)[O-])CCC1,,,,,
C5595,C1CC(C2CCC3C(C2)CCCC3)C2CCCCC2(C(C=Cc2ccc(O)cc2)C2NNNN2)C1,,,,,
C5596,CC1CCC(N[N+](=O)[O-])CC1C1NNNN1,,,,,
C5597,C1CNCCN1N=N,,,,,
C5598,CC1CCCCC1c1c[nH]cn1,,,,,
C5599,N1(C2NC(C#CC)CNN2)CNCNN1,,,,,
C5600,N1CCC(C2CCC(O)(C=O)CC2)C(C2NNNCC2)C1,,,,,
C5601,N1C(NC(=NC2C([N+](=O)[O-])NNCC2)N)CNCN1c1nnnnc1,,,,,
C5602,N1C(C2(C3NCNN3)CCNCC2)NCC(c2ncccc2)C1,,,,,
C5603,N1C(N=[N+]=[N-])NCN(C(=O)O)N1,,,,,
C5604,N1CNC(CCC)CC1,,,,,
C5605,C=CC1NCNN1c1cnncc1,,,,,
C5606,C1CCCCC1Oc1c[nH]nc1,,,,,
C5607,N1N(N2CCC(c3cnn[nH]3)N2)NNCC1,,,,,
C5608,N1CN(C2NC(C#CNC(=N)N)NN2C=CC)CNN1,,,,,
C5609,CC(=Cc1ccncc1)C1NNCCC1,,,,,
C5610,C#CCC=CC1CNCC(NCC#C)C1,,,,,
C5611,C(C(CC1CCCCC1C)O)c1nnccc1,,,,,
C5612,C(C(=O)[N+](=O)[O-])C1(C=N)NNNCC1,,,,,
C5613,C1(C2(C3CNNNC3)NNNCN2)(C2CCNCC2)NNNN1C(=O)C,,,,,
C5614,N1CCCC(C2NCCN2)(CC=C)C1,,,,,
C5615,C1C(C(=O)OCC=CN([N+](=O)[O-])c2ncncn2)CCCC1O,,,,,
C5616,C1(c2ccc3c(c2)cccc3)C(N=N)CCCC1,,,,,
C5617,C1(c2ccn[nH]2)CNNN1,,,,,
C5618,C1CCC(C2C(N=N)CN(C#C)N2)CC1,,,,,
C5619,C(#COO)C(=O)O,,,,,
C5620,N1NNC(C(=O)C)C(OO)C1N1CNNN1N=[N+]=[N-],,,,,
C5621,C1CN(CCC)NC1N([N+](=O)[O-])C1CCCCC1c1c[nH]nn1,,,,,
C5622,C(C1CNNN1)N1C(C2CC(N[N+](=O)[O-])CCC2)CCN1,,,,,
C5623,C(#CC1NNCNC1)OC=CC,,,,,
C5625,CC1(C2(C)NNC(c3ccncc3)N(C3CNNN3)N2)CCCCC1,,,,,
C5626,C1C(C2CCC3CCC(C4C(O)CCCC4)CC3(O[N+](=O)[O-])C2)C([N+](=O)[O-])CCC1,,,,,
C5627,N1CNC(c2cnc[nH]2)NN1,,,,,
C5628,C1NN(c2ncccc2)NN1,,,,,
C5629,N1C(C2(N=NO)CCNCC2)NCCC1,,,,,
C5630,C#CC1N(Cc2ccccc2)CNN1,,,,,
C5631,C=Cc1c[nH]cn1,,,,,
C5632,C1(C#CC)CN(C2CCC3CCCC(N=[N+]=[N-])C3C2)NN1,,,,,
C5633,C1C(c2nncnc2)CCCC1(O)C#N,,,,,
C5634,N1NN(CC=C)CCC1N1CNC(C2C(c3ccc4ccccc4c3)NNCC2)N1,,,,,
C5635,C1(c2c(O)cccc2)N(C=C)CN(C(=O)O[N+](=O)[O-])N1,,,,,
C5636,C1C(C#CC)N(C=O)N(n2cccn2)N1,,,,,
C5637,C(C(=C)C1CNN(N)N1)C1NCNCN1O,,,,,
C5638,C(C)C1(N)CNNN1,,,,,
C5639,CC1(c2ncn[nH]2)CCCC(C2CNCN2)(CC=C)C1,,,,,
C5641,C1(C(=O)[N+](=O)[O-])N(NNC(=O)N)NNN1,,,,,
C5642,N1CN(NC(=N)N)CNN1C1([N+](=O)[O-])N(C)NCCC1,,,,,
C5643,C1CCC2CCCC(C3CCC(C)(C=N)CC3)C2C1C#N,,,,,
C5644,C(=C)(C1CNNCC1)c1cccc(C)c1,,,,,
C5646,C1(CCC)CC(c2nnn[nH]2)CCC1O,,,,,
C5648,C1(C2NN(N=[N+]=[N-])CNC2C(=O)[N+](=O)[O-])CCCCC1O,,,,,
C5649,CC(C)c1nnnnc1,,,,,
C5650,C1CC(OCC(C)C=C)C(O)CC1,,,,,
C5651,C(C=C)N[N+](=O)[O-],,,,,
C5652,CC#CC#CC,,,,,
C5653,N1(C2CCCCC2)CC(C2NNCNN2)CCC1c1cnnnc1,,,,,
C5654,C1(C=N)CN(C2CCC(c3cnncc3)C3C2CCCC3)NN1C1NCCCC1,,,,,
C5655,C1NNN(C2NCCNN2)N1C=O,,,,,
C5656,C(=C)C(=O)CC1C(O)CCCC1O,,,,,
C5657,CC(=C)N(N)C1CN(O)CN1,,,,,
C5658,N1CCCC(c2c[nH]nn2)C1,,,,,
C5659,CC#CC=NOC(=O)Oc1cc[nH]n1,,,,,
C5660,C1N(C2(C3NCCNC3)NCNCN2C2NC(CCC)CCC2)NNN1,,,,,
C5661,C(C=C)C1CCC2C(C1C1NNCNC1)CCCC2(C1CNCN1)CC=C,,,,,
C5662,Cc1nnnnc1,,,,,
C5663,C1CC(C2(CC3CCCCC3)NNN(n3cccn3)CN2)C2(C3CNCN3)CCCCC2C1,,,,,
C5664,C1CNN(C2CC(n3ccnc3)C(C)(C3NNCCC3)CC2)N1,,,,,
C5665,N1CNNC(CC(CC)N=O)N1C1CCC(C)CC1,,,,,
C5666,CC(=N)n1cccn1,,,,,
C5667,N1CNC(OC(=O)N)NC1,,,,,
C5668,C1CCC2(c3nnncn3)CCCCC2C1,,,,,
C5669,C(C#CCc1ccccc1)C1CCC(CC#C)CC1N=[N+]=[N-],,,,,
C5670,C1CN(C2CNN(c3cccc(C)c3)CN2)C(N=N)CN1,,,,,
C5671,C1NCN(C)N1c1cnnnc1,,,,,
C5672,C1C(c2ncc[nH]2)CCCC1,,,,,
C5673,C1CNCCN1C1CCCC2C1(O[N+](=O)[O-])CCC(C=O)C2,,,,,
C5674,N1CNC(c2nnnnc2)NN1,,,,,
C5675,C(C#C)C1CCNCC1C=Cn1cccn1,,,,,
C5676,C1NCNN1C1N(N=NOC2CNNN2c2cnnnc2)NCNC1,,,,,
C5677,C1CNC(C(=O)C)N1,,,,,
C5678,C=C(CCC)C1(n2cncn2)CCC2C(C1C=CC)CCCC2,,,,,
C5679,CC1(C2(OC(=O)N)CCC(O)(C3CNNCC3)CC2)CCCCC1,,,,,
C5680,C(CCO)C1C(c2cnccc2)CNCC1,,,,,
C5681,C1CN(C(=O)O)NN1C=C,,,,,
C5682,C1CCC(C2CNNC2)C(C2CNNC(c3ncccc3)N2C2NCCNN2)C1,,,,,
C5683,C(C)C1(C2NNNCN2)N(N=N)N(O)NCN1,,,,,
C5684,N1(c2ccc(C)cc2)CNNCN1,,,,,
C5685,N1CC(OO)CCC1,,,,,
C5686,C1(CC=C)(C(=O)[N+](=O)[O-])N([N+](=O)[O-])CNN1,,,,,
C5687,C1CCCCC1N=NC=CC,,,,,
C5688,C(#CC(=O)ON1CCCN1)c1nnnnc1,,,,,
C5689,C1CNNN1C(=O)On1cnnn1,,,,,
C5690,N1C(n2cnnn2)CNCN1,,,,,
C5691,CCC1(c2nnncc2)NCCNC1,,,,,
C5692,CC#CC#N,,,,,
C5693,N1CNC(C2CC(O)C(c3ccc4c(c3)cccc4)CC2C)NC1,,,,,
C5694,N1CN(N=O)C(c2ccn[nH]2)CC1,,,,,
C5695,N1CNCN(c2ncncn2)C1,,,,,
C5697,N1C(C2NNNC(c3ccn[nH]3)N2)CCCC1,,,,,
C5698,C=CC1NCN(C2CCC3CC(N[N+](=O)[O-])CCC3C2)N1C1C(O)CCCC1,,,,,
C5699,C1CCCC(N2CCC(C3CNN(CCC)N3)N2)C1,,,,,
C5700,N1(C#C)CNCNC1O,,,,,
C5701,C(CC1NCNN1)n1cncn1,,,,,
C5702,N1CNC(n2ccnc2)CC1,,,,,
C5703,N1(N[N+](=O)[O-])C(c2ncncn2)C(O)CCC1,,,,,
C5704,N1CN(C2(N=O)CCNN2)C(c2nnnnc2)CC1,,,,,
C5705,C(CC)C1C(C2NCNN2N=O)NCN1,,,,,
C5707,N1(c2ccccc2O)CNNCN1,,,,,
C5708,CC=CN=NN=Nc1nccnc1,,,,,
C5709,C1(C(=O)O)C(C2NCC(CC)N2)N(C#N)CCN1,,,,,
C5710,N1CN(C2(C3C(O)CNCC3)NCCNC2[N+](=O)[O-])NCN1,,,,,
C5711,CC(=C)C1NN(C#N)NCC1,,,,,
C5712,C=Cc1ncn[nH]1,,,,,
C5713,N1NCC(NNNN)CC1,,,,,
C5714,CCC1(C2NNCC(C(=O)C)C2c2nccnn2)NCCNC1,,,,,
C5715,C1(C2CC(c3nnncc3)C3C(C2)CCCC3)CN(C(=O)[N+](=O)[O-])N(N2CNCN2)C1,,,,,
C5716,C(C1(c2cnc[nH]2)CCCCC1)C1CCNN1,,,,,
C5717,C1NC(c2cnc[nH]2)NN1,,,,,
C5718,CC#CN,,,,,
C5719,C1NN(C2CCNN2)NN1c1cnn[nH]1,,,,,
C5720,C1NNN(n2cccn2)N1,,,,,
C5721,C(C(C)(N=NO)C(=O)O)c1ncn[nH]1,,,,,
C5722,N1N(C2NNCC(c3nnncc3)C2C2CNNN2)CCCC1,,,,,
C5723,CC#CC(C=CC=C)N=NO,,,,,
C5724,CC1([N+](=O)[O-])C(C(=O)O)CCCC1,,,,,
C5725,C1(c2ccc3ccccc3c2)CNNN1,,,,,
C5726,N1(N2CNCN2)NNN(C(=O)N)CC1c1nccnc1,,,,,
C5727,C1C(C2CCC(n3cnnn3)CC2)(N[N+](=O)[O-])CCCC1O,,,,,
C5728,N1C(N)NC(N=[N+]=[N-])C(O[N+](=O)[O-])C1,,,,,
C5729,C1NN(Cc2ccccc2)NN1,,,,,
C5730,N1C(c2cccc3c2cccc3)NCN(C2NCCNN2)C1,,,,,
C5731,C1C(c2nccnc2)N(C)NC1,,,,,
C5732,C1(c2ncc[nH]2)CCC2CC(C3CCNN3)CCC2C1,,,,,
C5734,C#CCC1(C2NNNNC2)C(C2(OO)NNNNC2)CCCC1,,,,,
C5736,C#CC1(NN)NNCNN1,,,,,
C5737,CC(=C)c1ncc[nH]1,,,,,
C5739,C(CC=N)C1(C=CC)CNNC1,,,,,
C5740,N1CNC(OO)NN1,,,,,
C5742,C1NNN(c2nnncc2)N1,,,,,
C5743,N1NCC(C2(C3CNCN3)CC(O)(C3NN(c4ccc5ccccc5c4)NCN3)CCC2)CC1,,,,,
C5744,CC(C1CCNCC1)C1NCCN1C1CCNN1c1nccnn1,,,,,
C5745,N1C(CC)NNCN1,,,,,
C5746,C1(C)(C2CNNN2)CCC2CCCCC2(c2cnnnc2)C1,,,,,
C5747,C(C#C)(C1NNNCC1)N=NO,,,,,
C5748,N1N(C2(C#C)CCCCC2C)NCCC1,,,,,
C5749,N1NCCC(C2NNNC(c3cnccc3)C2C=O)C1,,,,,
C5750,CCC(N1CN(C(=O)O)NN1)C1NNCNN1,,,,,
C5751,N1NNNC(c2ccc(O)cc2)C1,,,,,
C5752,N1(C(CC)(C2NCNCN2)N=N)C(N)CNCN1,,,,,
C5753,C1(N=NO)NNNN1,,,,,
C5754,N1CC(c2ncccc2)CCC1,,,,,
C5755,C(C=C)C(=O)Nc1ccncc1,,,,,
C5756,C1CNC(c2nnncn2)CN1,,,,,
C5757,C1C(C2(CC#C)CCNCC2)N(C(=O)N)C(N)N1,,,,,
C5758,C1C(C2CCCC(C)C2)C(C2CNNC2)(c2cnncc2)CCC1,,,,,
C5759,C(C#CC1C(C2CNCCC2)NNN1O[N+](=O)[O-])C(=O)N,,,,,
C5760,C(C1CCCCC1)(C1CCC(C)CC1)C=N,,,,,
C5761,C#CC1C(NN)C(C=C)NCC1,,,,,
C5762,C1C(C2NC(C=CC)CNN2[N+](=O)[O-])CCCC1,,,,,
C5763,N1CNCNC1C1NC(c2ncn[nH]2)CCC1,,,,,
C5764,N1(N=N)CNC(C2CNNN2)N(C2CCCC3C2CCCC3)C1,,,,,
C5765,C1(O[N+](=O)[O-])NNNN1,,,,,
C5766,CC#CC1(C2CCC3(C#C)C(C2)CCCC3)CNNN1,,,,,
C5767,CC(=C)N1CNNN1C(=O)[N+](=O)[O-],,,,,
C5768,C1CN(c2ccncc2)CN1,,,,,
C5769,N1(C2CCC(OON=NO)C(C)(N)C2)CNCNN1,,,,,
C5770,C1(CC#Cc2cnccc2)CNC(C(=O)N)N1C,,,,,
C5771,CC1C([N+](=O)[O-])C(OC(=O)[N+](=O)[O-])(N)CCC1,,,,,
C5772,C(C1CCCCC1)(C1CNNN1)C1NCCN1C(=O)O,,,,,
C5773,C1NCN(C(=O)C)N1,,,,,
C5774,C(=C)(C1CCCC(C)(CCC(=O)[N+](=O)[O-])C1)C=CC,,,,,
C5776,N1(C#N)NNCCC1,,,,,
C5777,N1NNN(N(N)O)CC1,,,,,
C5779,C1CNN(C2C(C3CCN(c4nnn[nH]4)N3)CCC(C)C2)N1,,,,,
C5780,N1NC(NC(=N)N)CCC1,,,,,
C5781,N1(C)CC(C2CCC(O)CC2)C(c2cccc(C)c2)CC1,,,,,
C5783,C(CCOO)OOc1nnncn1,,,,,
C5784,C(C)C1NNN(C2NC(CC#C)NN2)N1,,,,,
C5785,C1CNCC(OC(=O)N)(C#N)N1,,,,,
C5787,N1(C2(C3NNCNN3)C(C=CC)NNNC2)NCCCC1,,,,,
C5788,C1CCC2C(C3N(C(=O)O)CNCN3)CCCC2(C2CNNN2)C1,,,,,
C5789,C1N(c2nnccc2)NNN1,,,,,
C5790,C1CC(n2cncn2)CCC1(O)C1CC(O)CCC1,,,,,
C5791,C1C(O[N+](=O)[O-])NNC1,,,,,
C5792,N1CNCN(C(=O)[N+](=O)[O-])C1C=CC,,,,,
C5793,N1NN(C=C)NC(c2c[nH]nn2)C1,,,,,
C5794,N1(C(=O)ON2CN(c3nnn[nH]3)NN2)CNCNN1OC(=O)N,,,,,
C5795,C1(NO[N+](=O)[O-])NCNN1,,,,,
C5796,N1CNCNN1C(=O)OC1NCN(N2CCNC2n2cnnn2)CN1,,,,,
C5797,C(C#CC1CCC(O)C(c2c[nH]nc2)C1)C#C,,,,,
C5798,N1C(C#N)CN(CCCCc2ccccc2)CN1C,,,,,
C5799,C1(C2CN(c3cnc[nH]3)NCN2)C(C#N)N(C2NNCCC2)CN1,,,,,
C5800,N1NNN(C=CC)CC1C1N(C)NCNC1,,,,,
C5801,CC#CC1(C2CNNN2c2nccnn2)NN(C2CNNCC2)CNN1,,,,,
C5802,C(CC(=C)c1ccc2c(c1)cccc2)N1CCNC1,,,,,
C5803,N1(C2CCC3C(c4ccc5ccccc5c4)(C2)C(NN)CCC3)CNCN(C#CC)N1,,,,,
C5804,C1CNCC(CC)N1,,,,,
C5805,CC(C)c1c[nH]nc1,,,,,
C5806,CC1CC(c2ccncc2)CCC1,,,,,
C5807,C1CNC(N2CC(N)NN2)(C2CCNN2)N1c1ccc2ccccc2c1,,,,,
C5808,C(C=C)C1(N=O)CCCCC1C,,,,,
C5809,C1N(C2CNNCC2)N(C2([N+](=O)[O-])CNCN2)NN1,,,,,
C5811,C1C(C2CCC3(C#N)C(c4nccnc4)CCCC3C2)NNC1,,,,,
C5812,C1(C2NNNCN2)CC(C#N)CCC1(O)O,,,,,
C5814,N1CNCCC1C1CCC(Oc2c[nH]nc2)CC1,,,,,
C5815,C1NNNN1c1cnncn1,,,,,
C5816,CCCC1(N2CCNN2)NNNCC1N=NO,,,,,
C5817,N1CNCN(CC(CN)C(=O)O)N1,,,,,
C5818,CC1CC(c2ncncn2)CCC1,,,,,
C5819,N1(C(=O)O)N(C(=O)N)CCC(N[N+](=O)[O-])C1,,,,,
C5820,CCCC#CCOO,,,,,
C5821,C1CCCCC1NC(=N)N,,,,,
C5822,N1(C2(CC#C)NNNNC2)CNCNN1,,,,,
C5823,CC1(C2NCCNN2)CN(C2(c3c[nH]cn3)CCNCC2)NN1,,,,,
C5824,CCc1nccnc1,,,,,
C5825,N1(C=CC)CN(C2CCC(C3CNNC3)C3C2CCCC3)NCN1,,,,,
C5826,N1NN(C2CCNN2)NC(c2cc[nH]n2)C1,,,,,
C5827,N1(N(C(=N)N)C2NCNN2)C(N=[N+]=[N-])NCC(C2CNCCC2)C1,,,,,
C5828,C1N(n2cnnn2)N(C2CCNCC2)NN1,,,,,
C5829,C1C(C#N)NCN1,,,,,
C5830,C(CCc1c[nH]nc1)C1CC(C2CCC3CCCCC3C2)CC(C)(C2CNNNC2)C1,,,,,
C5832,C(C)(C1C(C2NCNN2)NNCN1)C1NCN(c2cnn[nH]2)N1,,,,,
C5833,N1N(C2N(C#C)NNCC2)N(C)CCC1,,,,,
C5834,N1CC(CC)NCN1,,,,,
C5835,C=Cc1cccc(C)c1,,,,,
C5836,CC(=CC1CNNN1N=[N+]=[N-])C#C,,,,,
C5837,N1(c2cnncc2)CCNCN1,,,,,
C5838,N1CN(c2cc(O)ccc2)CNN1,,,,,
C5839,C1(c2c(O)cccc2)NNNN1,,,,,
C5840,N1(c2nncnn2)NNNCC1,,,,,
C5841,N1N(C2CCC3C(C2)CCCC3)NCC(C2(C3NNNNC3)N(n3ccnn3)NCCC2)C1,,,,,
C5842,N1(C2NN(c3ncc[nH]3)NCC2)CNCNN1,,,,,
C5843,C1(C)CCC(CO)(C2NCCN2)CC1O,,,,,
C5844,C#Cc1c[nH]nn1,,,,,
C5845,N1(C2NNNN(n3cncn3)C2)CC(C2NCNN2)NCN1,,,,,
C5846,C1CCC2CC(NC(=N)N)CCC2(C2N(c3cnncc3)NNCC2)C1,,,,,
C5847,C1CCC(C2NCCN(c3nnccc3)N2)(C2(C(=O)C)CNNCC2)CC1,,,,,
C5848,N1C(C2NCNN2C2CNN(C)C2)(CC#C)NNCN1,,,,,
C5849,C1CCC(C2C(N3CNNN3)N(C(=O)C)NN2)CC1C1CNNC1,,,,,
C5850,C(C#C)C(C(=O)[N+](=O)[O-])C1CC(O)(C(=O)O)CCC1,,,,,
C5851,N1(C=N)C(OO)NC(NN)NN1,,,,,
C5852,C1C(C2CCC3(c4ccccc4C)C(C2)CCCC3)CCCC1O,,,,,
C5855,N1N(C2(c3cnccc3)CNNCC2)CCCC1,,,,,
C5856,C(C)c1ccc(C)cc1,,,,,
C5857,CC1CCC(O)CC1n1cncn1,,,,,
C5858,CCCC(=N)c1ccccc1O,,,,,
C5859,N1CCN(C(C)c2cnncn2)C(C)N1N1CCCN1,,,,,
C5860,C1CN(C2CCC(OCC#C)CC2)C(N=NO)N1C1C(O)CCCC1,,,,,
C5861,N1(c2ncc[nH]2)CN(C2CNNC2)CNN1,,,,,
C5862,CC1CCC(C2CNNN2)(C2CNNN2)CC1(O)c1ncccc1,,,,,
C5863,C(C)n1cccn1,,,,,
C5864,N1(c2nncnc2)CCNCN1,,,,,
C5865,C(#C)C1(C(=O)O)C(OC(=O)NCC2CCCCC2)CC(C)CC1,,,,,
C5866,C1C(C(=O)N)CC(C2CCCCC2C)CC1(O)c1cccc2c1cccc2,,,,,
C5867,C1(C(=O)C)CNC(C(=O)[N+](=O)[O-])CN1,,,,,
C5868,C1NN(C2NNNN2)NN1N,,,,,
C5869,Cc1nncnn1,,,,,
C5870,N1NN(C2C(O)C(c3cnn[nH]3)CCC2)N(N2CCNN2)CC1,,,,,
C5871,C1C(C2NCNN2)N(N2CCNC2)NC1C1CN(C(=O)N)NC1,,,,,
C5872,CC1C(C2CN(N3CNNN3)C(C3NCCN3c3c(O)cccc3)N2)CCCC1,,,,,
C5873,N1CNNC(N=O)N1,,,,,
C5874,N1CC(N2CN(C(=O)O)C(O)N2)CCC1,,,,,
C5875,N1CNCCC1N=[N+]=[N-],,,,,
C5876,C1NC(N2CNNN2)NN1C=CCc1nnncn1,,,,,
C5877,C1CNNN1C1CCCC(C)(CCC)C1(N)CC,,,,,
C5878,N1NCC(n2ccnn2)CC1,,,,,
C5879,N1N(C2CN(O[N+](=O)[O-])NN2)NCCC1,,,,,
C5880,N1(C(=O)[N+](=O)[O-])N(C#CC)NNC(N2CCNC2)C1,,,,,
C5881,C1NN(NC(=NCC)N)NN1,,,,,
C5883,C1CNC(c2cc(O)ccc2)N1C1CCC2C(C1)CC(C1CNCCC1)C([N+](=O)[O-])C2,,,,,
C5884,C1C(C2(C3CCC(C)C(C4CNN(N=N)CN4)C3)CNCN2)NNC1,,,,,
C5886,N1NNN(C2CN(c3nccnn3)N(N=NO)C2)CC1,,,,,
C5887,N1CC(C2CCCCC2)N(c2cnncc2)CN1,,,,,
C5888,CC(C(C)N=N)N1C(C#CC)CNC1,,,,,
C5889,C1NCNN1c1ccncc1,,,,,
C5890,C1C(C2NC(c3cnncc3)CNC2)CC2CCCCC2C1,,,,,
C5891,C1CCC(C=N)C(c2cc(O)ccc2)C1(O)C1CCCC2C1CCCC2,,,,,
C5892,N1C(C2CCCCC2)CCC(C=N)C1,,,,,
C5893,C1(C2(N3CNCN3)N(c3cccc4c3cccc4)CN(C(=O)O)N2)CNNC1,,,,,
C5894,N1(c2ccccc2C)NNC(C2N(C=O)NNCN2)C(C2C(O)CCCC2)C1,,,,,
C5895,N1(C2N(c3ncccc3)CNN2)CNCNC1,,,,,
C5896,C1CCC2(C3C(c4cnnnc4)NCCC3)CC(C(=O)N)CCC2C1,,,,,
C5897,N1C(C2(C3CCCCC3O)NNNN2)NC(N)N(N[N+](=O)[O-])C1,,,,,
C5898,C1CNCCN1n1ccnn1,,,,,
C5899,C1C(CC(C)c2nnncn2)NNC1C1CNC(C#C)N1,,,,,
C5900,CNN,,,,,
C5901,C1CCCC(C#CC)C1(C1N(C)CCCC1)C1NCNCN1,,,,,
C5902,N1NCC(C(=O)O)CC1,,,,,
C5903,C1(C2C(n3ccnn3)NNCC2N=[N+]=[N-])(C2CCCC3C2CCCC3)CNNC1,,,,,
C5904,Cc1cnncn1,,,,,
C5905,CC(=C)C(=O)ON=N,,,,,
C5906,N1CCC(N2CNCN2)C(c2ccncc2)C1,,,,,
C5907,C1(C2CCNN2)N(C=C(C)C2CCC3CC(n4ccnn4)CCC3C2)NNN1,,,,,
C5908,C1CN(C(=O)C)CC(c2ccccc2O)N1N=[N+]=[N-],,,,,
C5909,C1CC(NC(=N)N)(c2ccncc2)CCC1,,,,,
C5911,CC(=C)c1cccc(C)c1,,,,,
C5912,C1CCCCC1C1NNN(c2nncnn2)N1,,,,,
C5914,N1N(C(=O)N)N(C2CCC(Cc3ccc(C)cc3)CC2)NC(C2CCC3C(C2)CCCC3)C1,,,,,
C5915,CCCC1CC(O)C(c2ccncc2)CC1,,,,,
C5916,N1(c2nnccc2)C(C2CN(C)NC2)NCNN1,,,,,
C5917,CC(N1CNCN1C1NNCNN1c1cnnnc1)N,,,,,
C5918,N1CNNC(OC(=O)N)N1c1ncc[nH]1,,,,,
C5919,N1CC(CC)CCC1,,,,,
C5920,C(=C)OO,,,,,
C5921,N1CN(C=C(C)C2CCCCC2)CNN1C1NCNN1,,,,,
C5922,N1(c2nnnnc2)C(N=NO)CN(C=N)CN1,,,,,
C5923,N1NC(Cc2ccccc2)CCC1,,,,,
C5924,C(C1NCNN1)N1CN(N[N+](=O)[O-])NN1,,,,,
C5925,N1(C#N)C(C2C(C3CNNN3)NCN2)(c2c[nH]nn2)NCNC1,,,,,
C5926,C(CC)(C1CNNN1)C1C(C2CCCCC2O)N(c2ncncn2)NN1,,,,,
C5927,N1(C2(C3(C(=O)C)NNCNN3)CNNC2)CCNC(c2ccc3ccccc3c2)N1,,,,,
C5928,C1CC(CC#C)(N)C2(C3CCC(C)C(c4ncccc4)C3)CCCCC2C1,,,,,
C5929,N1NNN(n2cccn2)CC1,,,,,
C5930,C1CNN(C2C(O)CC(CC#C)CC2)C1C,,,,,
C5931,C1CNCN1C1(C2C(O)CCCC2)CC(Oc2cnn[nH]2)CCC1,,,,,
C5932,N1CN(N2CNN(C(=O)OC3CCNN3)N2)CC(c2nnnnc2)C1,,,,,
C5933,N1NC(c2ncn[nH]2)CCC1,,,,,
C5934,N1(CCCN2C(c3ncn[nH]3)CCN2)NNNCC1O[N+](=O)[O-],,,,,
C5935,N1CC(C2NNNNC2)N(C(=O)N)CN1,,,,,
C5936,C(C#C)C1N(C2NCCN2)C(OO)C(C2NNNCC2)CC1,,,,,
C5937,N1(C=N)CCNCN1,,,,,
C5938,C(C#C)c1cnncn1,,,,,
C5939,C1CC(C2CC(C3CCCCC3)C3C(C2)CCCC3)C2CC(C3NCCN3)CCC2(OO)C1,,,,,
C5940,C1(N=NOO)N(N2CCNC2C2CCCCC2O)NNN1,,,,,
C5941,C1CC(C2(C=N)NCNC(N3CCCN3)N2)CCC1C1CCNN1,,,,,
C5942,N1NN(C2NNCN(C(=O)O)C2)CC(c2cnn[nH]2)C1,,,,,
C5943,CC#CCC#CCCc1ncc[nH]1,,,,,
C5944,C1CCC(c2nccnn2)CC1,,,,,
C5945,N1CN(C=O)C(C2CNN(c3nnncn3)CN2)(C2CNCN2)NN1,,,,,
C5946,C(C#C)C1CN(NN)C(C2CNNC2)CC1,,,,,
C5947,CC1(C2CCCCC2O)CC(C2CNNN2)CC(NC(=Nc2cccc3c2cccc3)N)C1,,,,,
C5948,C1CCC2CCCCC2(C2NNCN(C3CCNCC3)C2c2ncc[nH]2)C1,,,,,
C5949,N1N(C=O)N(C2C(C#N)C(O)CCC2)CCC1,,,,,
C5951,C1(C2N(C)CC(NNCC=C)NN2)CNCN1,,,,,
C5952,N1(CC=C)C(OO)CNCN1,,,,,
C5953,CC#N,,,,,
C5954,C(#C)C1(C2CNC(N=[N+]=[N-])N2)CC(O)CCC1,,,,,
C5955,CC(CN1C(N[N+](=O)[O-])(C#CC)CNN1)C(=O)O,,,,,
C5956,C1CCC2CCCCC2(C2NCCNN2c2nncnc2)C1,,,,,
C5957,CC#CC(C1CCC(C2CC(C3CCCCC3C)CCC2O)CC1)CC,,,,,
C5958,CCc1ccn[nH]1,,,,,
C5959,C1C(C2N(c3ccn[nH]3)NCNC2)(C2CNNN2)NNN1,,,,,
C5960,CCCN=NO,,,,,
C5961,C1CN(C2CCC3C(C2)CC(C=CCc2cccc4c2cccc4)CC3)NC1,,,,,
C5962,C1C(C2NNNN2)NN(CC)C1,,,,,
C5963,C(#Cc1cnc[nH]1)N=NO,,,,,
C5964,C(C1CCCCC1)NN,,,,,
C5965,C1CCCC(O)C1O,,,,,
C5966,N1(C2CCCC(c3nnccc3)C2O)CNCNN1,,,,,
C5967,C1NNN(C2(CC=C)CC(N[N+](=O)[O-])NC(c3cnncn3)C2)N1,,,,,
C5968,N1C(c2nc[nH]n2)CNCN1,,,,,
C5969,C1NCNN1NNC1NN(C#CC)NN1,,,,,
C5970,N1CCN(c2cnc[nH]2)CN1,,,,,
C5971,C1C(C2C(O)CCCC2)CC2C(C3(C=O)CCC(O)CC3)CCCC2C1,,,,,
C5972,N1CNC(CC)CC1N,,,,,
C5973,N1NCCC(C2CCCCC2)C1,,,,,
C5974,C1NC(C2CNC(C3CCCCC3)N2)(N[N+](=O)[O-])NN1O,,,,,
C5976,N1C(Cc2ccccc2)NCNN1,,,,,
C5977,C1C(C2NN(C)CNC2)C(C#CC)CCC1,,,,,
C5978,C1(N2C(C3CCCCC3c3nnn[nH]3)NNN2)NNNN1,,,,,
C5979,C(#C)c1nncnn1,,,,,
C5980,C=C(N=NC1NNC(C2CCCCC2)CC1)CCC,,,,,
C5981,C(#C)N1CNNN1C1(C#CC)CN(C#C)CN1,,,,,
C5982,CC(=Cc1cnc[nH]1)CC#C,,,,,
C5983,N1NNN(NC(=N)N)C(NN)C1,,,,,
C5984,CC1CC(NC(=N)N)CCC1C1C(C2CNCCC2)NNCC1,,,,,
C5985,N1(C=O)C(N)C(CC=C)CCC1,,,,,
C5986,C1NCNN1CC#C,,,,,
C5987,CC1CCCC(N=N)(C2NN(C3NC(C(=O)O)CNN3)CNC2)C1,,,,,
C5988,CC(=C)C1(N)NCC(CC=C)(CCC)N1,,,,,
C5989,N1(N2CNN(c3ccn[nH]3)N2)NNNCC1,,,,,
C5990,C(CN1CNCN1)N,,,,,
C5991,C(C1CCCC(C2CCC3C(C2)CCCC3)C1)(C(=O)NN=N)C=C,,,,,
C5992,C(=CC1(C=N)N(C(=O)[N+](=O)[O-])CCCC1)C(=O)C,,,,,
C5993,C1C(CC#C)NNC1,,,,,
C5995,N1CNCC(N(NN)C(=O)O)(C=C)C1,,,,,
C5996,C1([N+](=O)[O-])CCC(OC(=O)N)CC1O,,,,,
C5997,CCc1nccnc1,,,,,
C5998,C1C(C#C)CC(C2CCCCC2O)(N)CC1O,,,,,
C5999,C=C(C1C(N=O)CCCC1)n1ccnc1,,,,,
C6000,C(C1(N=NO)CCCCC1N=NCC)O,,,,,
C6001,CC1CCN(C=CC)N1,,,,,
C6003,C(C)c1cnc[nH]1,,,,,
C6004,N1C(N=[N+]=[N-])NN(C2(C3C(c4ncncn4)CNCC3)NCCN2)CN1,,,,,
C6005,N1(C#C)CNCN(NN)C1C1NCCNC1,,,,,
C6006,C1(CC2CCCCC2)NN(NN)NN1,,,,,
C6008,C1C(C2NNN(OOn3ccnc3)CC2)NNC1[N+](=O)[O-],,,,,
C6009,C1CCCCC1(O)N=N,,,,,
C6010,N1CNCC(C2NCCCC2c2c[nH]nc2)C1,,,,,
C6011,C1C(C2CNNN2)C(c2nnncc2)C2CCCCC2C1,,,,,
C6012,C1CCC(C#N)CC1C1CCN(C#C)N1,,,,,
C6013,C1CN(N=N)NC1,,,,,
C6014,C(=C)C1(OO)NCCN1n1ccnc1,,,,,
C6015,CC1(CC#C)CCC(N2C(N3CNCN3)(C=O)NNN2)CC1,,,,,
C6016,C(Cc1c(O)cccc1)C1NCC(C2C(O)CCCC2)NN1,,,,,
C6017,Cc1cnncc1,,,,,
C6019,C=Cc1ncc[nH]1,,,,,
C6020,C(#CC(C=C)C#CC)C#N,,,,,
C6021,N1CNCN(N=O)C1,,,,,
C6022,C(C(CCC1NNNCC1)C)C,,,,,
C6023,C1C(OC(=O)NC2CC(c3ccn[nH]3)NN2)NNN1,,,,,
C6024,C1N(C2NCC(c3nnncc3)CC2)C(N=[N+]=[N-])N(N=[N+]=[N-])N1,,,,,
C6025,CC1NNNC(C)N1,,,,,
C6026,C1(C2(c3ncccc3)NNNN2)CCCCC1,,,,,
C6027,N1(n2cncn2)NN(O[N+](=O)[O-])NCC1,,,,,
C6028,N1(C)NN(C2CCC(C3CCCCC3)CC2)C(C2CC(O)CCC2)CC1,,,,,
C6029,N1CNC(n2ccnc2)CC1N1CNNN1,,,,,
C6030,C(N1C(C2CCCCC2O)CNN1)c1cnc[nH]1,,,,,
C6032,C1CN(C(=O)N=[N+]=[N-])NC1C(=O)O,,,,,
C6033,N1(C2CCCCC2C)C(C2CNCCC2)CCC(C(=O)On2cccn2)C1,,,,,
C6034,N1C(N=NO)NC(OC(=O)N)CC1,,,,,
C6035,C1(C2NCNN2)C(c2nccnc2)NNN1,,,,,
C6036,C1N(C=CC)C(c2cccc3c2cccc3)N(C=CC(=O)[N+](=O)[O-])N1,,,,,
C6037,N1C(CC=C)NC(c2cnc[nH]2)N(C2CCNN2)C1,,,,,
C6038,CC(Cc1nnccc1)(C1(C2CCCCC2O)CNNN1)N=NO,,,,,
C6039,C1CN(CC=C)NC1,,,,,
C6040,CNNN=NO,,,,,
C6041,C1(C2NCCCC2)CCCC(C2C(O)CCC(n3ccnc3)C2)C1,,,,,
C6042,N1(C2(C(=O)Oc3nnn[nH]3)NNCNN2)NCCCC1CC,,,,,
C6043,C1NCNN1n1cccn1,,,,,
C6044,C1C(CC=C)CC(OC(=O)N)CC1O,,,,,
C6045,C(#CC1NNNCN1)CC(=C)C1NCNCN1c1nncnn1,,,,,
C6046,C1CN(NN)N(C(=O)NCC2CCCCC2)N1,,,,,
C6047,CC1CN(C2C(O)NC(n3cccn3)N2)CN1,,,,,
C6048,C(C#CC1C(C(C=C)C#C)NNC1)[N+](=O)[O-],,,,,
C6049,N1NC(C#N)C(OC(=O)N)CC1,,,,,
C6050,C(#Cc1cnc[nH]1)C=N,,,,,
C6051,C1(C2CN(CC)NC2)CNCCN1,,,,,
C6052,C(C#C)C(=O)C1CCC2C(C1)CC(C(=O)O)CC2,,,,,
C6053,N1C(C(=O)O)C(C2C(O)CCCC2)N(c2ncc[nH]2)CN1,,,,,
C6054,N1C(C)NC(C(=O)O)NC1,,,,,
C6055,C1(C2(C3CCC4(c5cnccc5)CCCCC4C3)CNNN2)CCC(C#CC)CC1,,,,,
C6056,C1(C2CCNN2)CN(N[N+](=O)[O-])CN1,,,,,
C6057,C1(C=N)CNCN1N1CC(C2C(C(=O)[N+](=O)[O-])NCN2)NC1,,,,,
C6059,C1(C#C)CCC(CCC)CC1O,,,,,
C6060,C1CNCC(C2NCNN2N)(N2CCCN2)N1C,,,,,
C6061,C1CNC(N2CCNC2)C(c2cnn[nH]2)N1,,,,,
C6062,C1C(c2ncccc2)CCCC1C1NCCNN1,,,,,
C6063,C1N(C2C(O)CCCC2)N(NC(=NCC=C)N)NN1NN,,,,,
C6064,C(C#C)COc1cccc2c1cccc2,,,,,
C6065,N1CNCNN1C1CNNCC1NC(=N)N,,,,,
C6066,C1(C2NCNN2)CNCN1N1CNNN1C1N(O)CNN1,,,,,
C6067,C1CNNC1n1cncn1,,,,,
C6068,N1CN(C=N)CNC1,,,,,
C6069,C(#C)C(=N)c1ncncn1,,,,,
C6070,N1CNCC(C2(C=CC)CC(CCC)NN2)C1,,,,,
C6071,Cc1ccc(O)cc1,,,,,
C6072,CCC1CN(c2cc(O)ccc2)N(C(=O)C)CC1,,,,,
C6073,C1CN(C2CCCCC2O)C(O)N1C1NNNNC1,,,,,
C6074,N1(N2CCC(C3(C4CNNCN4)NNCNN3)N2)NNCCC1c1c(O)cccc1,,,,,
C6075,C(#C)c1ncccc1,,,,,
C6076,C1CNN(C2CN(c3cccc4c3cccc4)NCN2)N1,,,,,
C6077,C(C(C)CC=C)C1N(N)CCNC1,,,,,
C6078,N1CNC(N[N+](=O)[O-])N(C2C(n3cncn3)CCCC2C)C1NN,,,,,
C6079,C1CCC2CCCCC2(C(=O)c2nc[nH]n2)C1,,,,,
C6080,C1(C2CCC3CCCCC3C2)CNCC(c2ncn[nH]2)N1,,,,,
C6081,N1N(C#C)CCCC1C1CNCN1,,,,,
C6082,CC1(N=O)CCCC(C2NCCNN2)C1CC#C,,,,,
C6084,C1CNCC(OO)N1,,,,,
C6085,C(C#C)(C1(N[N+](=O)[O-])NCCNC1C1NCNCN1)[N+](=O)[O-],,,,,
C6086,N1N(C#N)NNC(c2nncnc2)C1OC(=O)NCCC,,,,,
C6087,C1C(C2C(C(=O)N)NNN2)NN(c2cnnnc2)C1,,,,,
C6088,C#CC1(C=CC)NCCCC1,,,,,
C6089,C1C(N=N)N(C2C(O[N+](=O)[O-])CC(O)CC2)N(C(=O)O)N1,,,,,
C6090,N1(c2nncnc2)CNNCN1,,,,,
C6091,CC=CC1CC(OC2C(c3cnc[nH]3)NNNC2)CCC1,,,,,
C6092,N1CNC(NN)NN1N1CN(C2CCC(C)CC2)NN1CC,,,,,
C6093,C1N(c2ccccc2C)NNN1,,,,,
C6094,C1CNN(C2CNCN2)N1c1ccc(C)cc1,,,,,
C6095,CCC1(c2cccc3c2cccc3)CCCCC1O,,,,,
C6096,C(C=C)C1CC(C2(CC)NNCNN2)CCC1,,,,,
C6097,CC1CC(C2NNC(C(=O)N)NN2)CCC1,,,,,
C6098,N1(C=C(C)CCC)NCC(C#N)(c2ccccc2C)CC1,,,,,
C6099,C1(N=NOCC)(c2cccc(C)c2)CCCCC1(O)OO,,,,,
C6100,C(C)C1CNNCC1c1nc[nH]n1,,,,,
C6101,CC(CC(C)C(=O)[N+](=O)[O-])N1CCNC1NN,,,,,
C6102,N1CCN(C)CN1,,,,,
C6103,C1(C)C(C2NNCNC2)CC(n2cnnn2)CC1,,,,,
C6104,C1(c2nnccc2)NNNN1,,,,,
C6105,N1NNC(C=N)C(C2CCN(OC(=O)N)N2)C1N=NO,,,,,
C6106,C1CN(C=N)NC1,,,,,
C6109,C(C1CCCCC1C1CCC2CCCCC2(c2nc[nH]n2)C1)C(=O)O,,,,,
C6110,C1C(N=[N+]=[N-])NC(C(=O)[N+](=O)[O-])(N2C(C=CC)CNC2)CN1,,,,,
C6111,C1CN(OO)CCN1,,,,,
C6112,C1(N[N+](=O)[O-])CCC2(C3CNNN3)CCC(n3cccn3)CC2C1,,,,,
C6113,C1(C(=O)O)NC(C#C)(c2cnncn2)NN1,,,,,
C6114,C1C(N2C(C)CNN2)CCCC1,,,,,
C6115,C1C(N2CNCN2)N(c2ccc(C)cc2)CCN1,,,,,
C6116,C1(c2nnncc2)CCC2CCCCC2C1,,,,,
C6117,C1C(C2CNNNC2)(C2NNNCC2)NC(C=CC)CN1,,,,,
C6118,N1(C2(N)CCNCC2)C([N+](=O)[O-])NCCC1,,,,,
C6119,CN1CC(C2(O)CCC(C)CC2)NN1,,,,,
C6120,N1(C#N)NNC(N2CNNN2)C(C#N)C1,,,,,
C6121,C1CCC(N=O)C(C)(N=O)C1,,,,,
C6122,N1NCCC(C2C(O)CCCC2)(c2ccn[nH]2)C1,,,,,
C6123,N1N(C)NC(c2cnc[nH]2)CC1,,,,,
C6124,C1CN(N2CN(C3CCN(c4ccc5ccccc5c4)N3)CN2)NN1,,,,,
C6126,C=CC1CCC(N=NO)(c2cnncc2)C(C)C1,,,,,
C6127,C(C(CC#CC1NCNCN1)c1cnccc1)NC(=N)N,,,,,
C6128,C1(c2nncnn2)NNNN1,,,,,
C6129,N1N(N)NCCC1(C(C1CCCCC1)OC(=O)N)C1NNCNC1,,,,,
C6130,C#CNC(=N)N(C=CC)N1CN(c2cccc(C)c2)NN1,,,,,
C6131,N1C(N)NCC(C#N)C1,,,,,
C6132,C1CNC(c2cnnnc2)CN1,,,,,
C6134,C1(CC)C(OO)CCC(C2N(C3CNNN3)CCN2)C1,,,,,
C6135,N1C(O)N(O[N+](=O)[O-])CNN1,,,,,
C6136,N1NNN(C2CCC(N=O)C3C2CCCC3)C(n2ccnn2)C1,,,,,
C6137,CC#CC1NNCCC1(C1CCC(C2CNCN2)CC1C)NN,,,,,
C6138,C(CCc1nnncn1)N,,,,,
C6139,N1CN(C2NNNCN2)CN(C2(c3c[nH]cn3)CNNNC2)C1,,,,,
C6140,CN1CN(c2cnc[nH]2)NN1,,,,,
C6141,C(C)(CC1(N)CCCCC1)C1C(c2ncccc2)NNCC1,,,,,
C6142,C(C=C)N=N,,,,,
C6143,C1CNNC1c1cnncn1,,,,,
C6144,C(C#CN1CCNN1C)CC=C,,,,,
C6145,C1CCC(c2ccc3ccccc3c2)CC1O,,,,,
C6146,C1(C)NN(c2cc[nH]n2)NN1,,,,,
C6147,N1CCC(C2C(O)CC(C#C)CC2)CC1,,,,,
C6148,N1N(c2ccn[nH]2)NNCC1,,,,,
C6149,C1NN(c2nnccc2)NN1,,,,,
C6150,C1C(C2NNN(c3cnncn3)NC2)N(C2(C3NNCCC3)CNNC2)NN1,,,,,
C6151,C(C#C)C1CC(O)(O)CC(C2CCNN2)C1,,,,,
C6152,N1NN(C)CC(C2NCCN2)C1,,,,,
C6153,C(C1C(C2NNN(OO)CC2)CCCC1)C(=O)O,,,,,
C6154,C1C(OO)CCCC1,,,,,
C6156,N1CC(c2ccc(O)cc2)CCC1,,,,,
C6157,N1(C2CC(O)(c3ncn[nH]3)CCC2)CNC(N)C(C2NCNN2)C1,,,,,
C6158,C(C#CC#N)OC(=O)N,,,,,
C6159,N1CC(C2CNNC2)CCC1c1c[nH]cn1,,,,,
C6160,C1NC(C(=O)O)NN1C=CC,,,,,
C6161,C1(C2(CC=C)CCNCC2)(CC=C)CNNC1,,,,,
C6162,N1CNC(C2CCC3CC(c4cnncn4)CC(N=N)C3C2)CC1,,,,,
C6163,C1(C2NN(C(=O)N)NN2)NCN(NC(=N)N)N1,,,,,
C6164,C(C=CC1NNCCC1)C(C#C)c1nnncn1,,,,,
C6165,C1N(CC#C)N(C(=O)[N+](=O)[O-])NN1,,,,,
C6166,C1CCC2C(c3ccc(C)cc3)CC(C#CC)CC2C1,,,,,
C6167,C1(CC=C)NNNN1,,,,,
C6168,C(C1(c2cnn[nH]2)C(C2CCCCC2O)CCCC1NN)C1CC(O)CCC1,,,,,
C6169,C(C)C1N([N+](=O)[O-])CCNC1,,,,,
C6170,C1C(c2ccc(C)cc2)NN(N)C1,,,,,
C6171,N1NCC(O)CC1,,,,,
C6172,C#CN(C1NNN(O)NC1)CCC,,,,,
C6173,Cc1c[nH]cn1,,,,,
C6174,C1NC(C)NN1,,,,,
C6175,C(C#C)C1(NC(=N)N)NNNNC1[N+](=O)[O-],,,,,
C6176,N1CN(C2(CC=C)NNCNN2)NC(C2(CC=C)NCCN2)N1,,,,,
C6177,C1N(C2CCC3CCC(C=CC)CC3C2)C(OC(=O)N)NN1C1CCCCC1,,,,,
C6178,N1CN(C(CC)c2nnn[nH]2)C(C2NNCNN2)(CC2CCCCC2)NN1,,,,,
C6179,C(=C)c1ccc2ccccc2c1,,,,,
C6180,C#Cc1cnncn1,,,,,
C6181,C(C=C)(N=N)CC,,,,,
C6182,C1(c2ncccc2)CNCCN1,,,,,
C6183,N1CCC(C2N(c3ccccc3O)NNNC2)CC1,,,,,
C6184,C1CN(C(=O)O)CN1C1NCCNC1O,,,,,
C6185,C1CNCC(C2NN(c3nnccc3)NNC2)N1,,,,,
C6186,N1CNCN(CC=C)C1,,,,,
C6187,N1NNNC(c2cnncc2)C1,,,,,
C6188,C1(C)CN(C2CCCCC2)CN1C(CC)n1cccn1,,,,,
C6189,N1NC(C2CCCC3C2C(N=NO)CCC3)CCC1C#CCC,,,,,
C6190,C(C(C(=O)N=[N+]=[N-])C1CNCN1)c1nncnn1,,,,,
C6191,N1CN(O[N+](=O)[O-])CNN1c1nncnn1,,,,,
C6193,C1(C(=O)N)(c2nccnc2)CNN(N)N1,,,,,
C6194,C1NN(c2nc[nH]n2)NN1,,,,,
C6195,C(CCCC#C)CC1CC(N)CCC1,,,,,
C6196,N1(n2cncn2)NCCCC1,,,,,
C6197,C1C(N2CNCN2)NNC1C1NN(O)N(c2c[nH]nc2)NC1,,,,,
C6198,C1C(C2CCNN2)CC2CCCC(C3NNNCC3)C2(c2nc[nH]n2)C1,,,,,
C6199,N1NNC(C(=O)C=N)CC1N(N)c1cccc(C)c1,,,,,
C6200,C1CNCN1c1ncc[nH]1,,,,,
C6201,CC(=C)C1(C2(C3CCCC4C3CCCC4)NNNNC2)CN(c2cnc[nH]2)CN1,,,,,
C6202,N1NNC(OC(=O)O)(C2NCC(c3nnncc3)N2)CC1,,,,,
C6203,C1C(NN)NNN1,,,,,
C6204,N1C(C2CCC(C#N)C3([N+](=O)[O-])C2CCCC3)CCC(C2CNCN2)C1,,,,,
C6205,N1CN(C=N)C(C2CNNC2)C(NN)(c2nnncc2)C1,,,,,
C6206,C1(c2ncncn2)CCCC(CC)C1,,,,,
C6207,N1(C2NNCNC2)CCCC(N2CC(C=O)NC2)C1,,,,,
C6208,CC1(NN)C(N)CCC(C2CNNC2C=CC)C1,,,,,
C6209,C(C#CC1NNN(N=N)N1)C,,,,,
C6210,N1CNCCC1C1CCCCC1,,,,,
C6211,C1(CC(C)C2CNNN2)CC(c2cnncn2)CCC1,,,,,
C6212,C1NCNN1c1nccnn1,,,,,
C6213,C(#C)N=NC,,,,,
C6214,CC#Cc1cccc2c1cccc2,,,,,
C6215,N1NC(C2CCNC(C3(c4cnncn4)NNCCC3)C2)C(NN)CC1,,,,,
C6216,C1(c2nncnc2)CNNC1,,,,,
C6217,N1(N2CN(N=N)NN2)N(C2NN(N[N+](=O)[O-])CCC2)NCCC1,,,,,
C6218,C1CCC(N=[N+]=[N-])CC1N1CCN(N=[N+]=[N-])C1,,,,,
C6219,C1CCC2CCC(NC(=N)N)CC2C1,,,,,
C6220,N1(C2NNNN2)CCN(C2NCCN(C3(c4cnnnc4)CCNCC3)C2)CN1,,,,,
C6221,C1CNNN1c1cccc2c1cccc2,,,,,
C6222,C1CCC(CC2CCC(C3NCNN3)CC2)C(C2NNN(c3ncn[nH]3)CC2)C1,,,,,
C6223,N1NCCCC1C,,,,,
C6224,N1(C2(n3cnnn3)CCNCC2)CCCCC1OO,,,,,
C6225,C1NNN(N)N1c1c[nH]nc1,,,,,
C6226,C#Cc1ncc[nH]1,,,,,
C6228,C1NN(C)NN1,,,,,
C6229,C(#Cc1c[nH]nc1)N([N+](=O)[O-])N=O,,,,,
C6230,N1CNNC(C)N1,,,,,
C6231,C(C)N([N+](=O)[O-])c1ccc2ccccc2c1,,,,,
C6232,N1C(C2CCCCC2(O)C2CNNNC2)NC(n2ccnn2)CC1,,,,,
C6233,N1N(C)CCCC1,,,,,
C6234,C1CNNN1C(C#C)C1C(c2nnn[nH]2)CCCC1C,,,,,
C6235,C1CC(C2CCCC(OC(=O)N)C2)CCC1OC=C,,,,,
C6236,C(C#COO)(C1NN(c2nnnnc2)CNC1)O,,,,,
C6237,C1NN(C2(c3ccccc3O)CCNN2)NN1,,,,,
C6239,Cc1ncn[nH]1,,,,,
C6240,N1CN(c2cnncc2)NCN1,,,,,
C6241,N1N(CC#C)N(C)NCC1c1ccc2c(c1)cccc2,,,,,
C6242,N1CC(C2CCCCC2C)NC(N=NO)N1,,,,,
C6243,C1CNCN1c1ccn[nH]1,,,,,
C6244,C(CC)(C1CC(CC=C)NN1)n1ccnn1,,,,,
C6245,N1CN(N2CCCN2C=C)C(NC(=N)N)C(NN)C1,,,,,
C6246,C1CN(C2NCCN(CC3CCCCC3(C)c3nncnn3)N2)NN1,,,,,
C6247,C(#C)C1(n2cncn2)CNNN1,,,,,
C6248,N1CNC(N2CNCN2)CC1c1nnccc1,,,,,
C6249,C1C(C(=O)O)NNN1N=[N+]=[N-],,,,,
C6250,C1CNN(n2cccn2)C1,,,,,
C6251,C(=C)C(=Nc1ccncc1)OC(=O)N,,,,,
C6252,C(C)C1(C2CC(O)C(c3nnncn3)CC2)NNNN1,,,,,
C6253,N1C(OC(=O)N)C(C=C)NCN1,,,,,
C6254,C(C#C)c1nnn[nH]1,,,,,
C6255,C1(N)CCC(C#CC)C(O[N+](=O)[O-])C1,,,,,
C6256,N1(N=N)CNC(c2ncc[nH]2)CC1,,,,,
C6257,C1C(C#CCc2ncc[nH]2)C(CC)CCC1,,,,,
C6258,C#Cc1nncnn1,,,,,
C6259,C1CCCCC1N1C(C2CCCC3(C4NCCN4)C2(N=O)CCCC3)NCN1,,,,,
C6260,N1NCCC(N=N)C1,,,,,
C6261,C1C(C2(C#C)NNCCC2)N(C2CC(C3CNNC3)CCC2O)NC1,,,,,
C6262,C(#CC(=O)O)C1C(C)CNN1,,,,,
C6263,C1N(NC(=N)N)C(N=[N+]=[N-])NN1,,,,,
C6265,N1CN(c2cccc3c2cccc3)CCC1,,,,,
C6266,C1NC(C2CCCC3C2CCCC3)NN1O,,,,,
C6267,C1CN(C2C(C3NCCCC3)NNN2)C(c2cnnnc2)N1,,,,,
C6268,N1NNNC(C(=O)O)C1,,,,,
C6269,C1C(C(=CCOC(=O)N)OO)CCCC1O,,,,,
C6270,C(C)C1(N)CNNNC1,,,,,
C6271,N1CN(N=N)CNN1c1c[nH]nn1,,,,,
C6272,N1(N=[N+]=[N-])C(NC(=N)N)NNC(C(=O)N)N1,,,,,
C6274,C1CCCC(C2N(N[N+](=O)[O-])NNC(C3CCNN3N)C2)C1,,,,,
C6275,CN(N)C,,,,,
C6276,N1CNC(c2ncncn2)CC1,,,,,
C6277,CC=COC(=O)N,,,,,
C6278,N1NN(C2CCC(C)C(N=NO)C2)CCC1,,,,,
C6279,N1CCCC(c2nnccc2)C1C=CC,,,,,
C6280,C1CCC(C2CCNN2C2NC(c3nccnn3)NCN2)CC1,,,,,
C6281,N1NN(c2nccnn2)NCC1,,,,,
C6282,C1(C2C(O)CCCC2)CNCN1C1CNN(C(=O)C)NC1C1NCCNC1,,,,,
C6283,N1CNC(C2CNNN2)(CCC)CC1,,,,,
C6284,N1NCC(C#CC)CC1c1cccc2c1cccc2,,,,,
C6285,Cn1cnnn1,,,,,
C6286,N1NC(C2NCN(c3ncc[nH]3)CN2)CCC1,,,,,
C6287,N1C(C2CCC3C(C2)CCC(c2cccc4c2cccc4)C3)(C(=O)[N+](=O)[O-])NNC(C(=O)O)N1,,,,,
C6288,C1(CCC)CNCN1,,,,,
C6289,N1C(NC(=N)N)(C2CC(C3CN(OO)CN3)CCC2C)CNCN1,,,,,
C6290,N1(c2cnncn2)CNCNC1,,,,,
C6291,C1N(C)NNN1,,,,,
C6292,N1CN(C#CC)CN(ON)N1,,,,,
C6294,N1C(OO)NNCN1,,,,,
C6295,C1(C2NCCN2)CNCC(C2(N3C(n4ccnn4)CNC3)NCCN2)N1,,,,,
C6296,N1C(C2CN(NN)CN2)NNCN1C1CCC(C)C(C2NNCCC2)C1,,,,,
C6297,N1CCN(C=CC)CN1,,,,,
C6298,C1C(c2ccc3c(c2)cccc3)NC(CC(=O)C)CN1,,,,,
C6299,N1(N2CNCN2)CNCN(c2nncnn2)C1,,,,,
C6300,C1NN(C2(c3cnc[nH]3)NNCNN2)NN1N1CNCN1,,,,,
C6301,C1CNC(C2NNN(c3nnncc3)CN2)N1,,,,,
C6302,N1(c2cnnnc2)CNCCC1,,,,,
C6303,N1NNC(C(=O)O)C(C2(CC=C)CC(c3ccn[nH]3)C(O)CC2)C1,,,,,
C6304,N1CNC(c2ccccc2C)NN1C1CCNN1,,,,,
C6305,N1CNN(C2CC(C3(C4N(c5cccc6c5cccc6)CCCC4)C(O)CCCC3)NN2)CN1,,,,,
C6306,C1C([N+](=O)[O-])N(Oc2c[nH]nn2)NN1,,,,,
C6307,CC1CC(O)CC(C2CNCCC2N2CCNC2)(C#N)C1,,,,,
C6308,N1(N2CNNN2C2CNNCC2)CNCC(c2c[nH]nc2)C1OO,,,,,
C6309,C1N(CC=C)CN(N[N+](=O)[O-])N1,,,,,
C6310,C1([N+](=O)[O-])C(C2NNNN2)NCN1,,,,,
C6311,N1CN(O[N+](=O)[O-])C(c2nnn[nH]2)N(C#N)N1,,,,,
C6312,C(C=C)C1(C2CC(c3ccc(O)cc3)C3C(C2)CCCC3)NCNCN1,,,,,
C6315,N1C(C(=O)OC(=O)C)NCNC1(C(=O)C)c1nc[nH]n1,,,,,
C6316,N1N(C2(C=O)NNNN2)NCC(N(N)N2CCNN2)C1,,,,,
C6317,C1(OO)CCCCC1C#CC,,,,,
C6318,C1C(C)C(C2CCC(C3NCCCC3)C(C)C2)CCC1C,,,,,
C6319,N1NNN(C2(OC(=O)N)NNN(N=O)N2)CC1,,,,,
C6320,C1CNN(c2nc[nH]n2)C1,,,,,
C6321,C(#C)c1ccn[nH]1,,,,,
C6322,CC1CCC2(C3CNNCC3)CCC(C3CCCC4(c5ccc(C)cc5)C3CCCC4)CC2C1,,,,,
C6323,CC1C(C2NNC(c3nncnn3)NC2)CCC(OO)C1C,,,,,
C6324,N1(C2NN(C=CC)N(C=C)CN2)CCC([N+](=O)[O-])CC1,,,,,
C6325,N1C(C2CNCCC2)(c2nncnc2)CCCC1,,,,,
C6326,N1NNCC(C=C)C1C#CC,,,,,
C6327,C1NCNN1C1N(C=C)CCN1,,,,,
C6328,CC#Cc1ccccc1O,,,,,
C6329,C1C(c2cnncc2)CCCC1(O)N=N,,,,,
C6330,C=Cc1c[nH]cn1,,,,,
C6332,N1NNN(C2N(C)C(C3CNCCC3n3cnnn3)CNN2)CC1,,,,,
C6333,N1CNCNC1C(=O)O,,,,,
C6334,N1CNCN(C2NCCN(c3cnccc3)N2)N1,,,,,
C6335,C1C(C2CC(O)(OC(=O)N)CCC2)CCC(OOC2NNNN2)C1,,,,,
C6336,C1CC(C2NNNNC2)CC(c2nncnn2)C1O,,,,,
C6337,C(=C)C1NCNC(c2ccncc2)N1,,,,,
C6338,C(C)n1cnnn1,,,,,
C6339,C(Nc1c[nH]nc1)C(=O)[N+](=O)[O-],,,,,
C6340,N1C(C2NN(C3CNNNC3)NCN2N)NCCC1,,,,,
C6341,C1CNN(C=N)C1,,,,,
C6342,C1CNN(C2NCC(C#N)N2)N1,,,,,
C6343,N1(CC#C)CN(CC#C)N(C2NCCCC2)CN1N1CCCN1,,,,,
C6344,N1NN(C2CCCC(C3C(O[N+](=O)[O-])CC4CCCCC4C3)C2)NCC1,,,,,
C6345,N1(CCC)NN(O)CCC1,,,,,
C6346,N1NNC(C#C)(C2CNN(c3cc(O)ccc3)NC2)CC1,,,,,
C6347,C1C(C2CCC3CCC(C(=O)O)CC3C2)CCC(C2CCC3C(C2)CCCC3)C1OC1NCCNN1,,,,,
C6348,N1CCCC(C2CNN(N3CCNN3c3ccncc3)CC2)C1NN,,,,,
C6349,N1NN(C2CCC3C(C2)CCCC3)N(O)CC1,,,,,
C6350,N1NCC(c2ccccc2O)CC1,,,,,
C6351,N1(C2CCNCC2)NNC(n2ccnc2)CC1,,,,,
C6352,C1CN(c2nnncc2)NC1,,,,,
C6354,C1(C2(c3cc(O)ccc3)CCNN2)CNCN1,,,,,
C6356,N1(C2NNNCC2)CNCC(NN)C1CN,,,,,
C6357,C(#Cc1cnncc1)C1NNNC(N)C1,,,,,
C6358,CC1C(C)CCCC1C1NN(c2nncnn2)NN1,,,,,
C6359,C(C#C)n1cncn1,,,,,
C6360,CC1(N=N)CCCCC1,,,,,
C6361,C1CC(CC#C)CCC1O,,,,,
C6362,N1(NC(=N)N)NCC(C2NCC(C3C(O)CCCC3)CC2)C(C2CNNCN2)C1,,,,,
C6363,C1(c2ncn[nH]2)CN(C2CCNN2)CN1,,,,,
C6364,C1(C2NNCNN2)(C)CCCCC1,,,,,
C6365,C(C#C)(C1(NC(=N)N)CNNC1)(C1CC(O)CCC1)N,,,,,
C6366,C(CCc1ccn[nH]1)N[N+](=O)[O-],,,,,
C6367,C(C(=C)C#C)C1CC(c2cnnnc2)C(O)CC1C1NCCCC1,,,,,
C6368,N1NCCCC1C(=O)[N+](=O)[O-],,,,,
C6369,C(=CC#CC)NN,,,,,
C6370,CC#CN[N+](=O)[O-],,,,,
C6371,N1(NN)CCC(C)C(N2CCNN2)C1,,,,,
C6372,C1C(C(=O)O)C(C#C)C(C2CCCCC2Oc2ncccc2)CC1,,,,,
C6373,N1(C2CNNN2)C(c2nc[nH]n2)NNCN1,,,,,
C6375,C(#CN=[N+]=[N-])C1(N2CN(CC#C)NN2)NCNCN1,,,,,
C6376,C1(O[N+](=O)[O-])(C2NCCCC2c2ccc3ccccc3c2)CCCC(C2CNCN2)C1,,,,,
C6377,N1C(C2CCCC3C2CC(c2cnccc2)CC3)NCNC1,,,,,
C6378,C1(C2NNNCN2)CCC2CCCC(C3NNN(n4cncn4)NC3)C2C1,,,,,
C6379,N1(C2CCCC(C)C2)CNC(c2cnccc2)CC1C1NCNN1,,,,,
C6381,N1CN(O)C(C(=O)O)C(N)C1,,,,,
C6382,C1C(c2ccncc2)N(C(=O)O)N(CC#C)N1,,,,,
C6383,C1(c2cnccc2)CCCC(N)(CC#C)C1O,,,,,
C6384,N1NNC(C#C)CC1O,,,,,
C6385,C(CCOC1CNCN1)(OO)c1cc(O)ccc1,,,,,
C6386,N1(CCC)CCCCC1,,,,,
C6387,N1(C#CC)CCCCC1,,,,,
C6388,C1(CC#C)CCC(C2(c3ncn[nH]3)C(O)CCCC2)C(C(=O)N)C1,,,,,
C6389,C1NN(C2(c3ccc(O)cc3)NCC(C3NNCNN3)NN2)NN1C1CCC2CCCCC2C1,,,,,
C6390,N1(C2(C3CCCCC3)CCC(c3nc[nH]n3)CC2C)NNC(C2CCNN2)CC1,,,,,
C6391,C1NC([N+](=O)[O-])NN1C,,,,,
C6392,C1CC(N)C(N=N)CC1OC(=O)OC(=O)N,,,,,
C6394,N1NN(C2(C3NC(c4nnncn4)NN3)CCNN2C2NNNNC2)NCC1,,,,,
C6395,Cc1cc[nH]n1,,,,,
C6396,N1CNC(CCC)C(NC(=N)N)C1,,,,,
C6398,C1C(C2CC(ONC(=N)N)CCC2)NN(c2ccn[nH]2)C1,,,,,
C6399,C1C(C2C(CC)NCCC2)(N)CC2CC(C3CNCN3)CCC2C1,,,,,
C6400,C1(n2ccnn2)CNCN1,,,,,
C6401,N1N(C2NNNN2)CCC(CC#C)C1,,,,,
C6402,N1([N+](=O)[O-])CN(N=N)CN(c2nncnc2)N1,,,,,
C6403,C1N(C2CN(c3nncnn3)NCN2)NNN1,,,,,
C6404,C1(C#CC)CCC(O[N+](=O)[O-])(C#CC)CC1O,,,,,
C6405,N1(c2cnnnc2)CNCN(C(=O)O)N1O,,,,,
C6406,C1N(NN)CN(C(=O)OC#CC)N1C1NNNNC1,,,,,
C6407,N1C(C2C(O)(CC=C)CCCC2)NCNC1,,,,,
C6408,C=C(Oc1nnncc1)NC(=N)N,,,,,
C6409,N1CCN(OO)C(C2CCCCC2O)N1N1C(N=O)CNC1,,,,,
C6410,C1(C2C(Oc3cc(O)ccc3)CCCC2)CCCCC1O,,,,,
C6411,N1(OO)CCCC(C2CCC3CCC(c4cnnnc4)CC3C2)C1,,,,,
C6412,N1CNNC(n2cncn2)N1,,,,,
C6413,N1(OC(=O)N)NCCCC1,,,,,
C6414,N1CCNCN1C1N(N=NO)C(c2cnccc2)CNC1,,,,,
C6415,C(#Cc1ccc(C)cc1)O[N+](=O)[O-],,,,,
C6416,N1N(c2nccnc2)N(C2CNNCN2)CCC1,,,,,
C6417,C1C(c2nccnc2)NNC1,,,,,
C6418,N1C(c2ccc3ccccc3c2)CNC(C(=O)CC2CCC(C)CC2)N1,,,,,
C6419,CC1C(C2N(c3ccc(O)cc3)CCNC2)CN(C2CCCCC2C)N1,,,,,
C6420,C1(C2(c3nncnn3)CNNC2)NCNN1,,,,,
C6421,C1(NC#N)CN(C(=O)C)C(C2NCNN2)CN1,,,,,
C6422,C1(C2CCC3C(C2)CCC(C2NN(c4ccccc4O)NNC2)C3)CN(CCC)CCN1,,,,,
C6423,N1(C2CCNN2CCC)CN(Cc2ccccc2)CCC1,,,,,
C6424,C1(C2CNNCC2)(C2CC(C#CC)NCC2)CCC(OO)CC1,,,,,
C6425,N1(c2ccccc2C)NNC(C2(N)CCNCC2)([N+](=O)[O-])CC1,,,,,
C6426,CC1(C2CNN(CCC)C2)CC(c2ccn[nH]2)CCC1N,,,,,
C6427,N1CN(C2C(O)(N[N+](=O)[O-])CCC(C#N)C2)CN(OO)N1,,,,,
C6428,N1CC(C=N)CCC1,,,,,
C6429,C1C(CC#C)CCC(C2(n3ccnc3)NNCNC2)C1,,,,,
C6430,C(#C)N([N+](=O)[O-])C#CC,,,,,
C6432,C1([N+](=O)[O-])NC(N[N+](=O)[O-])NN1,,,,,
C6433,C1N(N)CN(C2CC(N3CCCN3)CCC2O)N1C#C,,,,,
C6434,N1NNN(N=NC2NNNNC2NN)CC1C(=O)N,,,,,
C6435,C1(c2nncnc2)CC(C2CCC(C)C(C3NCNN3)C2)CCC1O,,,,,
C6436,N1(C2CN(N([N+](=O)[O-])CC#C)NNC2)NCCCC1,,,,,
C6437,N1C(N2CCNN2)CC(C2CCCCC2)CC1,,,,,
C6438,N1CN(n2ccnn2)NC(C2CCCCC2O)N1,,,,,
C6440,C1CCCC(C2C(N3CCN(C(=O)[N+](=O)[O-])N3)CC(C)CC2)(C=CC)C1O,,,,,
C6441,C1CC(C=CC)(c2nnnnc2)CC(C2CNCN2)C1O,,,,,
C6442,C1N(C(=O)C)N(C2CNNNC2)N(c2c[nH]cn2)N1,,,,,
C6443,C1(C)CC(C2C(O)CC(C(=O)O)CC2)CCC1O,,,,,
C6444,C1(c2ccncc2)CCCC(C2CCC(C)CC2)C1O,,,,,
C6445,CC1C(c2c[nH]nn2)CCCC1,,,,,
C6446,C1C(N2CCNN2)(C2CC(N=NO)CCC2O)C(N2CCNN2)CCC1,,,,,
C6447,N1CC(N=N)NCN1,,,,,
C6448,C1CC(CC=C)CCC1Oc1cccc2c1cccc2,,,,,
C6449,C1N(N2C(c3ncncn3)N(N=NO)CN2)NNN1,,,,,
C6450,N1NN(C2CCNN2)N(C)CC1,,,,,
C6451,N1C(C(=O)N)CCCC1c1ccc2c(c1)cccc2,,,,,
C6452,N1CNC(c2ccncc2)CC1,,,,,
C6453,N1(N2CNC(CC=C)N2)CCNCN1,,,,,
C6454,C(#C)OC(=O)N,,,,,
C6455,N1(N2C(c3ccc4ccccc4c3)CNN2)NCCCC1,,,,,
C6456,C(#C)C(=O)NN1CN(N=NOc2ccc(C)cc2)NN1,,,,,
C6457,N1CN(C2CNCC(c3ncn[nH]3)C2)C(C#C)CC1,,,,,
C6458,CC=CNN,,,,,
C6459,C(C#C)N1CNNN1c1nccnc1,,,,,
C6460,C1(C2CCCCC2C)(c2nnncn2)CNNN1,,,,,
C6462,N1CNC(C(C)c2ccccc2C)C(C2CNCN2)C1,,,,,
C6463,N1C(C2CNCC(C3(c4cnnnc4)CNCCC3)C2)NCC([N+](=O)[O-])C1,,,,,
C6464,N1C(C=CC2CC(O)CCC2)(C2CCCC3C2CC(c2c[nH]cn2)CC3)NNCN1,,,,,
C6466,N1CCCC(C(=O)[N+](=O)[O-])C1,,,,,
C6467,C1CNCN1C1(c2ncncn2)NCCN1,,,,,
C6468,C(Cc1cnc[nH]1)C1CC(O)C(C2CNNC2)CC1,,,,,
C6469,C1C(C(C)N(C(=N)N)c2nnncc2)CCCC1O,,,,,
C6470,N1C([N+](=O)[O-])(C2CCNN2)NC(C2NN(CC#C)CNC2)CC1,,,,,
C6471,C1C(OO)N(C2CNNCN2C(=O)O)CCN1,,,,,
C6472,C1(C2NNCNN2)CCC2(C)CC(OC(=O)Nc3cnc[nH]3)CCC2C1,,,,,
C6473,C(C#C)c1nnnnc1,,,,,
C6474,C1(c2c(O)cccc2)CNNN1,,,,,
C6475,N1CN(C2NNCNN2)NC(C(=N)c2nccnn2)N1,,,,,
C6476,C(C(=O)CO[N+](=O)[O-])C1CNNN1,,,,,
C6477,C1C(c2ncc[nH]2)CC2C(N=N)CCCC2C1CCC,,,,,
C6478,N1(OO)CNCN(C2CNNC2)N1,,,,,
C6479,N1NNNC(CC)C1C1CC(c2nncnn2)C(O)CC1,,,,,
C6480,N1C(C2C(C3NNNNC3)CC(O)CC2)(C(=O)CC)CCCC1,,,,,
C6481,N1C(n2ccnc2)NNC(C2CCNN2)N1,,,,,
C6482,N1(C2CCCCC2)NCCCC1,,,,,
C6483,C1CC(C(=O)O)CCC1C#C,,,,,
C6484,CC(=C)C1N(N)CCNC1,,,,,
C6485,N1CN(C2CNCN2)C(c2cnccc2)NN1,,,,,
C6486,C1C(c2ncn[nH]2)NC([N+](=O)[O-])(C=O)N1C(=O)N,,,,,
C6487,CC1CCCCC1C1NCC(N=N)NN1C1(C2CCCCC2)CNNN1,,,,,
C6488,C1C(c2ccccc2C)NNN1C,,,,,
C6489,C1CNNN1C=C(C)NN,,,,,
C6492,C(=CC(=O)Oc1ccccc1O)N=[N+]=[N-],,,,,
C6493,N1(C=C)CNN(C2C(O)CC(c3cnc[nH]3)CC2)CN1,,,,,
C6494,C1(C2NCCNN2)NC(C2NCCNC2C2(c3c[nH]nc3)NCNN2)NN1,,,,,
C6495,C=C(N=[N+]=[N-])NN,,,,,
C6496,C(C1C(C2CCC(O)CC2)CCCC1)C(=O)C=O,,,,,
C6497,C1(c2ccc(C)cc2)CCC2C(N3CNNN3)CCCC2C1,,,,,
C6498,N1NNN(c2ncn[nH]2)CC1,,,,,
C6499,CC(C1CNNN1)c1c[nH]cn1,,,,,
C6500,N1CN(C2N(c3ncncn3)CCN2)CCC1,,,,,
C6501,C1CCC(c2cnccc2)CC1C1CNNCN1,,,,,
C6502,N1C(c2ccc3ccccc3c2)NNCN1,,,,,
C6503,N1(CC=Cc2cnnnc2)NNNCC1,,,,,
C6504,N1NCCC(c2nnncc2)C1,,,,,
C6505,C1CNCC(C2NCCNN2)N1N([N+](=O)[O-])c1ccccc1C,,,,,
C6506,N1CN(NC(=N)N)CNN1C1NC(c2ncn[nH]2)NN1,,,,,
C6507,CC1C(C2C(C3CCNN3)CCC3C2(C(=O)O)CC(C2NNNCC2)CC3)CCCC1,,,,,
C6508,CC(CN1CCCN1)C1CC(O)(NC(=N)N)CCC1,,,,,
C6509,C1(c2ccc(O)cc2)CCCCC1O,,,,,
C6510,C1NN(OC(=O)N)NN1C1N(C(=O)O)CC(c2nccnc2)CC1,,,,,
C6511,C1NCN(C(C)N[N+](=O)[O-])N1C1CCCC2C1CC(c1c[nH]nn1)CC2,,,,,
C6512,N1C(N=N)NC(C#C)NN1,,,,,
C6513,N1N(N=NO)CCCC1,,,,,
C6514,C1C(C2C(c3ccccc3O)NNCC2)C(C2NNNN2)CCC1,,,,,
C6515,C1(c2ncccc2)CNC(C#N)N1,,,,,
C6516,C1CCCC(c2nnn[nH]2)C1(O)N=O,,,,,
C6517,C1(c2cnccc2)C(C2CCNN2)NCCN1,,,,,
C6519,N1(c2ccc(C)cc2)CNNCN1C=C,,,,,
C6521,CC=C(OC(C=C)c1nc[nH]n1)C1CNCN1,,,,,
C6522,C1(c2nnn[nH]2)CCC(CCC)CC1OC#N,,,,,
C6523,C1CNN(c2ncn[nH]2)N1,,,,,
C6524,N1C(NC(=N)N)N(C2(C3NCCNC3)CCC3C(C2)CCCC3)NCN1,,,,,
C6525,C1(C=N)CC(OOC2CNNCC2C2NNNN2)CCC1,,,,,
C6526,N1C(C(C2CCCCC2)c2cccc(C)c2)NCNC1,,,,,
C6527,C(O[N+](=O)[O-])C1(c2cc[nH]n2)CNCN1,,,,,
C6528,N1CCNCN1c1c(O)cccc1,,,,,
C6529,N1(O)CNCN(c2cccc3c2cccc3)N1,,,,,
C6530,CCOC1C(C=N)NNCN1,,,,,
C6531,N1(C#N)CC(OC(=O)N)CCC1,,,,,
C6532,N1(c2nnnnc2)NN(N)NCC1,,,,,
C6533,C1C(c2nncnc2)NCCN1,,,,,
C6534,N1(C2CCC(C)CC2)N(C)C(N2CCNC2)CCC1,,,,,
C6535,N1(C2CN(C3CN(c4c(O)cccc4)N(C4CCNN4)C3)NN2)NNCCC1,,,,,
C6536,N1N(C2(c3nnccc3)NCNN2)NNCC1,,,,,
C6537,C1CNCN1C#C,,,,,
C6538,CC1CCC(N2CC(C3(C4NCNN4)CNCN3)CN2)(C)CC1,,,,,
C6539,C1NNN(OOC2CCNN2)N1C1CNN(c2ncncn2)CN1,,,,,
C6540,CC(C)c1nnccc1,,,,,
C6541,CC(Cc1ncncn1)C1NCCNN1C1NCC(C2NNNN2)N1,,,,,
C6542,N1(C2C(c3ccncc3)CC(O)CC2)CNC(C2CCCC(C)C2)NN1,,,,,
C6543,N1(C2NC([N+](=O)[O-])(c3nnnnc3)CNN2)CNCCC1N=[N+]=[N-],,,,,
C6544,C1(N=[N+]=[N-])CC(C2CCC(C)CC2c2nnncc2)CC(N2CCCN2)C1,,,,,
C6545,CC#CC1CN(C2CNNCN2)N(OO)N1,,,,,
C6546,C1CNCCN1c1c[nH]cn1,,,,,
C6547,CNC(=N)N,,,,,
C6548,C1CC(C2NNN(C=N)CN2NC(=N)N)CCC1,,,,,
C6549,C(CC#CC)C1CCCC2C1CCCC2C=C,,,,,
C6550,N1NC(c2ncc[nH]2)CC(C2CNCN2)C1,,,,,
C6551,C(N(C(=Nc1cnc[nH]1)N)N=[N+]=[N-])C=CC,,,,,
C6552,N1CNC(C)(C2CCC3C(OC(=O)N)CCCC3C2)CC1,,,,,
C6553,CC=Nc1nccnn1,,,,,
C6555,N1(c2nccnn2)NNCC(C(=O)O)C1,,,,,
C6556,C1C(C(=C(C)C#N)c2nnn[nH]2)N(OO)CN1,,,,,
C6557,N1(C=C)CCNC(N2C(c3c(O)cccc3)N(C(=O)N)CN2)N1,,,,,
C6558,C1CN(C2CCCCC2)NN1,,,,,
C6559,C(CC)C#CC,,,,,
C6560,C(CC1CCC(C2CCNN2)CC1C)C1NNN(c2nncnc2)NC1,,,,,
C6561,N1N(c2ncc[nH]2)NCCC1,,,,,
C6562,C1CCC(C2NCCN2C#N)C(C)C1,,,,,
C6563,N1(C2(C)CNCN2N2CNCN2)CNCNN1,,,,,
C6564,N1CCN(CC#C)CN1N,,,,,
C6565,CC1(N2CNNN2)C(c2cc[nH]n2)CNN1,,,,,
C6566,N1NCCC(C2CN(c3nc[nH]n3)NCN2)C1,,,,,
C6567,C(C#C)C1(C(=O)N)NCNN1,,,,,
C6568,C1CN(C2C(NC(=N)N)CCCC2O)NN1,,,,,
C6569,C1CNCC(c2ccccc2O)N1O[N+](=O)[O-],,,,,
C6570,CCc1cnccc1,,,,,
C6571,N1N(C=C)CCCC1,,,,,
C6572,Cc1nccnc1,,,,,
C6573,C1CNC(CC#C)N1,,,,,
C6574,C1CC(c2cc[nH]n2)C2C(C3NNCCC3)CCCC2C1,,,,,
C6575,N1CC(c2ccc3ccccc3c2)CCC1,,,,,
C6576,CC#CC1CC(n2cnnn2)C2CCCCC2C1,,,,,
C6577,C(#C)c1ncc[nH]1,,,,,
C6578,C1(C2CNNNC2N=NO)(C(=O)[N+](=O)[O-])CNC(c2ccc(C)cc2)N1,,,,,
C6579,N1(c2nncnn2)NCC(NN)CC1,,,,,
C6580,N1NN(C2NNNCN2)CC(C=C)C1,,,,,
C6581,C1N(C2NCCN2)C(C2C(c3nnn[nH]3)NCCC2)NN1,,,,,
C6582,C1CCCC(C(=O)OO)(C2N(C(=O)O)CCNC2)C1,,,,,
C6583,C1C(C2CCNCC2)NCC(C#CC)N1C1CNNC1,,,,,
C6584,N1CCC(C(=O)C)CC1,,,,,
C6585,N1CCC(N2CCNN2)CC1c1ccncc1,,,,,
C6586,C1NN(C2CNNN(c3ccc(O)cc3)C2)NN1C1CCNN1,,,,,
C6587,C1C(C#C)CC2(c3ccncc3)CCCCC2(C(=O)[N+](=O)[O-])C1C1NNCNC1,,,,,
C6588,C(C(=C)C#N)C1CNN(Cc2nccnn2)N1,,,,,
C6589,N1CNCNC1n1cncn1,,,,,
C6590,N1C(C(=O)O)N(n2ccnc2)CNN1,,,,,
C6591,CC1CCC(C2CNNCN2)CC1c1nncnc1,,,,,
C6592,N1NNC(C2CCCC3C2CCCC3)C(C2CCCCC2)C1C=C,,,,,
C6593,C1(OC(=O)N)CCCCC1,,,,,
C6594,N1(n2cccn2)CNNCN1,,,,,
C6595,C1CN(C#C)N([N+](=O)[O-])C1,,,,,
C6596,C1C(N=O)N(c2nccnn2)NN1,,,,,
C6597,N1N(C2NNN(c3nnccc3)CC2)NC(O)CC1,,,,,
C6598,C1C([N+](=O)[O-])N(CC)C(C(=O)[N+](=O)[O-])N1NC(=N)N,,,,,
C6599,N1NNNC(CC#C)(C2NNCN(N)N2)C1,,,,,
C6600,C(C#C)c1c[nH]nn1,,,,,
C6601,CCC1CN([N+](=O)[O-])NC1C1NNNCN1,,,,,
C6602,N1CNC(C2NCC(N=N)NN2)N(C=N)N1,,,,,
C6603,C1CNN([N+](=O)[O-])C1CC,,,,,
C6604,N1(C2NCNN2)NCCC(C2NNCCC2C2CC(c3ccccc3C)C(O)CC2)C1,,,,,
C6605,C1(C(C)C2CC(N3CCN(C(=O)C)N3)C(O)CC2)CNCCN1,,,,,
C6606,C1CC(N=NN=[N+]=[N-])CCC1(O)N1CNCN1,,,,,
C6607,C1(O[N+](=O)[O-])CNNN1,,,,,
C6608,N1(C)CN(C2CCCCC2(O)CC#C)CCC1,,,,,
C6609,N1CNC(NC(=NN=N)N)NC1C,,,,,
C6610,N1CNCNC1c1ccccc1C,,,,,
C6611,C1NCNN1C(=O)C,,,,,
C6612,N1CN(c2c[nH]nc2)CNC1,,,,,
C6613,N1CN(c2ccc(C)cc2)CNC1,,,,,
C6614,N1(C2C(O)C(c3ncncn3)CCC2)CCCCC1C1CNNN1,,,,,
C6615,C1CNNN1CC,,,,,
C6616,C1CNNN1N1CNC(C2CN(c3ncn[nH]3)CN2)N1,,,,,
C6617,C(C)(C1(N)CNCN1n1cccn1)C1NNCNC1,,,,,
C6618,C1CN(Cc2ccccc2)C(OC(=O)N)CN1,,,,,
C6619,N1CN(C2NNCNN2)CC(c2cnccc2)C1,,,,,
C6620,CC1(C2CCCCC2C)CNN(c2cnnnc2)N1,,,,,
C6621,C1N(c2ccccc2O)CNN1,,,,,
C6622,C1CCCCC1C1C(c2ccncc2)C(C2NNNCN2)N(C2CCNCC2)CC1,,,,,
C6623,N1CNCC(C2CCC(OO)C(C3NNCCC3)C2)C1,,,,,
C6624,C(#CC(=O)O)CC#C,,,,,
C6625,CC1N(C(C)(C2CCCCC2C)C(=O)C)NNCN1,,,,,
C6626,N1NCCCC1c1cnnnc1,,,,,
C6627,CCc1nnn[nH]1,,,,,
C6628,N1(C2CCCC(NC(=N)N)C2ON=[N+]=[N-])CNNCN1,,,,,
C6629,N1C(C2C(C3NNNN3)NNN2)N(C=CC)CNN1O,,,,,
C6630,N1CCNCN1C1CCCCC1,,,,,
C6631,C1CC(N=NO)CCC1,,,,,
C6632,C1CNC(C2(C3NNNCN3)NCNN2)C(c2ccn[nH]2)N1,,,,,
C6633,CCCC1CC(C2CCNC(C=CC)C2)(C2CCC(C)CC2)NN1,,,,,
C6634,N1CNCC(C2C(n3ccnn3)CCCC2)(C#C)C1C1CCC2C(C1)CCCC2,,,,,
C6635,N1CNCC(N2C(N3CCNC3c3cnnnc3)CNN2)(O)C1,,,,,
C6636,C(=C)n1cccn1,,,,,
C6637,C1CN(c2nnncc2)C(N2CCC(C3CNCN3)N2)N1,,,,,
C6638,CC(=C)c1ccc2ccccc2c1,,,,,
C6639,N1C(n2ccnn2)NNCN1,,,,,
C6640,N1NCCCC1C1CCC(N=NO)CC1(O)N=NO,,,,,
C6641,N1CNNC(C2CN(C#CC)CN2)N1,,,,,
C6642,C(C#CN=N)C1(c2ccc3ccccc3c2)NNCNC1,,,,,
C6643,C(COOC(=O)C)N=[N+]=[N-],,,,,
C6644,C1CNN(N=[N+]=[N-])C1C=C,,,,,
C6645,C(C=C)C1(C2NCNN2n2cnnn2)C(C)NCN1,,,,,
C6646,C1CC(C2NC(N=N)NCN2)C2CC(C3CC(O)CCC3)CCC2(C(=O)O)C1,,,,,
C6647,C=CN1CNN(C(=O)[N+](=O)[O-])N1,,,,,
C6648,C1C(c2cnncn2)NCN1C1(CC=C)CC(N=NO)NN1,,,,,
C6649,C(#C)C1(C2(N)NNNCC2)CC(C#C)NCC1,,,,,
C6650,C(CCN1CNCN1N=NO)(C1NNCCC1)c1ccc2c(c1)cccc2,,,,,
C6651,N1NNNCC1C1(c2c[nH]nc2)CCCCC1,,,,,
C6652,N1C(C2CCCCC2C)NC(C2CNNN2)N(N(N)O[N+](=O)[O-])N1,,,,,
C6653,C1C(C2N(c3ccccc3O)NNCC2)NC(C(=O)O)(N)N1,,,,,
C6654,N1CC(N2C(N3CNC(C=C)N3)N(C(=O)C)NN2)CCC1,,,,,
C6655,N1CCNC(C2NNNNC2)N1n1ccnn1,,,,,
C6656,N1NC(C#CCCCC)(C2(N)NCCCC2)CCC1,,,,,
C6657,N1(C2NNNCC2)NNCC(C2CCC3(C4CNNCN4)C(C2O[N+](=O)[O-])CCCC3)C1,,,,,
C6658,CCc1cnccc1,,,,,
C6659,N1NN(C2CCN(O[N+](=O)[O-])N2O)C(c2ncn[nH]2)CC1,,,,,
C6660,N1(c2c[nH]nn2)CCCCC1,,,,,
C6661,N1NNCCC1Cc1ccccc1,,,,,
C6662,N1CNC(CCC)N(C2CNNN2)N1,,,,,
C6663,CC#Cc1cnnnc1,,,,,
C6664,C=Cc1ccncc1,,,,,
C6665,C1(CC=C)CN(C2CCC(O)(CC3CCCCC3)CC2)CN1c1cccc(C)c1,,,,,
C6666,N1(c2ccc(O)cc2)NCCCC1,,,,,
C6667,N1(C2CCNCC2)C(C2(c3ccc(C)cc3)CCNN2)CN(N=O)CN1,,,,,
C6668,C1CNNC1C(=O)N1CNC(C2NCNCN2c2c[nH]cn2)N1,,,,,
C6669,C1(c2cc(O)ccc2)N(C#CC)NNN1C1CNN(N[N+](=O)[O-])CC1,,,,,
C6670,N1CN(O)CNN1C1NCN(C(=O)O)N1,,,,,
C6672,C(CC1NC(CC=C)CN1)C1NC(c2nccnc2)CNC1,,,,,
C6673,N1CCN(c2cccc(C)c2)CN1,,,,,
C6674,CC(C)C1CN(Nc2nc[nH]n2)CN1,,,,,
C6675,N1NNC(N=NO)CC1,,,,,
C6676,C1CN(C2CC(C(=O)O)CCC2)CC(CC#C)N1,,,,,
C6677,N1C(C2CCC(C)CC2)CN(C=CC2NNNCC2)CN1c1ccc(O)cc1,,,,,
C6678,C1C(C=C)NC(C(=O)C)(c2ccccc2O)N1,,,,,
C6679,C(=C)C1(c2ccn[nH]2)NN(CC2CCCCC2)CNC1,,,,,
C6680,C(=CCC)C1(N2CNCN2)N(NN)CCCC1,,,,,
C6681,N1CN(C2CCC3CCCCC3(C3NNNNC3)C2)C(C2NNCNN2c2cnncc2)CC1,,,,,
C6682,C1CN(N=O)C(Oc2nncnn2)N1,,,,,
C6683,N1CC(C2NNNN(C(=N)c3cc(O)ccc3)C2)CCC1,,,,,
C6684,C1CC(N2C(c3nc[nH]n3)CNN2)CC(N[N+](=O)[O-])C1NN,,,,,
C6685,N1(C2N(C3CCNN3)NCNC2)NNN(C2C(c3cccc(C)c3)CC(C)CC2)CC1,,,,,
C6686,N1C(C2CCC(On3ccnc3)CC2)NC(C2CNNC(OO)C2)CC1,,,,,
C6687,C(CC#CC1CNCCC1C)C1C(O)CCCC1,,,,,
C6688,C1CNC(C2(C)CC(NN)CC(C)C2)CN1,,,,,
C6689,C1NC(C)NN1,,,,,
C6690,N1CNCNC1C,,,,,
C6691,N1(C2(c3cc(O)ccc3)NCCNC2)CCCCC1C1CNNC1,,,,,
C6692,C1(C=N)CC(C(=O)O)CCC1,,,,,
C6693,C1(C2CC(N3C(N)CNN3)CCC2)CNN(c2nccnc2)N1,,,,,
C6694,N1(N=N)NCCCC1N1CCNC1,,,,,
C6695,C1(c2c[nH]cn2)CNNN1,,,,,
C6696,C1(N)CNCCN1N1CCNN1,,,,,
C6697,C(#C)O,,,,,
C6698,C1(C(=O)N)NCNN1,,,,,
C6699,N1CNC(C2CC(c3ccc(C)cc3)NN2)NN1,,,,,
C6700,C(=C)C1(c2cccc(C)c2)CCNN1,,,,,
C6701,C(=C)(C1NNNCN1OO)c1ccc(O)cc1,,,,,
C6702,C1(C#N)NNNN1,,,,,
C6703,N1CC(C2NC(c3ccccc3C)CCC2)CCC1,,,,,
C6704,N1CNCNN1N=N,,,,,
C6705,CC1(c2cnnnc2)CNCCC1,,,,,
C6706,N1NNN(C2(C)N(C#N)CCN2c2cnc[nH]2)CC1,,,,,
C6707,C(CC1NCCCC1)C1NCNC(n2cnnn2)N1,,,,,
C6708,C(#CCCC)C=N,,,,,
C6709,N1CNN(C2C(C3NNNCC3)N(C3NN(n4ccnc4)CCC3)CN2)CN1,,,,,
C6710,CC1C(N2C(c3ccccc3C)NNN2)CCCC1C1NCNN1,,,,,
C6711,C(C=C)O[N+](=O)[O-],,,,,
C6712,N1N(c2c[nH]nn2)NNCC1,,,,,
C6713,N1(C2NNCCC2)N(C2NCNN2)NCCC1N=N,,,,,
C6714,C(C=C)C1(C2NNCNC2)CCN(C)N1,,,,,
C6715,N1NCCCC1C1CCNCC1c1cc[nH]n1,,,,,
C6716,C(CC1C(OC(=O)N)NCCC1)c1nccnn1,,,,,
C6717,C1C(CC)N(C2NN(C)NN2)N(C2CCC(C)CC2)C1,,,,,
C6718,N1(C2NCNN2)NNNC(C=CC)C1c1ccn[nH]1,,,,,
C6719,C1NC(C(C#CC=CCO)C=O)NN1,,,,,
C6720,N1(C2C(N3CCCN3)NNCN2)CNCC(O)C1,,,,,
C6721,CC1CCCCC1c1ccccc1O,,,,,
C6722,Cc1ccc2c(c1)cccc2,,,,,
C6723,N1C(N(C(=N)N)C2CCCCC2O)CCCC1C(=O)[N+](=O)[O-],,,,,
C6724,CCc1nnn[nH]1,,,,,
C6725,C1C(N=[N+]=[N-])NNC1O,,,,,
C6726,C#CC1(C(=O)[N+](=O)[O-])CCCCC1(O)C1NCCN1,,,,,
C6727,N1C(C2CCC3C(C2)CCCC3)(N2CCNN2)C(N)NCN1c1ccc2ccccc2c1,,,,,
C6728,CCc1ccccc1,,,,,
C6729,C(C(=C)c1ccccc1O)N=O,,,,,
C6730,C1CN(C2CNNN2)C(C2NNCNC2c2nncnc2)C(C2CNCN2)N1,,,,,
C6731,N1(C2NCCN2)CN(C#CC)NCN1,,,,,
C6732,C(#Cc1ncccc1)N,,,,,
C6733,C(#C)c1cc(O)ccc1,,,,,
C6734,N1(C(=O)O)CCCC(N=NONNc2ncccc2)C1,,,,,
C6735,C(=CC1C(C2CNN(N=N)N2)NCN1)OO,,,,,
C6736,N1NN(C2NNNNC2)CC(C2CCCC(C=CC)C2)C1N1CNNN1,,,,,
C6737,C(=Cc1cnncc1)N,,,,,
C6738,N1C(N)NN(c2cc[nH]n2)C(C#CC)N1,,,,,
C6739,C1N(N=NO)CNN1N([N+](=O)[O-])NC(=N)N,,,,,
C6740,N1CN(N=NO)CNC1,,,,,
C6741,C1NNN(C(=CN[N+](=O)[O-])C#C)N1,,,,,
C6742,C1C(C2NCCNN2)CC2CCCCC2C1CCC#C,,,,,
C6743,CC1(CCC)CCCCC1,,,,,
C6744,C1(C2CNN(C)CC2)(C)CCCCC1(O)C#CC,,,,,
C6745,N1C(c2c[nH]nn2)NNCN1,,,,,
C6746,N1CNNC([N+](=O)[O-])N1,,,,,
C6747,N1(C=CC)CNC(C2CCCCC2C#N)NN1,,,,,
C6748,N1(C2C(C3NNCNC3)NCN2)C(c2cccc3c2cccc3)NCNC1,,,,,
C6749,C1CN(C2CNCN2)N(C2C(C3CCC4CC(c5nccnc5)CCC4C3)CNN2)C1,,,,,
C6750,Cc1ccc2ccccc2c1,,,,,
C6751,N1CNC([N+](=O)[O-])(c2nnn[nH]2)NN1,,,,,
C6752,C1C(C2C(C3NNCNC3)NCN2n2cnnn2)NCCN1,,,,,
C6753,N1(O)CNNCN1,,,,,
C6754,C1N(OC2NCCNN2)CNN1n1ccnn1,,,,,
C6755,CC1CNN(C2NCNN2c2nnncn2)N1,,,,,
C6756,N1NN(N)CC(C2CCCCC2)C1,,,,,
C6757,N1NN(C=C(CO)C2CCCC(C)C2c2c[nH]cn2)CCC1,,,,,
C6758,C(C)N(N)NC1CNNN1c1c(O)cccc1,,,,,
C6759,C1CNCCN1C1NCCN(C2CN(C3CCC4CCCCC4C3)NC(c3nnncc3)C2)C1,,,,,
C6760,C1C(CC=C)CCC(c2ccn[nH]2)C1,,,,,
C6761,C1CCC(N)CC1,,,,,
C6762,C(#C)C1N(N=[N+]=[N-])N(C2CN(c3nncnc3)NC2)NCN1,,,,,
C6763,C1(C2N(C3CNNNC3)CCNN2C(=O)O)CNC(N2CCNN2)CN1,,,,,
C6764,N1(c2ncccc2)CNCCC1N1CCNC1,,,,,
C6765,CC=Cc1cnccc1,,,,,
C6766,CC=CC(=O)O,,,,,
C6767,N1(O[N+](=O)[O-])N(C2CNCN2)NNCC1c1cnc[nH]1,,,,,
C6768,C(#CC1CNNC1O)C(=O)C,,,,,
C6769,C1(c2ccn[nH]2)CC(N2CNNN2)CCC1,,,,,
C6770,CC(=C)c1nnn[nH]1,,,,,
C6771,C(C=C)N=N,,,,,
C6772,N1CN(OC(=O)N)NCN1O,,,,,
C6773,CC(=C)C1(NC(=N)N)NCCN(O)N1,,,,,
C6774,C1CNC(C2CC(O)CCC2(O)C=N)N1,,,,,
C6775,C(N[N+](=O)[O-])c1nnncn1,,,,,
C6776,N1C(N2CCCN2)N(C=Nc2ncc[nH]2)NCN1,,,,,
C6777,N1NN(N2CNC(C)(C)N2)CCC1,,,,,
C6778,C1C(N=[N+]=[N-])NN(C)C1C(=O)O,,,,,
C6779,C1C(C2CCCC(Cc3nccnc3)(N3CNCN3)C2)CCCC1,,,,,
C6780,N1(N=N)CNC(N2C(C3NNNCC3)CNC2)CC1N=[N+]=[N-],,,,,
C6781,N1CN(OC(=O)N)CNC1C(=O)C,,,,,
C6782,C(C#CNC1NNCCC1)c1nnnnc1,,,,,
C6783,C1CC(c2c[nH]nc2)CC(C2CCC(O)CC2)C1OC1NCCNN1,,,,,
C6784,N1C(O[N+](=O)[O-])CNC(C2(C(=O)O)CCCCC2O)N1,,,,,
C6785,N1CCC(N=N)CC1,,,,,
C6786,CC(=C)CCC1CCC(C)CC1C(=O)O,,,,,
C6787,N1(NN)CNCCC1C1NN(c2cnnnc2)CNN1,,,,,
C6788,CC(C(C#CC)n1ccnc1)C#C,,,,,
C6789,C(#C)C1NC(C2CN(CC=C)NN2)CNC1,,,,,
C6790,C1C(C2CNNC2)N(CC2CCCCC2)CCN1N,,,,,
C6791,C1CCCCC1(O)c1nnn[nH]1,,,,,
C6792,N1NN(CC)C(CC=CC)CC1,,,,,
C6793,N1C(N=N)C(c2nccnn2)N(C2CNCN2)C(C(=O)O)N1,,,,,
C6794,C1(C=CC)CCC(C2NNNNC2)(c2cnccc2)CC1,,,,,
C6795,C1NNNN1n1ccnc1,,,,,
C6796,C(#COCc1ccccc1)N=O,,,,,
C6797,C1(C(=C)N2CCNN2)CN(n2cncn2)CC(N2CCNN2)N1,,,,,
C6798,CC(C1CCC(n2ccnc2)CC1O)C(=O)O,,,,,
C6799,N1NNN(C(=C(C)N)C2CCCCC2)C(c2ncn[nH]2)C1,,,,,
C6800,N1NNC(OO)CC1,,,,,
C6801,C(#CC1NN(C2CNN(c3cnccc3)C2)NCN1)C,,,,,
C6802,C(C)c1ccccc1O,,,,,
C6803,C1C(c2ccc(O)cc2)N(C2(C)NNNCC2)NN1O,,,,,
C6804,CC1C(C2CNNN2)C(C2(C(=O)O)CNNCC2)CCC1,,,,,
C6805,C1(C(=O)OC(=O)[N+](=O)[O-])CC(C=O)CCC1,,,,,
C6806,N1N(CC2N(O[N+](=O)[O-])N(C=CC)CNN2)NCCC1,,,,,
C6807,C(O[N+](=O)[O-])(N1CCNC1C(=O)[N+](=O)[O-])CC,,,,,
C6808,C1C(C=N)NC(C2CCNCC2)CN1c1cc(O)ccc1,,,,,
C6809,N1(C2CCCC3C2CC(c2cnncc2)CC3)CCCCC1,,,,,
C6810,CC(C)Cc1ccccc1,,,,,
C6811,C(C(=O)NC(=O)CC1NCNCN1)N=NO,,,,,
C6812,N1N(N=NO)CCCC1,,,,,
C6813,C1(C2N(c3cnccc3)NCCC2)NNNN1C1(C(=O)O)NCNN1,,,,,
C6814,C1CNN(c2nnn[nH]2)C1,,,,,
C6815,C(C)(C1NNNCN1CC)N1CCNC1,,,,,
C6816,CC(C)(NC1CNCN1)C=Cc1c(O)cccc1,,,,,
C6817,C1C(c2cccc(C)c2)CCCC1,,,,,
C6818,N1CNNC(c2nnn[nH]2)N1,,,,,
C6819,CCC1NCC(NC(=N)N)NC1,,,,,
C6820,CC(C1NCN(C2NCNN2)N1)C(=O)O,,,,,
C6821,N1NNCC(C2CNNC2C(=O)C)C1,,,,,
C6822,CC(CC(=O)O)C1NNNCC1,,,,,
C6823,C1CNCC(CCC)N1CCC,,,,,
C6824,C1CCC2C(N)(CCC)CCCC2C1,,,,,
C6825,C1(C(=CC)CC2CC(c3nncnc3)CC(NC(=N)N)C2)CCCCC1O,,,,,
C6826,N1C(C2CCCCC2O)C(C2(n3cnnn3)CCC3C(C2)CCCC3)CCC1,,,,,
C6827,N1NNNCC1N1CC(c2ncc[nH]2)NC1,,,,,
C6828,C1CCCC(C2NCCN(C#N)C2C2NNNCC2)C1,,,,,
C6829,C1CN(C2NNCCC2)N(C2CCNN2C2CC(n3cncn3)CCC2O)C1,,,,,
C6830,C=CC1N(N2CCNC2c2c[nH]cn2)CNN1,,,,,
C6831,C1(c2c[nH]cn2)NC(C2NCCNC2)NN1,,,,,
C6832,C1CCC2C(C3NC(C)NCN3c3ncn[nH]3)CCCC2C1N=N,,,,,
C6833,C1NCNN1C1(C(=O)C)C(c2cnc[nH]2)CCCC1,,,,,
C6834,N1CCCC(c2nncnn2)C1,,,,,
C6835,C(C(=C)C1(c2c[nH]cn2)NC(N)NN1)O[N+](=O)[O-],,,,,
C6836,CC1(c2ccc(O)cc2)NNNCC1,,,,,
C6837,N1CCCC(OC(=O)N)(C2NNCN(CC#C)C2)C1,,,,,
C6838,N1NNCCC1C#C,,,,,
C6839,N1(CC2C(C3NNNN3)CCCC2)CNCCC1C1CCC2CC(N=[N+]=[N-])CCC2C1,,,,,
C6840,C1(C=O)NN(N2CNNN2)NN1,,,,,
C6841,C1CCCCC1C1(C(=O)N)CCNCC1C1(c2cnn[nH]2)NNCNC1,,,,,
C6842,N1CNN(C2CCCCC2)C(n2cccn2)N1C1NNNNC1,,,,,
C6843,N1(N=NOCc2ccccc2)NC(N)CCC1,,,,,
C6844,C1CN(c2ccccc2C)NC1,,,,,
C6845,C#CC#CC(=CCc1cc[nH]n1)C=N,,,,,
C6846,N1CNCC(C(=O)O)(CCC=C)C1,,,,,
C6847,C(C=CC1N(O)CNN1)C,,,,,
C6848,N1CNCC(C2CCCC3C2CCCC3)(c2ncccc2)C1,,,,,
C6849,CC1CCC(N)CC1,,,,,
C6850,C1CCC(C(=O)O)C(N[N+](=O)[O-])([N+](=O)[O-])C1CC#C,,,,,
C6851,N1CN(NC(=N)N)CNC1,,,,,
C6852,C1CC(CC#C)C(NC(=N)N)CC1C1N(c2cccc(C)c2)CCNC1,,,,,
C6853,N1(CC#C)NNNCC1,,,,,
C6854,N1(c2nnnnc2)CNC(C(C#C)O)NC1,,,,,
C6855,N1C(N=O)(OC(=O)N)CNCN1N=[N+]=[N-],,,,,
C6856,CC1CC(C2(O)NN(C(=O)N)CNC2)CCC1,,,,,
C6857,C1NN(N2CCCN2)NN1N1C(N=N)(c2cnnnc2)CNC1,,,,,
C6858,CCc1nncnn1,,,,,
C6859,C1CCC2(C3CNNC3)C(C(=O)[N+](=O)[O-])C(c3ccncc3)CCC2C1,,,,,
C6860,C(C#C)(C1(OO)NCNN1)C1CC(O)CCC1,,,,,
C6861,C(C=C)(OC(=O)N)n1cncn1,,,,,
C6862,N1CN(C2CC(OC3CCCCC3c3cccc4c3cccc4)CCC2)CNC1O,,,,,
C6863,N1NCCC(C=C)(N)C1,,,,,
C6864,CC(=C)c1ccc2ccccc2c1,,,,,
C6865,C(=C)C1CNN(c2c[nH]nn2)C1,,,,,
C6866,C1(C2CCC3C(CC#C)CCCC3(C=C)C2)NCNN1,,,,,
C6867,N1CNN(C2CCNN2)CN1C#N,,,,,
C6868,N1CNC(CC)NC1,,,,,
C6869,CC1CCCC(C(=O)O)C1C1CNCCC1,,,,,
C6870,C1(C2CCNN2)CC(CCC)C2C(C(=O)O)CCCC2C1,,,,,
C6871,C1C(C)N(N=[N+]=[N-])NN1,,,,,
C6872,C1(c2c[nH]cn2)CCCCC1C1CCCC(C)C1,,,,,
C6873,C(CC)C1CCC(C2CCNN2)CC1(C)OO,,,,,
C6874,C1CCCCC1OOC(=O)N,,,,,
C6875,N1CC(NC(=N)N)NCN1,,,,,
C6876,C(NC(=NC1CNNC1CC1CCCCC1)N)C#CC,,,,,
C6877,C1(C2NN(C3CCNN3)NC(C3NCNN3)C2)C(c2ccc3c(c2)cccc3)NCN1,,,,,
C6878,N1N(O)NN(c2cc[nH]n2)CC1C=N,,,,,
C6879,CC=C(NNO[N+](=O)[O-])C1CNCN1,,,,,
C6880,N1(C2CNNNC2)CN(N)CCC1,,,,,
C6881,C1(C=C)CN(C2NCNCN2)CCN1,,,,,
C6882,C(C(C(C)C1C(O)CCCC1)C1CCCCC1)c1ccc2ccccc2c1,,,,,
C6883,C1CCC(c2ccc(O)cc2)CC1,,,,,
C6884,N1CNNCN1c1ccccc1O,,,,,
C6885,N1CN(CC#C)C(C2CNCCC2)NC1,,,,,
C6886,N1(C2CNNCC2)CCC(NN)CC1,,,,,
C6887,C(C#C)CC(=C)c1c[nH]nc1,,,,,
C6888,C(C1CNNCN1)CCC,,,,,
C6889,C1CCC(C2CN(n3cccn3)NCC2)CC1,,,,,
C6890,C1CC(C2NNCNC2)C2CCC(c3c(O)cccc3)CC2C1,,,,,
C6891,N1CN(C2CC(O)CC(C=CC)C2)C(c2nccnn2)NN1,,,,,
C6892,C(CC)C=N,,,,,
C6893,C(#C)n1cnnn1,,,,,
C6894,C#CC(=O)OC#C,,,,,
C6895,C1CC(C2N(c3cc(O)ccc3)NNCC2)C2CCCCC2C1C1CCCCC1,,,,,
C6896,C1CNCC(C2CC(C)C(C)C(C(=O)O)C2)N1,,,,,
C6897,C(=CC1CC(C=O)NCC1)C1CNN(C=C)CC1,,,,,
C6898,CC=CCN,,,,,
C6899,C1CCC2CCCCC2C1C=N,,,,,
C6900,N1CN(C2C(N3CCCN3)CC(O)CC2)NC(C2CN(O)CCC2)N1,,,,,
C6901,N1NCCC(C2NNCNC2)C1n1cccn1,,,,,
C6902,N1(C(=O)C)CNCCC1,,,,,
C6903,CC1(O)CNN(N)C1,,,,,
C6904,C1N(C2CCC3C(NN)(C2)CC([N+](=O)[O-])CC3)CNN1,,,,,
C6905,N1(N2CNNN2N2CC(C3CCCC4C3CC(c3ncccc3)CC4)CN2)CCCCC1,,,,,
C6906,N1(NN)NNNCC1,,,,,
C6907,N1NN(c2nncnc2)CCC1,,,,,
C6908,CC(C)C1N(CC2CCCCC2)CC(c2cccc(C)c2)N1,,,,,
C6909,C1C(N)NN(C2NC(c3nncnc3)CNC2C2CNCN2)N1,,,,,
C6910,C(=CC1CCC(C)CC1)C1CN(N2CCNC2c2cnccc2)NCN1,,,,,
C6911,C1(C2NNN(N3CNCN3)C(c3c(O)cccc3)N2)CNCCN1,,,,,
C6912,C(C(C)(C#CC)c1ccccc1C)C1CNNCC1,,,,,
C6913,C(C)N[N+](=O)[O-],,,,,
C6914,N1(C)N(NC(=NC2CCNN2c2cc(O)ccc2)N)NNCC1,,,,,
C6915,CC(C1NCCNC1)C,,,,,
C6916,C1CN(C2CNNN(c3nnncc3)C2OC(=O)N)CN1,,,,,
C6917,C1C(c2ccc3c(c2)cccc3)NNN1,,,,,
C6918,C1CCCCC1CC=C,,,,,
C6919,CC1CN(CC2CCC(c3nc[nH]n3)C(C3CNNCN3)C2)NCC1,,,,,
C6920,CC#CC1(C#CC)NC(N=[N+]=[N-])CN1,,,,,
C6921,N1CCCC(C2NNNNC2)C1C#Cc1nccnc1,,,,,
C6922,N1C(C(=O)O)NC(c2cnccc2)NC1,,,,,
C6923,C1CC(C2C(c3ccc4c(c3)cccc4)CC3CCCCC3C2)CCC1,,,,,
C6924,N1N(CC#C)N(C(=C)C2NCCN2)CC(C=O)C1,,,,,
C6925,C1NNNN1CC(C)c1cnc[nH]1,,,,,
C6926,C1(C(=O)O)C(c2ccccc2O)NNC1,,,,,
C6927,C1CN(C)CN1,,,,,
C6928,N1CNC(C)N(C2CCCCC2O)C1(C(=O)N)C1NCCCC1,,,,,
C6929,C1C(c2nnccc2)C(C2CCC(O)CC2)CC(N=[N+]=[N-])C1(O)C(=O)[N+](=O)[O-],,,,,
C6930,C1CCC2CCC(C(=O)O)CC2C1,,,,,
C6931,CC(CCC#CC1NCNN1)C=C(C)c1ccc2ccccc2c1,,,,,
C6932,C1C(C(=O)[N+](=O)[O-])CC(C2NNC(C=N)CC2)C(C2NCCNN2)C1O,,,,,
C6933,C(=C)N1CN(N[N+](=O)[O-])NN1,,,,,
C6934,N1(OO)C([N+](=O)[O-])N(N=O)CC(c2ncc[nH]2)C1,,,,,
C6935,CC1CCC(n2cccn2)CC1,,,,,
C6936,C(C#C)(C#CC)C1CC([N+](=O)[O-])CC(C)C1,,,,,
C6937,C1C(C2CN(C3N([N+](=O)[O-])CC(O)NN3)NN2)CCCC1O,,,,,
C6938,C1C(Cc2ccccc2)CC2CCCCC2C1N1CCNC1,,,,,
C6939,C1(C#CC)CCCC(c2c[nH]cn2)C1,,,,,
C6940,N1NNCC(CC=C)C1,,,,,
C6941,N1NN(NN)CCC1C1CCC2CCCCC2C1,,,,,
C6942,N1C(c2ncncn2)NCNN1,,,,,
C6943,N1C(C2N(C#N)NNCC2)CCC(C=C)C1,,,,,
C6944,CC#CNC(=N)N,,,,,
C6945,N1CN(NN)C(C2CNCN2)CC1C,,,,,
C6946,C([N+](=O)[O-])C1CN(c2cc[nH]n2)NC1,,,,,
C6947,C1CN(C2N(c3cnnnc3)CCCC2)CN1,,,,,
C6948,CC#CC1C(C#CC)CC(O)CC1,,,,,
C6949,C1CCCCC1c1nccnc1,,,,,
C6950,CC1CCCCC1c1cnncc1,,,,,
C6951,C1(C2NNNCN2)NNNN1c1c[nH]nn1,,,,,
C6952,C=C(C1NNC(C2CCC3CCCC(c4cnncn4)C3C2)CC1)CCC,,,,,
C6953,C1C(OC(=O)N)(n2cccn2)C(OOC2C(O)CCCC2)CCC1,,,,,
C6954,N1(c2ncc[nH]2)CNCNN1,,,,,
C6955,C1NNNN1c1cnnnc1,,,,,
C6956,N1CNC(C(=O)N)CC1,,,,,
C6957,N1NCC(C2CN(C3NC(c4nnncc4)NN3)CN2)CC1C=N,,,,,
C6958,C1CNC(C2N(c3ncc[nH]3)CCNC2C2NCCN2)CN1,,,,,
C6959,CC1NC(C2NNNC(c3nccnc3)N2)NN1,,,,,
C6960,N1(C2NNNNC2)NNNCC1c1cnncc1,,,,,
C6961,N1(C=N)C(c2ccn[nH]2)NCNN1,,,,,
C6962,C(C#CN([N+](=O)[O-])C1CCCCC1n1ccnc1)N1CNCN1,,,,,
C6963,N1C(C2CC(O)CCC2c2nnccc2)NCNC1C#C,,,,,
C6964,C(CC)N=NO,,,,,
C6965,N1N(C2NNCC(C3NCCNC3)C2N=O)NCCC1,,,,,
C6966,C(C(C)N)C1CCCC2C1CCCC2,,,,,
C6967,C(C)C1(OO)NNCN(CC)N1,,,,,
C6968,N1CN(n2ccnn2)C(OC(=O)N)NN1,,,,,
C6969,C#CC(C)(C1(N)NNNCC1)C1NNNNC1,,,,,
C6970,C(C#C)C(=O)C,,,,,
C6971,C1N(Cc2nccnn2)CNN1,,,,,
C6972,N1(C(=CC)OC(=O)N)NN(C2CCC3CCCCC3C2)NC(N=[N+]=[N-])C1,,,,,
C6973,N1CNCN(c2ccc(C)cc2)C1C1CNNN1,,,,,
C6974,C#Cn1cccn1,,,,,
C6975,C1(C2CCC3C(C2)CCCC3)CC(C(=O)N)C(NC(=N)N)CC1O,,,,,
C6976,C1CCC2CCCC(N=O)C2C1,,,,,
C6977,C(=C)c1cnn[nH]1,,,,,
C6978,C1(N2CNCN2)C(C)CCCC1c1ncn[nH]1,,,,,
C6979,C(=C)C1C(O)CC(c2ncc[nH]2)CC1,,,,,
C6980,C1CC(C2CNNCC2)CCC1c1c[nH]cn1,,,,,
C6981,N1NNNC(C=O)C1,,,,,
C6982,C(C#C)C1NNC(c2cccc3c2cccc3)NN1,,,,,
C6983,N1C(C2NCCN2)N(C2C(C3NCCCC3C(=O)[N+](=O)[O-])NCN2)NCN1,,,,,
C6984,C1(N=O)CNCCN1,,,,,
C6985,C(C)C(=O)C,,,,,
C6986,N1(C2(C3CNNN3)CCCCC2(C)c2c[nH]cn2)CCNCN1NC(=N)N,,,,,
C6987,C1CN(C2NCCNC2)CN1C#Cc1ccc2ccccc2c1,,,,,
C6988,C(C1CC(C#N)(C2N(c3c[nH]nc3)NCNC2)CCC1)C1NNNCN1,,,,,
C6989,C(C=C)(CC=C)n1cccn1,,,,,
C6990,N1(N=O)CCCCC1CC(C)NN,,,,,
C6991,CC(=Cc1cnn[nH]1)[N+](=O)[O-],,,,,
C6992,C1NN(c2cnn[nH]2)NN1,,,,,
C6993,C(#C[N+](=O)[O-])OO,,,,,
C6994,C1CCC(C2CNNN2N)(C=N)CC1n1ccnc1,,,,,
C6995,N1NN(C2CC(c3nc[nH]n3)CC(CC(=C)C3NNCNN3)C2)CCC1,,,,,
C6996,CC(=C(O)c1ccccc1O)C1NCCNN1,,,,,
C6997,N1(c2ccn[nH]2)CCCCC1,,,,,
C6998,N1N(c2c(O)cccc2)NNC(C2NN(C(=O)O)CNN2)C1,,,,,
C6999,N1CNNC(N2C(c3c[nH]nn3)CNN2)N1C1(N2CNNN2)NCCNN1,,,,,
C7000,N1NCC(CC)CC1OC(=O)N,,,,,
C7001,N1NCC(O)C(N2C(C#N)CCN2C2NCCNN2)C1,,,,,
C7002,N1(C2CCC3C(C2)C(C2C(c4ncncn4)CCCC2)CCC3)CCNCN1,,,,,
C7003,C(C1NCN(C(=O)N)CN1C1NCNN1)c1ncn[nH]1,,,,,
C7004,N1N(C2C(c3nc[nH]n3)CCC3C2CCCC3)NNCC1,,,,,
C7005,C1CCC(C2CCC3(n4ccnn4)C(C2)CCCC3)(N2CCNN2)CC1CC=C,,,,,
C7006,N1CC(C(=O)O)CCC1,,,,,
C7007,C1(C2NCNN2)CN(C2CCCC3(C=CC)C2CCCC3)C(C(=O)O)N1,,,,,
C7008,C1C(C#CC)CC2CCCC(C3(C#N)CNNNC3)C2C1,,,,,
C7009,C(C)C1CCC2C(C1N1CCCN1)C(c1c(O)cccc1)CCC2,,,,,
C7010,C1(c2cnc[nH]2)NNNN1,,,,,
C7011,CC1(c2c[nH]cn2)CCC(OO)CC1,,,,,
C7012,C1C(OO)NCCN1C1CNNC1C1NC(O)CNC1,,,,,
C7013,CCCC1CC(N=N)CC(C)C1CC=C,,,,,
C7014,C1(N=[N+]=[N-])CCCCC1(O)N=O,,,,,
C7015,C1(N2CNC(n3cncn3)N2N2CCCN2)CN(N2CNCN2)NC1,,,,,
C7016,C(N=[N+]=[N-])(N1CCNC1C1NCCN1)N=N,,,,,
C7017,C1CCC2CCCCC2C1(C1C(N)CC2CCCCC2(N2CCNC2)C1)C1CCNN1,,,,,
C7018,CC#COC(=O)N,,,,,
C7019,N1N(N)CCCC1,,,,,
C7020,C1(C=O)C(N=NO)NNN1,,,,,
C7021,C1(c2cc[nH]n2)CCC2CCCCC2C1,,,,,
C7022,N1CCNC(C(=O)[N+](=O)[O-])N1,,,,,
C7023,N1C(c2cnncc2)NC(C2N(C3CNNCN3)CNCN2)NC1,,,,,
C7024,CC#CC1C(C2NNCNN2c2cnncn2)CCCC1C,,,,,
C7025,C1CNN(C2CCCCC2(O)c2ccc(O)cc2)C1,,,,,
C7026,C1C(C(=O)O)CC2C(C3CCCCC3C)CCCC2C1,,,,,
C7027,N1C(OO)NCC(CC#C)C1,,,,,
C7028,N1N(NC(=O)O)CCCC1,,,,,
C7029,C1CCCC(N=[N+]=[N-])(n2ccnc2)C1,,,,,
C7030,N1(n2cncn2)CNNCN1,,,,,
C7031,C(C#C)C1C(n2cnnn2)CC2CCCCC2C1,,,,,
C7032,C1C(N2CN(C3CNNC3)CN2)CC(C2NCNCN2)CC1c1ccc(O)cc1,,,,,
C7033,CCC(C1NCCC(N=NO)C1)OC(=O)N,,,,,
C7034,C1CCC2C(N)CCC(C#C)C2(C2CCNN2C2CNNN2)C1,,,,,
C7035,C1(N2CNNN2)CCC(OC(=O)N)C(N=N)C1,,,,,
C7036,C(C(=C)C=N)C1([N+](=O)[O-])CC(N)CC(C)C1,,,,,
C7037,N1(N2CCC(n3ccnc3)N2)CN(C)CNN1N=[N+]=[N-],,,,,
C7038,N1CN(c2ccncc2)C(OC(=O)N)NN1,,,,,
C7039,N1NNN(c2c[nH]nc2)CC1,,,,,
C7040,C1C(C(=O)O)CC(CC)CC1(O)C1CNN(C2NCCNC2)CN1,,,,,
C7041,CC(COCc1ccccc1)OC1CNNNC1,,,,,
C7042,C(C(=C)N=[N+]=[N-])(OO)NC(=N)N,,,,,
C7043,C1N(C2CNNNC2)CN(C(=O)[N+](=O)[O-])N1n1ccnc1,,,,,
C7044,C1CCCC(OC(=O)N)(n2cncn2)C1,,,,,
C7045,N1NCCCC1(N)CCC,,,,,
C7046,C1CCC(c2cnncn2)CC1,,,,,
C7047,N1(C2CCC3C(C2)CCCC3)NN(N(N)[N+](=O)[O-])NC(N=N)C1,,,,,
C7048,C1CN(c2ccc(C)cc2)CN1,,,,,
C7049,C(C1CC(C2NCCCC2)CCC1)(C(=O)[N+](=O)[O-])C1CCC(O)(c2ccccc2O)CC1,,,,,
C7050,C(C#CC)C1NN(C(=O)O)NCN1,,,,,
C7051,N1NCCCC1c1c[nH]nc1,,,,,
C7052,N1(N2CCCN2)N(c2nnncc2)NCCC1,,,,,
C7053,N1CN(C2NN(c3cnnnc3)NN2)CCC1C1NCNN1,,,,,
C7054,C(C#C)OOc1ccccc1O,,,,,
C7055,CC1C(C2CNCCC2)NNC(c2cccc(C)c2)N1,,,,,
C7056,Cc1ccn[nH]1,,,,,
C7057,N1CNCCC1c1cc(O)ccc1,,,,,
C7058,C(#C)N=NON=O,,,,,
C7059,C1CC(c2c[nH]nc2)CCC1O,,,,,
C7060,C1CCC2(C3N(c4cc(O)ccc4)NCNC3)CCCC(C3CCNN3)C2C1,,,,,
C7061,C1CC(c2nnn[nH]2)C2CCC(C=O)CC2C1C1CCCCC1O,,,,,
C7062,N1(c2cc(O)ccc2)NNCCC1,,,,,
C7063,N1(N=O)CNCNN1,,,,,
C7064,N1C(N=[N+]=[N-])(CC#C)N(N=O)CNN1,,,,,
C7065,N1C(NN)NCNN1C1CCC2C(C1)CCC(C(=O)N)C2C(=O)C,,,,,
C7066,C(CC)c1cnncc1,,,,,
C7067,N1(C=CO)CNCN(C2CNNCN2)N1,,,,,
C7068,N1(CCC)NNCCC1N(N)O[N+](=O)[O-],,,,,
C7069,C1CCC(O[N+](=O)[O-])CC1O,,,,,
C7070,C(C=C)CC1CCC(C2CCCCC2)CC1C1NCNCN1,,,,,
C7071,N1C(C)CNCN1,,,,,
C7072,C1NC(OC(=O)N)NN1,,,,,
C7073,CC#CC1CCC(C)(c2cc[nH]n2)CC1,,,,,
C7074,N1CC(CC=C)NC(N2CCNC2)N1,,,,,
C7075,C(#C)C1CC(OC2NNNNC2)CC(N2CCC(C=C)N2)C1,,,,,
C7076,C1C(c2ncncn2)CC2(CC3CCCCC3)CCC(O[N+](=O)[O-])CC2C1,,,,,
C7077,C(C)O,,,,,
C7078,CC(N1CCCN1)n1ccnc1,,,,,
C7079,C1C(C(=O)CC#CC)CC2(C3CNNNC3)CCCCC2C1C1CNCN1,,,,,
C7080,C1CNCN1OOC1CCC(O)(N)CC1,,,,,
C7081,N1(n2cncn2)CNCNN1,,,,,
C7082,N1N(C2NCCNC2)N(C2CNCN2)CC(N)C1,,,,,
C7083,N1NNNC(O)(c2nnncc2)C1,,,,,
C7084,C(CN=N)C1(C(=O)C)C([N+](=O)[O-])NNC1,,,,,
C7085,C1CC(C2CNNCN2)(O[N+](=O)[O-])CCC1,,,,,
C7086,C1C(C=CC)NN(N2CCNN2)N1,,,,,
C7087,C1(C2(C)NNNN2)CCCCC1N1CNNN1,,,,,
C7088,C1(C2NCNN2c2nncnc2)C(C2NCCNC2)NCCN1,,,,,
C7089,C1NCNN1C1(C2CCCC(C)C2)CN(CC=C)NN1,,,,,
C7090,N1(N2CCNC2)C(C=N)NCN(C(=O)[N+](=O)[O-])N1,,,,,
C7091,CC#CC1CCC2CCC(C=CC)CC2(C2CCCC3C2CCCC3)C1,,,,,
C7092,C1CNN(C=CC)C1,,,,,
C7093,N1C(C2CCNCC2)CN(C2NCCN(c3ccc4c(c3)cccc4)C2CC)CN1,,,,,
C7094,N1C(C2CCCCC2c2nnccc2)NC(C=CCCC)NN1,,,,,
C7095,N1CC(O[N+](=O)[O-])NCN1n1cncn1,,,,,
C7096,C1CCC2(C3CCCCC3)C(Cc3ccccc3)C(C3CCCC(OO)C3C)CCC2C1,,,,,
C7097,C1CNNC1c1cc(O)ccc1,,,,,
C7098,C1C(C)CC(N=N)CC1,,,,,
C7099,N1C(C2NN(C3CNCN3)NCC2)NCNC1C(=O)[N+](=O)[O-],,,,,
C7100,C1(C2C(O)(C3NCCC(c4nncnc4)C3)CCCC2)NNNN1N=O,,,,,
C7101,N1(N2CC(c3nnccc3)NN2)CC(C2NN(C3CNNNC3)NCC2)NCN1,,,,,
C7102,C1(N[N+](=O)[O-])CNCN1c1c[nH]nc1,,,,,
C7103,N1(N2C(N=NO)CNN2)CNCNC1CC#C,,,,,
C7104,C1CCCC(C2CNNCC2)(c2ccccc2O)C1(O)C1NNCNC1,,,,,
C7105,C1CNC(C2CN(CC)NCC2)N1[N+](=O)[O-],,,,,
C7106,C1CC(CC=CC)CCC1,,,,,
C7107,N1C(CC)NCNC1,,,,,
C7108,C1NC(C2CCC(O)(C3C(O)CCC(C4CNNNC4c4nccnn4)C3)CC2)NN1,,,,,
C7109,C(C1(C2NNCNN2)C(C2CNNN2)CCCC1)c1ncccc1,,,,,
C7110,C1(c2ccc3ccccc3c2)CCCCC1O,,,,,
C7111,N1(c2cc(O)ccc2)NCCCC1,,,,,
C7112,C(C(C)C1CNNN1)c1ccccc1O,,,,,
C7113,N1CN(c2cnc[nH]2)C(C2CCNN2)NN1,,,,,
C7114,N1NNNCC1N=NC,,,,,
C7115,N1(N2CN(O)NN2)CN(c2nnn[nH]2)CN(O[N+](=O)[O-])C1,,,,,
C7116,N1(NC(=N)N)NN(C#N)CC([N+](=O)[O-])C1,,,,,
C7117,N1CN(CC2C(C3NNNCC3)(c3ncccc3)CCCC2)CNC1,,,,,
C7118,CC1CNN(C(=O)N)CN1,,,,,
C7119,C1N([N+](=O)[O-])N(C2NCC(C3CCCCC3)N2c2ncccc2)NN1,,,,,
C7120,N1CN(C(C)NC(=N)N)CN(CC#C)N1,,,,,
C7121,C(=C)C#CCC1NC(CC)C(N=N)NC1,,,,,
C7122,C(CC)c1nncnc1,,,,,
C7123,CC1NC(C2NCCNN2)NCN1c1cccc2c1cccc2,,,,,
C7124,C1CNN(C2(C#C)CNCC(c3ccc4ccccc4c3)C2)N1,,,,,
C7125,C1N(c2nnccc2)CNN1,,,,,
C7126,C#CC1CCC(O)(C#CC)C(n2ccnn2)C1,,,,,
C7127,N1(n2ccnn2)C(N2CNNN2)NCN(N[N+](=O)[O-])N1,,,,,
C7128,N1(C2CCNN2)CN(C2C(O)(OC(=O)N)CCCC2)CN(C#N)N1,,,,,
C7129,C(CC)(C=C)NC(=N)N,,,,,
C7130,N1CCN(NN)CN1O,,,,,
C7131,C1(N=O)(N=NO)CNNC1,,,,,
C7132,C1C(CCCC2NC(OC(=O)N)NN2)NNN1N=O,,,,,
C7133,C1CCCC(C)C1O,,,,,
C7134,C1(C(=O)O)CC(C2CNCN2)CCC1C1NNN(CCC)CN1,,,,,
C7135,C1CNC(C=CC)CN1,,,,,
C7136,C=C(C=N)C1(N)CC(O)CCC1,,,,,
C7137,C1(C)C(c2ccc(C)cc2)N(N)NC1,,,,,
C7138,C(C)(N(N)C#CC)C1CCN(c2c[nH]nc2)N1,,,,,
C7139,C1CNC(OO)N1C1CCCCC1,,,,,
C7140,C1(c2nnncc2)CNC(C2CNNN2C(=O)C)N1,,,,,
C7141,C(#C)C1N(c2cnncn2)NNN1,,,,,
C7142,CC(Cc1nncnn1)NC1NCCN1,,,,,
C7143,Cc1nccnn1,,,,,
C7144,C(#C)c1ccccc1O,,,,,
C7145,C1NN(C#N)NN1,,,,,
C7146,C1CCC(N)CC1OC1N(C2NCCNN2)CCN1,,,,,
C7147,CC#CC1(C2NNNN2)CN(C(=O)O)NNC1,,,,,
C7148,CC1CCC([N+](=O)[O-])C(C2NNCCC2C2C(C)NNN2)C1,,,,,
C7149,C1(O[N+](=O)[O-])N(C=CC2CNN(c3ncn[nH]3)N2)NNN1,,,,,
C7150,C(#CN=O)C1(C(=O)O)CCC2(c3nnncc3)CCCCC2C1,,,,,
C7151,N1(C)C(C)NCCC1,,,,,
C7152,C1CN(N=[N+]=[N-])C(C(=O)O)CN1,,,,,
C7153,C1(C=CC)C(C2CNNCC2)NNN1C1NNCNN1C#C,,,,,
C7154,CC1C(N=O)CCCC1,,,,,
C7155,C1NC(C2CN(c3ccccc3C)NC2)N(C2CCNCC2)N1,,,,,
C7156,C=COO,,,,,
C7157,N1CCNCN1OC(=O)N,,,,,
C7158,C1(C2CCNC(n3cccn3)C2)C(N2CNNN2)NCN1,,,,,
C7159,C1(c2nccnc2)CCCCC1,,,,,
C7160,C1CC(C=C)CCC1O,,,,,
C7161,CC1(N[N+](=O)[O-])CNN(C2CC(c3cccc(C)c3)CCC2C)C1,,,,,
C7162,C#Cc1ncn[nH]1,,,,,
C7163,C1CNNN1CC=C,,,,,
C7164,Cc1c(O)cccc1,,,,,
C7165,C1CC(C2CCCC3C2(N=O)CCCC3)(c2nncnc2)C2CCCC(C3NCNN3)C2C1,,,,,
C7166,N1(C(=O)O)CNCNC1,,,,,
C7167,N1CC(N=O)N(C2CNNC2)CN1,,,,,
C7168,Cc1nnncn1,,,,,
C7169,N1(C2CN(c3ccncc3)NNC2)N(N=NO)NNCC1,,,,,
C7170,C(C)c1cc[nH]n1,,,,,
C7171,C(=Cc1ccc2c(c1)cccc2)C1CCC(O)CC1,,,,,
C7172,C(C)C#CCn1ccnc1,,,,,
C7173,N1CC(C2([N+](=O)[O-])CC(N3C(C4CNNC4)CNC3)CC(C)C2)NCN1,,,,,
C7174,N1N(C2(c3ncncn3)CCC(O)CC2)C(C2C(O)CCCC2)CCC1,,,,,
C7175,C1CC(C)CC(N=N)C1,,,,,
C7176,C1C(c2c[nH]nc2)CCCC1O,,,,,
C7177,C(#C)C1(c2c[nH]cn2)NC(C=O)CCC1,,,,,
C7178,C1(C2CNN(C3CNNCN3c3ccccc3O)C2)CNNN1,,,,,
C7179,N1NN(C2CCNN2)N(N=N)CC1C(=O)O,,,,,
C7180,C(C=C)C1CCC(C#CC)CC1(O)CCC,,,,,
C7181,N1(C2NCNCN2)C(C2C(CC)CNN2)N(C(=O)[N+](=O)[O-])CNN1,,,,,
C7182,C1CCC(c2cc(O)ccc2)CC1,,,,,
C7183,N1(C2CCC3CCCCC3C2)NNC(C#N)CC1,,,,,
C7184,N1CNC(C(=O)[N+](=O)[O-])CC1,,,,,
C7185,C(#C)C(=O)O,,,,,
C7186,N1C(C2NC(OC(=O)NN(C(=N)N)c3ccc(O)cc3)NCN2)NNCN1,,,,,
C7187,N1C(CC2CCCCC2)CCC(c2ccccc2C)C1,,,,,
C7188,N1([N+](=O)[O-])C(OC2CNNNC2)CN(CCC)CN1,,,,,
C7189,N1(C(=O)N)CNNCN1,,,,,
C7190,N1CCCCC1c1c[nH]nc1,,,,,
C7191,CC1C(c2cnncc2)C(CC#C)CC(CC=C)C1,,,,,
C7192,C(C=C)(C1(C2NNNN2n2cccn2)CNNCC1)C1CNCN1,,,,,
C7193,N1CNCC(C2CC(C3CNNC(n4ccnc4)C3)NN2)C1,,,,,
C7194,N1CNNCN1C1CNN(Nn2cnnn2)CC1,,,,,
C7195,C1C(c2ccccc2C)NNN1,,,,,
C7196,CCC(=O)C,,,,,
C7197,C#CC1([N+](=O)[O-])CCNN1,,,,,
C7198,C1CCC(c2c[nH]cn2)CC1,,,,,
C7199,N1CNNC(Nc2nnnnc2)(N2CNNN2)N1,,,,,
C7200,C1N(N=O)C(C2NNNN2)(C2CNCN2)NN1NN,,,,,
C7201,N1C(c2ncccc2)CNC(N2C(N)CNC2)N1CC#C,,,,,
C7202,C1(C(=O)Nn2ccnc2)CCCCC1O,,,,,
C7203,N1(c2ncccc2)CNCNN1,,,,,
C7204,C(#CC(=O)[N+](=O)[O-])CC#CC=C,,,,,
C7205,C(C#C)(C1N(N=N)CC(N=O)CC1)C1CCCCC1O,,,,,
C7206,C1(c2nnncn2)CN(C(=O)C2CNNN2)N(C2CNNC2)C1,,,,,
C7207,N1NN(C2(c3cnncn3)NNC(C3NNNN3)NN2O[N+](=O)[O-])NCC1,,,,,
C7208,C1(N2CCC(C)(C(=O)C)N2)(c2cnncn2)CCCCC1,,,,,
C7209,C1(C(=O)[N+](=O)[O-])N(OO)CN(C2CCCCC2)N1,,,,,
C7210,N1CN(C=N)CN(N)C1CC#CN,,,,,
C7211,N1CN(CC#C)CC(N2CCCN2)(N=O)C1c1c(O)cccc1,,,,,
C7212,N1C(c2ccc3ccccc3c2)NCN(C(=O)NC2(N=O)NCNN2)C1,,,,,
C7213,C(#C)C1CN(C2NNNCC2)CN1C=N,,,,,
C7214,CC1(C2N(N=Nc3ccncc3)CCN2)CNCN1,,,,,
C7215,C1NC(c2cccc3c2cccc3)NN1,,,,,
C7216,C1(n2ccnn2)C(C2CNCN2)N(N)CCN1,,,,,
C7217,C(C(C)C1CNCN1)(N=N)C1(c2ccc3ccccc3c2)NNCCC1,,,,,
C7218,C(C#CCC#C)N=O,,,,,
C7219,N1CN(c2nnncn2)CNC1C1CCCCC1C,,,,,
C7220,CC1CCCCC1C1CCCCC1,,,,,
C7221,CC(=O)OC1N(N[N+](=O)[O-])NNN1N[N+](=O)[O-],,,,,
C7222,C(#C)C1N(Cc2ccccc2)NNNC1,,,,,
C7223,C1CN(c2nnncn2)C(C2CCC(O)CC2)CN1,,,,,
C7224,N1C(C2CCCC(C)(C3CCNCC3Cc3ccccc3)C2)NCNN1,,,,,
C7225,N1NNC(c2ccccc2O)C(C)C1,,,,,
C7226,C1CCCCC1N,,,,,
C7227,CC#CC(=O)c1c(O)cccc1,,,,,
C7228,C1CNNN1C1(NN)C(N2CCCN2)NNN(NN)C1,,,,,
C7229,C1C(C2CCCC(CC3CC(c4nnn[nH]4)CCC3C)C2)NC(N=N)CN1,,,,,
C7230,N1C(C2(c3nccnc3)NNCNN2)CCCC1,,,,,
C7231,C(=C)C1NN(C2(C3CCNCC3)CCC(O)CC2)CC(O)C1,,,,,
C7232,CC(=C)C1CC(O[N+](=O)[O-])C2C(C1)CCCC2,,,,,
C7233,C(#Cc1cnccc1)C1(C2CCCCC2O)CCNN1,,,,,
C7234,C(C)c1c(O)cccc1,,,,,
C7235,N1N(C=O)NCCC1,,,,,
C7236,N1(c2nnn[nH]2)CNC(C(=O)OC(=O)O)CC1,,,,,
C7237,C(CC)c1ccncc1,,,,,
C7238,C(C#CN)C1CCC(C2NCCN2)C(C)C1,,,,,
C7239,N1CNC(CC#C)CC1,,,,,
C7240,N1(C2CCCC(C)C2C2CCCCC2)CNCNC1,,,,,
C7241,C1CNC(C2CC(C3CCC(C(=O)N)CC3)NCC2)N1C1CNNN1,,,,,
C7242,C1(C2NNCCC2)(C2CNCN2)NCNN1C1CC(O)CCC1c1nncnc1,,,,,
C7243,N1(C(=O)O)CNC(Cc2ccccc2)NC1,,,,,
C7244,C1CNCN1C1CC(n2cncn2)CC(C)C1,,,,,
C7245,N1CNCNN1c1cnnnc1,,,,,
C7246,C1NNN(n2cncn2)N1,,,,,
C7247,C1C(C2N([N+](=O)[O-])NNCN2)N([N+](=O)[O-])NC1N1CCNN1,,,,,
C7248,N1NCCC(Cc2ccccc2)C1O,,,,,
C7249,N1CNC(C2NNCNN2)(c2nnncn2)NN1,,,,,
C7250,N1CNC(C2(OO)CCNN2)N(C2NNCNC2c2ncncn2)C1,,,,,
C7251,N1CCCC(NC(=N)Nn2ccnc2)C1O,,,,,
C7252,C(C)C(=O)[N+](=O)[O-],,,,,
C7253,C1CCC2CCCCC2(C(=O)N)C1,,,,,
C7254,C#CC1CC(C(=O)N)CC2C1CCC(c1nnnnc1)C2,,,,,
C7255,C1(n2ccnn2)CN(C2NNC(C=N)NN2)CN1,,,,,
C7256,C1N(C2CNCN2)NN(C2CCC3C(C2)CC(C(=O)N)CC3)N1,,,,,
C7257,C1CN(C)N(C#C)N1,,,,,
C7258,C1C(C2CCC(O)CC2)CCCC1CC=CC1CNNN1,,,,,
C7259,N1C(C2CNNN2)NCN(OO)C1C#N,,,,,
C7260,N1CN(N=[N+]=[N-])CCC1,,,,,
C7261,N1N(c2nnnnc2)NNCC1,,,,,
C7262,C1CC(c2nc[nH]n2)CCC1C1CCCCC1,,,,,
C7263,N1(O[N+](=O)[O-])N(C2C(c3ccc4c(c3)cccc4)NNNC2)NN(C#CC)CC1,,,,,
C7264,C1(c2nccnn2)CNC(C2NCNN2)(C(=O)O)N1[N+](=O)[O-],,,,,
C7265,C1CC(O[N+](=O)[O-])CCC1O,,,,,
C7266,N1(C2CCCCC2)CCCC(N2CNNN2)C1,,,,,
C7267,C(C(C(=O)C)O)n1cccn1,,,,,
C7268,N1CNCC(c2cc[nH]n2)C1,,,,,
C7269,N1CNCN(C2CCNN2)C1(N[N+](=O)[O-])c1nccnn1,,,,,
C7270,N1N(c2ccccc2C)CCCC1,,,,,
C7271,N1C(C#CC)NCNC1,,,,,
C7272,CC1(CC#CC=O)C(O[N+](=O)[O-])C(CCC)CCC1,,,,,
C7273,N1NN(C2CCC(C(=O)O)C(C)C2)N(CC#CN=NO)CC1,,,,,
C7274,N1CNCN(C2C(c3ncncn3)C(O)(NN)CCC2)N1C1CNNN1,,,,,
C7275,C1CC(c2ccc(C)cc2)CCC1O,,,,,
C7276,C(CC)N=N,,,,,
C7277,C1CN(c2nncnc2)NC1,,,,,
C7278,C1(C2C(C=O)NNN2)CNCN1,,,,,
C7279,C1NN(CC)NN1,,,,,
C7280,C1CCCC(C=O)(C2C(c3nc[nH]n3)CC(C)CC2)C1O,,,,,
C7281,C1CCC2C(N=NO)CCCC2C1,,,,,
C7282,C=CN,,,,,
C7283,C1CCCCC1C1CCC2C(C3C(C(=O)O)CNN3)CCCC2(c2cnc[nH]2)C1,,,,,
C7284,N1CNN(NN)C(C2NCNCN2)N1,,,,,
C7285,C1(C(=O)O)CNNN1C1CNC(C2C(C(=O)N)NNN2)CC1,,,,,
C7286,N1(C=CC)NCC(C2C(O)CCCC2)CC1,,,,,
C7287,C1NN(C2CC([N+](=O)[O-])C(C)CC2)NN1C1NNCNC1,,,,,
C7288,C1CCC(N=N)C(c2c[nH]nc2)C1,,,,,
C7289,C1CNNC1O,,,,,
C7290,C1NN(N2CNNN2c2cnn[nH]2)NN1,,,,,
C7291,C1NCNN1C(=CCC1CCC2CCCC(N)C2C1)c1nnnnc1,,,,,
C7292,C1C(OO)(C#N)N(C=Nc2ccc(C)cc2)CN1,,,,,
C7293,N1C(N=NO)N(N=O)CCC1C1C(C2CCCC(C)C2)NNCC1,,,,,
C7294,CC#CC1CCC2C(C1)C(N(N)c1nnn[nH]1)CCC2,,,,,
C7295,C1CN(c2nnnnc2)NN1C1NNNNC1,,,,,
C7296,C1CNNC1c1cnn[nH]1,,,,,
C7297,N1CN(C(=O)C)CCC1,,,,,
C7298,C1CN(c2nccnc2)NC1C=C,,,,,
C7299,C(C)(C(=C)N=[N+]=[N-])NC(=N)N,,,,,
C7300,CC1(c2nncnn2)CCCCC1,,,,,
C7301,CC(C(CC)N)C1C(Oc2c(O)cccc2)CCCC1,,,,,
C7302,N1N(c2c[nH]nc2)NCCC1,,,,,
C7303,N1(n2cncn2)CNCNN1N1CNNN1,,,,,
C7304,C1(O[N+](=O)[O-])CCCCC1N=NO,,,,,
C7305,C(C)C(=CC)C1NNCNC1c1ncccc1,,,,,
C7306,N1N(C(=O)[N+](=O)[O-])CCCC1,,,,,
C7307,N1C(n2ccnc2)NCC(C2NCCNC2)C1(C=CC)N,,,,,
C7308,C1(C2CNNCN2)C(N=O)(C2CNCCC2)CC(NC(=N)N)CC1,,,,,
C7309,N1CNC(c2c(O)cccc2)NN1,,,,,
C7310,CCCc1nnnnc1,,,,,
C7311,C1CCCCC1C1NN(C2NCCN2)NNC1CC#C,,,,,
C7312,N1C(c2cnn[nH]2)C(C2C(O)C(C3NCNN3)CCC2)CCC1,,,,,
C7313,N1(C2CCC3(c4ncn[nH]4)CCCCC3C2)CCNC(C(=O)NC2NCCNN2)N1,,,,,
C7314,N1C(N)N(C2CC(O)CCC2)N(OO)CN1c1ncc[nH]1,,,,,
C7315,C1C(C2(C3CCNN3)CCCC(C)C2)N(c2cnncn2)N(N)N1,,,,,
C7316,C1CCC2C(C3NC(c4ccccc4C)CCC3)CCC(CCC)C2C1,,,,,
C7317,C(CC)C1(c2cnncc2)CCCCC1,,,,,
C7318,C1CNNN1c1cnc[nH]1,,,,,
C7319,C1(C=N)(C=O)NN(C2(CC3CCCCC3)CC(O)CCC2)NN1,,,,,
C7320,C1(C2(c3ccc4c(c3)cccc4)CCC(O)CC2)CNNN1N=O,,,,,
C7321,N1CNC(O)NN1,,,,,
C7322,C1CNCC(C(=O)N)N1C(=O)O,,,,,
C7323,N1(C2C(n3ccnn3)CC(C3NCCNC3)CC2)NNCCC1C1CNNN1,,,,,
C7324,C1CNC(N[N+](=O)[O-])C(OC(=O)NC=O)N1,,,,,
C7325,N1CNC(C2N(C3CCC(c4nc[nH]n4)C4C3CCCC4)NCCC2C2NNCCC2)NC1,,,,,
C7326,N1C(N=[N+]=[N-])NCNN1CC=CC1CCC(C)CC1C,,,,,
C7327,N1NCCC(N2C(C#N)CNN2C(=CC)CC#C)C1,,,,,
C7328,N1(C(=O)N)NNC(c2cnc[nH]2)CC1,,,,,
C7329,C1C(C2CN(c3cccc(C)c3)CCC2)NCCN1,,,,,
C7330,C1(NC(=O)C)NN(OO)NN1,,,,,
C7331,N1(C2C(O)C(c3ccc(O)cc3)C(N=O)CC2)CNNC(N=O)N1,,,,,
C7332,C1CCC2C(c3cnnnc3)C(C3CCC(O)CC3)CCC2C1,,,,,
C7333,CC1NN(c2nncnc2)CNC1C(=O)O,,,,,
C7334,N1NNCCC1C=O,,,,,
C7335,CCC1C(C)CC2CCCCC2C1,,,,,
C7336,C(=C)C#CC,,,,,
C7337,N1CCN(OO)CN1C1NNNN1,,,,,
C7338,C1CC(CC)C2(C3NCN(C4CCC5C(C4)CCCC5)N3C)CCCCC2C1,,,,,
C7339,C(=C)(C1NNN(CC)N1)CCC,,,,,
C7340,N1NNCC(n2ccnc2)C1,,,,,
C7341,N1CNC(C(C=C)CC#Cn2cccn2)NC1,,,,,
C7342,CCC1(c2ccc(O)cc2)NCCCC1,,,,,
C7343,CC1C(c2nncnn2)C(C(=O)O)C(O)CC1,,,,,
C7344,N1NN(N2C(C3NNCNC3)CNC2)C(N2CCNN2)(c2ccncc2)CC1,,,,,
C7345,C1(N=NN2C(CCC)CNC2)CN([N+](=O)[O-])CN1,,,,,
C7346,C1CC(c2c[nH]nn2)CCC1,,,,,
C7347,C(#C)c1cc(O)ccc1,,,,,
C7348,C1(c2cnn[nH]2)CCC2(C3(CC#C)CCNCC3)CCCCC2(N=N)C1,,,,,
C7349,C1CN(N=NO)CN1C1CCCCC1C1NNN(O)CC1,,,,,
C7350,N1CN(C2NNCCC2)NCN1OOc1ccc2c(c1)cccc2,,,,,
C7351,C(C#CN1CNN(C(=O)O)N1)c1ccc2ccccc2c1,,,,,
C7352,C1CCC2C(C#N)CCCC2C1C1CN(C=N)CN1,,,,,
C7353,N1(C2NNCNC2)C(C2NNC([N+](=O)[O-])NN2)NCNN1C(=O)C,,,,,
C7354,C1C(C2CN(C)CN2)NCN1,,,,,
C7355,N1NN(c2ccncc2)NCC1,,,,,
C7356,C1C(C#C)NCCN1N,,,,,
C7357,N1(CC#C)CC(N)NCN1O[N+](=O)[O-],,,,,
C7358,C1CC(C(=O)[N+](=O)[O-])CC(N)C1C1CCC2CC(c3ccccc3C)CCC2C1,,,,,
C7359,C1CCCC(CC=C)C1NC(=N)N,,,,,
C7360,C1C(C(=O)[N+](=O)[O-])NNN1,,,,,
C7361,C1NCN(NC(=N)Nc2nnn[nH]2)N1,,,,,
C7362,N1(C2NC(C#N)NN2)C(C2CCCCC2)NNCN1C1NCCN1,,,,,
C7363,N1CNCC(C#CC=O)(N=N)C1,,,,,
C7364,N1(C2CCC3C(C2)CCCC3)CCN(C#CC2NNCNC2)C(C(=O)[N+](=O)[O-])N1,,,,,
C7365,N1C(c2c[nH]nn2)NCNN1,,,,,
C7366,N1NN(O)CCC1,,,,,
C7367,C1(C2CNNCC2)CCC(C2CCCCC2)CC1OC1CCCC(C)C1O,,,,,
C7368,N1C([N+](=O)[O-])CNC(O)(CC#C)N1,,,,,
C7369,CC(=C)C1NCC(CC2CC(CCC)CCC2)NN1,,,,,
C7370,N1N(OC(=O)N)N(N2C(O)NCN2)CCC1N,,,,,
C7371,CC1(N[N+](=O)[O-])CCN(c2ccc3c(c2)cccc3)N1C1NNCCC1,,,,,
C7372,C1CCCC(N=O)C1O,,,,,
C7373,N1N(n2ccnc2)NCCC1,,,,,
C7374,CC1CCCC(C(=O)N)C1C1CNNC([N+](=O)[O-])C1,,,,,
C7375,C1N(C2C(OC(=O)N)CNCC2)CNN1,,,,,
C7376,N1CN(C2(c3ccn[nH]3)CCC(O)CC2)CC(C2C(O[N+](=O)[O-])NNCC2)C1,,,,,
C7377,C1CCC(C2CNN(C=CC)N2)CC1,,,,,
C7378,N1CNCNC1CN,,,,,
C7379,C1CNCN1C1NN(c2nnncn2)NN1,,,,,
C7380,C1(C)(c2ccc3ccccc3c2)CCCCC1,,,,,
C7381,N1CC(Cc2ccccc2)N(C=C)CN1,,,,,
C7382,C1CCC(c2nc[nH]n2)C(C2CCCCC2)C1O,,,,,
C7383,N1CNC(O)CC1,,,,,
C7384,N1CCCCC1c1cc(O)ccc1,,,,,
C7385,C1CCC(C)CC1(O)C1(C)CNNC1,,,,,
C7386,N1N(c2cnn[nH]2)NCCC1,,,,,
C7387,C1CCC(N=[N+]=[N-])CC1,,,,,
C7388,C1CCC(c2ncccc2)CC1,,,,,
C7389,N1(N)NCC(C2NCNC(NC(=N)N)N2)CC1,,,,,
C7390,C1C(C2NNNN2)N(c2ncccc2)CC(OO)N1,,,,,
C7391,N1C(C2C(C)(C(=O)C)NNN2)N(O)CNN1,,,,,
C7392,C1CC(C2(C=O)CNCN2)C(N=[N+]=[N-])C(C2NNNCC2)C1,,,,,
C7393,CC1(CC=C)CCC(n2ccnc2)CC1,,,,,
C7394,N1N(C=N)CC(c2ncn[nH]2)CC1N1CCN(N2CCCN2)C1,,,,,
C7395,N1CCCCC1N,,,,,
C7396,CC=CC1CCCCC1,,,,,
C7397,C(C=CCC=C)(O)c1ccc(C)cc1,,,,,
C7398,C1C(C(C)C(=O)O)NC(O)(C=C)N1,,,,,
C7399,C1(C2CCCCC2)CN(C2(C3CCC(ON4CCNC4)CC3)NCCN2)NN1,,,,,
C7400,N1CN(n2cccn2)C(O[N+](=O)[O-])NN1,,,,,
C7401,C1(N2CC(C3CC(c4nccnn4)C4C(C3)CCC(C3NCNN3)C4)NC2)CCCCC1O,,,,,
C7402,N1NNCCC1c1cnccc1,,,,,
C7403,C(C)C1N(C(=O)O)CC(C2CCC3CCCCC3C2)NC1C=N,,,,,
C7404,C1C(c2nnncn2)CCCC1O,,,,,
C7405,N1C(C#N)(C2CCC(C)(C(=O)C)CC2)CN(C2CNNN2)CN1,,,,,
C7406,N1(c2ccn[nH]2)CNN(C)C(OO)N1,,,,,
C7407,N1C(C2N(C3N(c4cccc(C)c4)CNN3)CCN2)CNC(CC=C)N1,,,,,
C7408,C=CC1CC(C#C)(c2nnncn2)CCC1O,,,,,
C7409,N1(c2c[nH]nn2)CCCCC1,,,,,
C7410,N1NCC(c2c(O)cccc2)CC1C=C(C)C1C(O)CCCC1,,,,,
C7411,CC=Cc1cccc(C)c1,,,,,
C7412,N1CNC(N[N+](=O)[O-])CC1C1CCC(O)CC1,,,,,
C7413,N1CC(CCCc2ccccc2)NC(C2CNCN2)N1,,,,,
C7414,C1C(C#C)CC(C2(C#CC)CCNCC2)CC1,,,,,
C7415,C1N(CCC)CNN1,,,,,
C7416,C(C)C1N(C#CC)CN(C2CCC3C(C2)CCCC3)N1,,,,,
C7417,N1NCC(C2NCNN2c2cc[nH]n2)CC1,,,,,
C7418,N1CNCCC1(C1CN([N+](=O)[O-])CN1)OC(=O)N,,,,,
C7419,C1(C(=O)On2cnnn2)CNNC1,,,,,
C7420,CC(C)N1C(C2CNN(N)N2)CNC1c1nccnc1,,,,,
C7421,C1CNCN1c1c[nH]nn1,,,,,
C7422,C(#C)CCC,,,,,
C7423,C(C(=C)C1NCNCN1)C(=O)C,,,,,
C7424,C1C(C2C(ON)CCCC2)CC2CCCCC2(N2CC(c3c[nH]nn3)NN2)C1,,,,,
C7425,N1(CC)C(C2NCN(C#CC)N2)CNCN1,,,,,
C7426,CCC1C(NN)C(CC)NN1,,,,,
C7427,N1CCCC(CCCC#CC)C1,,,,,
C7428,CC#CCCc1cnncn1,,,,,
C7429,C1(c2cnncn2)CNCCN1,,,,,
C7430,C(CCC(=O)O)C(=O)[N+](=O)[O-],,,,,
C7431,C(#CNC(=N)N)c1cnn[nH]1,,,,,
C7432,C1CNC(C2CCCC3(C4(c5cnc[nH]5)CCCCC4C)C2CCCC3)CN1,,,,,
C7433,C1CNC(c2ccc(O)cc2)N1,,,,,
C7434,N1NC(C#N)CCC1,,,,,
C7435,C(#CC1CCCC(c2nnn[nH]2)C1OC1NCCN1)CC#C,,,,,
C7436,C(C#N)(O[N+](=O)[O-])N,,,,,
C7437,N1C(CC=C)CNCN1,,,,,
C7438,C1(C2(C(=O)O)CNNCN2O[N+](=O)[O-])CNN(C(=O)N)C1,,,,,
C7439,CCC(CCC)N=[N+]=[N-],,,,,
C7440,N1NNCC(C2CNNN2)C1c1ncn[nH]1,,,,,
C7441,C(=C)C(=O)O,,,,,
C7442,C1CNN(c2nncnn2)N1,,,,,
C7443,CC(C)(NN)C=N,,,,,
C7444,C1CN(C2C(O)CCCC2(C(=O)[N+](=O)[O-])CCC)CCN1,,,,,
C7445,C1C(C2CCC(O)CC2)C(O)CCC1c1nccnc1,,,,,
C7446,C(C=C(C1NNCNC1)N=O)(O[N+](=O)[O-])C=CC,,,,,
C7447,N1CCNCN1C1(n2cncn2)CNNNC1,,,,,
C7448,C(C#CC)(NC(=NN1CNNN1)N)Cc1ccccc1,,,,,
C7449,CC(C)(C=N)C1C(N=N)C(O)CCC1,,,,,
C7450,N1CCC(C2C(C3NN(C(=O)N)CC(O)C3)CC(C)CC2)CC1,,,,,
C7451,C1CCCC(c2ccc3c(c2)cccc3)C1O,,,,,
C7452,N1NNN(c2nnnnc2)CC1,,,,,
C7453,CC1CC(c2cnncn2)CCC1,,,,,
C7454,C1(C=O)(C2CNN(O)NC2)CNC(C2CCCC3C2CCCC3)N1,,,,,
C7455,CC=C(C1CCC([N+](=O)[O-])C2C1CCCC2)c1nccnn1,,,,,
C7456,N1CNCN(N=N)C1,,,,,
C7457,C(C#C)c1nc[nH]n1,,,,,
C7458,N1CCN(C2(CCC)CCC(c3cnn[nH]3)CC2C)CN1,,,,,
C7459,C(C=CC1NCC(c2ncc[nH]2)NC1CC=C)NN,,,,,
C7460,N1CCNCN1c1cnncc1,,,,,
C7461,N1NN(C2CCCCC2Oc2ccc(C)cc2)NC(C=O)C1,,,,,
C7462,CC(C)(C1NNNCN1)C=C,,,,,
C7463,C1N(O)C(C2C(N)(C)CC(C)CC2)NN1,,,,,
C7464,CCCCc1ccccc1,,,,,
C7465,C(#CN(C(=NC(=O)C)N)c1ccccc1O)C(=O)C,,,,,
C7466,C1CCC(C2CC(N3CNC(C4CNNCN4)N3)N(N=NO)CC2)CC1,,,,,
C7467,C1C(C(=O)OC#C)CCCC1,,,,,
C7468,C1CN(C2CCCC(C)(C=C)C2)N(CCc2nncnc2)N1,,,,,
C7469,N1(C(=O)O)NNNC(C(=O)O)C1,,,,,
C7470,N1(C2CCCC(c3nncnc3)C2C)CNC([N+](=O)[O-])NN1,,,,,
C7471,N1CC(C=C)NC(C2CCNN2)N1,,,,,
C7472,N1C(N2CNNN2)CCC(c2c(O)cccc2)C1,,,,,
C7473,C1CCC(c2cc(O)ccc2)CC1,,,,,
C7474,N1(C2CCC3C(C2)CC(N)CC3)C(C2CCCC(C)C2)CC(N=[N+]=[N-])CC1,,,,,
C7475,C1CNCC(C2CC(c3ccc(C)cc3)C3CCCCC3C2)N1,,,,,
C7476,C1C(N2CCNC2)CCCC1C=CCc1c[nH]nc1,,,,,
C7477,C(#CC#N)C=O,,,,,
C7478,CCCc1nccnc1,,,,,
C7479,C(=C)C(=O)O,,,,,
C7480,CC(C1CCNCC1)O,,,,,
C7481,N1C(C2CNCCC2)(CC2CCCCC2c2ccc3c(c2)cccc3)CC(C2CCC3C(C2)CCCC3)CC1,,,,,
C7482,N1C(OO)C(C2N(NC(=N)N)CCCC2c2nc[nH]n2)NCN1,,,,,
C7483,CCCC,,,,,
C7484,N1CN(C2CC(O[N+](=O)[O-])NN2)CNC1,,,,,
C7485,C#Cc1ncn[nH]1,,,,,
C7486,C1C(C2CNNCN2)NN(C(C(C)C(=O)[N+](=O)[O-])C2CCC3CCCCC3C2)N1,,,,,
C7487,N1CN(C2NNN(C3CNCCC3N=NO)N2)CCC1,,,,,
C7488,N1CNC(O[N+](=O)[O-])CC1,,,,,
C7489,CC#COC(=O)NN,,,,,
C7490,C=CC1N(n2cccn2)CCNC1,,,,,
C7491,C1NCNN1C1NCNC(NC(=N)N)N1,,,,,
C7492,N1NCC(OC(=O)N)CC1,,,,,
C7493,N1NN(C#N)N(C2N(C3NNCNC3)CNCN2)CC1,,,,,
C7494,C1CNNC1N,,,,,
C7495,C1(n2ccnc2)CCC2CCC(C3CCCCC3C)CC2C1,,,,,
C7496,C1CNNN1N=NO,,,,,
C7497,C(=C)C(C1CCCCC1)c1nccnc1,,,,,
C7498,N1C(C2CCNN2c2ccn[nH]2)NCNN1,,,,,
C7499,N1(C=CC)NNN(CC)CC1,,,,,
C7500,CCCc1c(O)cccc1,,,,,
C7501,CC=C(C(=O)N)C(=O)O,,,,,
C7502,N1CN(C2CNNC(CC#C)C2)CCC1,,,,,
C7503,C1CC(C2NNCN(C)N2)C2CCCCC2C1,,,,,
C7504,C(CN)O,,,,,
C7505,C1(O[N+](=O)[O-])CNCN1C1CNNC(c2c[nH]nn2)N1,,,,,
C7506,C1CN(c2c[nH]cn2)CN1,,,,,
C7507,C1N(C(=O)O)CNN1,,,,,
C7508,C1CCC2CCC(C3CN(C4N(c5cnc[nH]5)CNN4)N(O)C3)CC2C1,,,,,
C7509,C1NNNN1C1NNN(C=CC)N(C2C(O)CCCC2)C1,,,,,
C7510,N1C(OC(=O)N)N(c2cc(O)ccc2)CN(C2CCCCC2O)C1,,,,,
C7511,N1CNCCC1C1C(C2CCC(CC#C)C(C)(C(=O)N)C2)NCCC1,,,,,
C7512,C1(O[N+](=O)[O-])NNNN1C1C(c2c[nH]nn2)CCCC1,,,,,
C7513,C1CN(C2(n3ccnc3)CCCCC2)NC1,,,,,
C7514,C1N(N2C(C3CCCCC3O)NNN2)N(c2cc[nH]n2)NN1,,,,,
C7515,C1N(C2NCNCN2)NNN1n1cncn1,,,,,
C7516,CC1CCC(C2(c3ncc[nH]3)CCNN2)CC1,,,,,
C7517,C(C=C)c1ncn[nH]1,,,,,
C7518,C(C=CC=CC)C1CCC(O)C(C=C)C1,,,,,
C7519,CC(=C)c1nncnc1,,,,,
C7520,C1(c2nnn[nH]2)CCCCC1C1CCC(C)CC1,,,,,
C7521,C1CN(C2CNN(C3CC(C=O)C4C(C3)CCCC4)N2)N(C2CCCC(C)C2)C1,,,,,
C7522,C1NC(C#C)NN1,,,,,
C7523,N1CNN(N=[N+]=[N-])C(C2(c3cnncn3)NC(C3NCCNN3)CNC2)N1,,,,,
C7524,N1N(N2CCC([N+](=O)[O-])N2c2ccc(O)cc2)N(C2CCNN2)CCC1,,,,,
C7525,N1NN(CCC)CC(N=O)C1,,,,,
C7526,C(C)c1cnccc1,,,,,
C7527,C1CCCCC1N,,,,,
C7528,C1N(n2cccn2)N(O)N(C2CCCC(C)C2)N1CCC,,,,,
C7529,N1CC(C2NN([N+](=O)[O-])CCC2)NCN1C=N,,,,,
C7530,C1CCCCC1(O)c1ccc2ccccc2c1,,,,,
C7531,C1CCCCC1C(=O)O,,,,,
C7532,CC(=C)c1ccc2c(c1)cccc2,,,,,
C7533,N1(CC2CNN(c3nncnc3)C2)CNCNC1,,,,,
C7534,C(=C)(C(=O)[N+](=O)[O-])c1ccc(O)cc1,,,,,
C7535,C1C(c2nncnc2)CCCC1O,,,,,
C7536,CC#CCC,,,,,
C7537,C1CNNC1OC(=O)Nc1ncc[nH]1,,,,,
C7538,N1C(C(=O)O)NCNN1C1CC(C2CNCN2)CCC1OC1NCNN1,,,,,
C7539,N1CCNC(C2(C3(C=O)NCNCN3)NCCCC2)N1,,,,,
C7540,CC1(N2CN(N3CCCN3)NN2)CCC(Cc2nnncn2)CC1,,,,,
C7541,C1NN(c2cc[nH]n2)NN1,,,,,
C7542,C1CC(C2NCNC(OC(=O)Nc3c[nH]nn3)N2)CCC1O,,,,,
C7543,C1NNN(c2nnn[nH]2)N1,,,,,
C7544,C1CN(c2nncnn2)NN1,,,,,
C7545,C1CNNC1c1c[nH]nc1,,,,,
C7546,N1C(n2cccn2)NCN(N=[N+]=[N-])C1,,,,,
C7547,C(C#CC#CCC#C)c1nncnn1,,,,,
C7548,C1(c2ccn[nH]2)NCNN1,,,,,
C7549,CCc1nnncc1,,,,,
C7550,C1CCC2CCCC(c3ccc4c(c3)cccc4)C2C1,,,,,
C7551,C1CN(c2cc(O)ccc2)NN1,,,,,
C7552,N1NCCC(C2CC(c3nc[nH]n3)CCC2C)C1,,,,,
C7553,C1CNC(C2(C3CC(CC=C)CCC3)C(O)CCCC2)(N[N+](=O)[O-])N1,,,,,
C7554,C(=C)C1N(C2CNCCC2)CNN1OC(=O)N,,,,,
C7555,C1(C#CCC2NNNCC2OO)NNN(O)N1,,,,,
C7556,C1(c2cnnnc2)CN(OC(=O)N)NC1C1N(CCC)CNCN1,,,,,
C7557,N1CC(C2NNNCC2)N(c2nnncn2)CN1,,,,,
C7558,C(C1CCCCC1C1CCC2CCCCC2C1)N(C(=N)N)C1CCN(c2cnccc2)N1,,,,,
C7559,N1(c2ccc3ccccc3c2)NNCCC1,,,,,
C7560,CC(C=C)N1CNN(C#CCCC)N1,,,,,
C7561,N1CN(c2c[nH]nc2)CNC1,,,,,
C7562,N1(C2(C=CC)CCCC(C)C2)N(N=NO)NNC(C#CC)C1,,,,,
C7563,C(=C)[N+](=O)[O-],,,,,
C7564,C1(C2NNNN2)C([N+](=O)[O-])N(C2C(OC)CCCC2)NN1,,,,,
C7565,N1C(Cc2ccccc2)CCCC1,,,,,
C7566,C(C1CCCCC1)C#CC,,,,,
C7567,CCCC1CCC(O)(OO)CC1n1ccnc1,,,,,
C7568,C(C(=C)OC(=O)N)n1cccn1,,,,,
C7569,C1C(OOc2nnncc2)CCCC1,,,,,
C7570,N1CNNC(C2CCC(C)CC2)N1C=O,,,,,
C7571,N1(C2N(c3nncnn3)NNCN2)N(C2CCNCC2)CCCC1N,,,,,
C7572,N1NCC(C2(c3c[nH]nc3)CCCC(C)C2C2CCCCC2)C(CC#C)C1,,,,,
C7573,C=Cc1ccc(O)cc1,,,,,
C7574,C(#C)C1CCC2CC(N)CCC2C1,,,,,
C7575,C1(CC=C)CNCN1,,,,,
C7576,N1(C2N(c3cnc[nH]3)CCNC2)CCNCN1,,,,,
C7577,CC(=O)O,,,,,
C7578,C1C(C2N(N(Nc3ccc4c(c3)cccc4)NN)NNNC2)NNN1,,,,,
C7579,C(C#C)(O)C1CNNN1C=O,,,,,
C7580,C(=C)(C1(C2C(O)(c3nnnnc3)CCCC2)CNNN1)C(=O)O,,,,,
C7581,C(#C)C1(C2NCN(c3cc[nH]n3)N2)CNNN1,,,,,
C7582,C(C#CC(=C)C=CC)c1c[nH]nc1,,,,,
C7583,CC1CC(N=N)(N)CCC1c1ccccc1C,,,,,
C7584,N1(O[N+](=O)[O-])CNC(C(=O)[N+](=O)[O-])NC1(C(=O)N)n1ccnc1,,,,,
C7585,N1N(C#CN=O)NC(C(=N)c2cnccc2)CC1,,,,,
C7586,N1N(c2ncn[nH]2)NNCC1,,,,,
C7587,C(#CC1CCC2C(N=O)CCCC2(C#C)C1)C=CC,,,,,
C7588,C1CCC(C=O)CC1,,,,,
C7589,C(C=C)c1ncn[nH]1,,,,,
C7590,N1C(C2NN(C3CCNCC3C=C)CNC2)NCC(C(=O)[N+](=O)[O-])C1,,,,,
C7591,N1(CC#C)CNC(CC2CCC(C(=O)N)CC2)NC1,,,,,
C7592,C(C(C)C1(c2nccnn2)NCNN1)CC=C,,,,,
C7593,Cn1cncn1,,,,,
C7594,N1C(C2C(O)CC(c3ccc4ccccc4c3)CC2C#CC)NCCC1,,,,,
C7595,N1CN(OC(=O)N)CCC1,,,,,
C7596,CC(=O)O,,,,,
C7597,N1(c2cccc(C)c2)CNCNC1,,,,,
C7598,C1(C(=O)OC=N)NC(c2nc[nH]n2)N(CC=C)N1,,,,,
C7599,N1CCNCN1c1cnn[nH]1,,,,,
C7600,C1CNC(C(=O)N)N1,,,,,
C7601,N1NN(O)N(C(=O)C)C(c2cnc[nH]2)C1C=N,,,,,
C7602,C(C1(C2NC(C3CNNCN3)CNC2)CNCN1)c1nncnn1,,,,,
C7603,C1(C(=O)N)CC(O[N+](=O)[O-])CC(c2nncnn2)C1,,,,,
C7604,C1(C2(C(=O)O)CCC(O)(C3CCNN3)CC2)CCCC(N[N+](=O)[O-])C1,,,,,
C7605,C1CNC(N2CCNN2)C(C2N(CC)CCNN2n2ccnn2)N1,,,,,
C7606,C(C#CC(=O)N)N=N,,,,,
C7607,C(CC)C(C(C)C1CCCC2C1CCCC2)C1NNC(OC(=O)N)NC1,,,,,
C7608,N1CCCC(c2ncn[nH]2)C1,,,,,
C7609,N1NC(c2cccc3c2cccc3)CCC1C,,,,,
C7610,N1(C(=O)O)CC(O)N(C2CNC(c3ccc(O)cc3)N2)CN1,,,,,
C7611,N1CN(NC(=N)N)CC(N)C1c1nccnn1,,,,,
C7612,C1(NC(=N)N)C(OC(=O)N)N(NN)CN1,,,,,
C7613,C1(N=[N+]=[N-])(c2ncc[nH]2)NNN(C2NNCNN2)N1,,,,,
C7614,CC=CN[N+](=O)[O-],,,,,
C7615,N1CN(C2CNN(N=N)CC2)NCN1,,,,,
C7616,C1(c2ccncc2)NCNN1C1CNCN1,,,,,
C7617,N1NNCC(n2ccnn2)C1,,,,,
C7618,C(CCC#C)C1C(c2cccc(C)c2)NCN1,,,,,
C7619,C1(OC(=O)N)(C(=O)O)CCCCC1O,,,,,
C7620,N1NNNC(C2CCNCC2)(CC=C)C1c1nnncc1,,,,,
C7621,CC=Cc1ccc(O)cc1,,,,,
C7622,N1NNCC(C2(C=O)CCC(C=O)CC2C)(C2CCC(O)CC2)C1,,,,,
C7623,N1NN(C2CCC3CCCCC3([N+](=O)[O-])C2)C(C#CC)CC1,,,,,
C7624,N1NCC(C2CNN(c3cc(O)ccc3)N2)CC1,,,,,
C7625,C(C#CNN)C(=O)C,,,,,
C7626,N1(c2nccnc2)CC(CC#C)NC(C2(N=N)NCCNC2)N1,,,,,
C7627,C1(N)CCC(C=O)CC1,,,,,
C7628,C1C(c2nnncn2)CCCC1,,,,,
C7629,C(C)C1C(O)CCCC1c1cnnnc1,,,,,
C7630,N1CCC(C2NNCC(c3nc[nH]n3)C2C2CNCN2)C(N=N)C1,,,,,
C7631,C1CC(NC(=N)N)CCC1(O)c1nncnc1,,,,,
C7632,C(C)c1ccc2c(c1)cccc2,,,,,
C7633,C1C(C(=O)[N+](=O)[O-])NNN1,,,,,
C7634,CNc1ncc[nH]1,,,,,
C7635,C1CCC2(n3cncn3)CCCCC2(C#C)C1,,,,,
C7636,CC=C(C(=O)N)C1CNN(C2CNNCN2)N1C#N,,,,,
C7637,C([N+](=O)[O-])N=NO,,,,,
C7638,C1C(C2NCNN2C=O)CCCC1OC(=O)O,,,,,
C7639,C1N(C2C(O)CCCC2)CNN1C1(C2CCCC3C2CCCC3c2cnc[nH]2)CCC2CCCCC2C1,,,,,
C7640,C1NN(C2NNNCN2)NN1CC,,,,,
C7641,C1(N)N(N)CNN1,,,,,
C7642,C1(C#N)CCCCC1,,,,,
C7643,N1C(C2NC(c3cccc(C)c3)NCN2)CNCN1,,,,,
C7644,C1(C2CCNN2C2NCNN2)C(OC(=O)Nc2cnncc2)NNN1,,,,,
C7645,CC1CCC(C#CC)C(C#N)C1,,,,,
C7646,N1(C=N)NNNCC1,,,,,
C7647,C1(CCC)(n2cnnn2)CCCCC1,,,,,
C7648,N1CN(C2NCN(n3ccnn3)CN2)CNC1,,,,,
C7649,C1(C2CCC3(C4CNCCC4c4cc[nH]n4)CCCCC3C2)CNCN1C1CCCCC1O,,,,,
C7650,N1(c2nnncn2)NN(C(=O)O)NCC1NN=N,,,,,
C7651,C1CCC2CCCCC2(c2nnncc2)C1,,,,,
C7652,C1CCC2C(C(=O)C)CC(C3(OOCC)CCCCC3C)CC2C1,,,,,
C7653,C1NNN(c2cccc3c2cccc3)N1,,,,,
C7654,N1NNNCC1C1NCCN(C(=O)N)C1,,,,,
C7655,CC1CC(C2NCCNC2)(C2CNNCN2c2ccn[nH]2)CCC1,,,,,
C7656,C1(C2CCN(c3nncnc3)N2)NN(C2CNCCC2)NN1,,,,,
C7657,C1NC(C2CCNN2c2cnccc2)N(C2CCC(O)CC2N2CCCN2)N1,,,,,
C7658,N1N(c2cc[nH]n2)CC(C#CC)(C(=O)O)CC1,,,,,
C7659,CCCC,,,,,
C7660,C1C(N=O)NC(N=[N+]=[N-])(Cc2ccccc2)N1N,,,,,
C7661,N1CNCN(N2CCCN2C(C#CN=N)CC2CCCCC2)N1,,,,,
C7662,CC#CC1CN(C2(C(=O)N)C(C3CNNN3)CCC3C2CCCC3)CN1,,,,,
C7663,C(C)c1cccc2c1cccc2,,,,,
C7664,N1C(N=Nc2nnncc2)NNCN1,,,,,
C7665,C1(C)(c2nnncc2)CNCC(C2CCCCC2O)N1,,,,,
C7666,C(C)c1cnc[nH]1,,,,,
C7667,C1CNC(c2ccc(C)cc2)CN1,,,,,
C7668,C(CCOC(=O)NC(CC)c1cnn[nH]1)O,,,,,
C7669,N1CCCCC1OO,,,,,
C7670,C(=Cc1ccccc1C)C,,,,,
C7671,C1CCC2(C3C(c4ncccc4)NNN3)CCCCC2C1,,,,,
C7672,C1CCC2CCC(Cc3ccccc3)CC2C1,,,,,
C7673,N1NC(C(=O)O)(C2C(c3ccn[nH]3)CCCC2C)C(C=C)CC1,,,,,
C7674,C1C(C2NNCNN2)(N2CCNN2)NNN1C1NNCNC1N[N+](=O)[O-],,,,,
C7675,C1(C2N(CC)CCNN2)CNNC1(CC)NC(=N)N,,,,,
C7676,C(C=CC1CNNNC1)OC(=O)N,,,,,
C7677,C1CCC2CCC(c3cnncn3)CC2C1N[N+](=O)[O-],,,,,
C7678,N1(c2ccc(O)cc2)CCNCN1,,,,,
C7679,N1CNCC(C2CCCCC2OOc2cnn[nH]2)C1,,,,,
C7680,C1CC(N)CCC1O,,,,,
C7681,N1CNCNN1C1CCC(C(=O)O)CC1C,,,,,
C7682,N1C(N)(c2nnncn2)NCNN1,,,,,
C7683,N1(c2ccncc2)CC(C(=O)C)(CC=C)CCC1,,,,,
C7684,N1CC(N2CCN(C=O)N2)CC(O)C1,,,,,
C7685,C(=C)(C1NN(C2NNNN2CC=C)NCC1)C=C,,,,,
C7686,C(C1CCCCC1)C1(c2ccc3ccccc3c2)NCNN1C1C(O)CCCC1,,,,,
C7687,N1(c2nncnc2)NNN(C2CNCCC2)CC1C=N,,,,,
C7688,N1NN(C#CC)CCC1,,,,,
C7689,C(CCN)C1CC(O)CC(C2CCCCC2)C1,,,,,
C7690,CCCN(C(=NC1NNNCN1c1cc(O)ccc1)N)C1CCC2C(C1)CCCC2,,,,,
C7691,CCCc1cccc2c1cccc2,,,,,
C7692,N1C(C2NCN(c3cnccc3)CN2)CNC(C2CN([N+](=O)[O-])CN2)N1,,,,,
C7693,C1(NNC2C(Oc3cnn[nH]3)(CC=C)CCCC2)CCCCC1O,,,,,
C7694,CC#CC(=C)C#CC,,,,,
C7695,C1CNC(c2nc[nH]n2)CN1,,,,,
C7696,N1(CC=C)CCNCN1,,,,,
C7697,C1NNN(OC(=O)N)N1,,,,,
C7698,C(C#C)n1ccnc1,,,,,
C7699,N1N(C2(c3ccc4c(c3)cccc4)NNNN2)NNCC1,,,,,
C7700,C(C#CC1(C)NNCN(O)N1)c1c[nH]cn1,,,,,
C7701,CC1(O[N+](=O)[O-])C(CC#C)CCCC1,,,,,
C7702,C1CCCCC1(O)C1CN(N2CN(N=NO)CN2)CN1,,,,,
C7703,N1NN(N=N)NC(c2ccccc2C)C1,,,,,
C7704,C1C(c2nnn[nH]2)NNN1[N+](=O)[O-],,,,,
C7705,N1NCCC(OC2CCCC(C)C2C)C1,,,,,
C7706,C(C#Cc1nnccc1)(O[N+](=O)[O-])N=NO,,,,,
C7707,C1C(C2CNC(C3NCCCC3)N2)NCN1C=CCC,,,,,
C7708,N1(N2CNNN2)NCCC(N[N+](=O)[O-])(c2nnn[nH]2)C1,,,,,
C7709,C1C(C2CCCCC2)NNC1C(=O)O,,,,,
C7710,C(C1C(C2CNNN2)(N=N)CCCC1C1CCNN1)c1cnccc1,,,,,
C7711,C1C(C2CNNC2)CCCC1c1ccncc1,,,,,
C7712,N1CCC(C2C(C(=O)O)CNN2)CC1,,,,,
C7713,N1N(C#CC)NN(C)CC1,,,,,
C7714,C1(N=N)CNNN1N=Nc1c[nH]nc1,,,,,
C7715,C1(OC(=O)N(C#CC)c2nnncc2)CNC(C2NCCN2)CN1,,,,,
C7716,N1CCNCN1c1c[nH]nn1,,,,,
C7717,CC1CCCC(NC(=N)N)C1,,,,,
C7718,N1(N=NO)C(N[N+](=O)[O-])CCCC1,,,,,
C7719,C(C=C)c1cnccc1,,,,,
C7720,C(C(CN=N)(C)C1CCCC(C)C1)c1nnnnc1,,,,,
C7721,C(C)n1cncn1,,,,,
C7722,C1CNCN1N=[N+]=[N-],,,,,
C7723,N1CCN(C2NCCC(n3cccn3)C2)CN1,,,,,
C7724,C(C=CC)N[N+](=O)[O-],,,,,
C7725,C1CNN(c2c[nH]cn2)C1,,,,,
C7726,C1(O)NNN(C2NNCNC2c2nnn[nH]2)N1,,,,,
C7727,N1CN(c2ncccc2)CCC1,,,,,
C7728,C1CCC(CC)C(N2CNN(c3nnnnc3)N2)C1C1CNNN1,,,,,
C7729,N1CNC(c2c(O)cccc2)NN1,,,,,
C7730,C1(C2CNNN2)CCCC(c2cnncn2)C1(C=C)C1CNNN1,,,,,
C7731,C1(C2NN(C3NNCNC3)NCN2C(=O)N)C(N=N)NNN1,,,,,
C7732,N1NNCCC1c1c[nH]nc1,,,,,
C7733,CC(N1CCCN1)(C1CNN(Cc2ccccc2)CN1)C(=O)[N+](=O)[O-],,,,,
C7734,CC#CCc1nnncn1,,,,,
C7735,C1(N[N+](=O)[O-])NN(C2CNCN2)NN1OO,,,,,
C7736,C1(O)CCCCC1O,,,,,
C7737,C1CCC2(c3cc(O)ccc3)CCCCC2C1,,,,,
C7738,C1CN(C2CNCN2)CC(C2(c3ccc4c(c3)cccc4)CNCN2)N1,,,,,
C7739,C1(C(=C)c2nc[nH]n2)CCCCC1,,,,,
C7740,N1NNNC(c2ncn[nH]2)C1,,,,,
C7741,N1NN(C=CC)CC(Cc2ccccc2)C1,,,,,
C7742,N1NNC(c2cc[nH]n2)CC1,,,,,
C7743,C1CC(C=C)(N=O)C(CCC)CC1C(=O)N,,,,,
C7744,C(=CC1NC(OO)CCC1)([N+](=O)[O-])c1cnnnc1,,,,,
C7745,C(C#C)NC(=N)N,,,,,
C7746,C1CCC2CCCCC2C1C#CC1CCCCC1,,,,,
C7747,C1(C2C(C#CC)NNC2)NCNN1,,,,,
C7748,N1(C(=O)NC(=O)C)CN(O)NCN1,,,,,
C7749,N1CNCNC1C1N(n2cncn2)NCCC1,,,,,
C7750,N1CNNC(C2(C(=O)C)C(O)(C3NCNCN3)CCCC2)(C2CCNN2)N1,,,,,
C7751,C1CC(C2NCCN2)(C(=O)N)C(C(=O)O)CC1,,,,,
C7752,N1CCCC(C#N)C1C1CC(O)(c2ncn[nH]2)CCC1,,,,,
C7753,C1(O)CNN(n2cccn2)N1C1CNCCC1,,,,,
C7754,N1C(C(=O)O)N(c2ncn[nH]2)NCN1C1CC(C2NCNN2)NN1,,,,,
C7755,C1(C(=O)[N+](=O)[O-])CCCC(C(=O)N)C1(O)N(N)c1cnc[nH]1,,,,,
C7756,N1NNCC(OC(=O)N)C1,,,,,
C7757,C1(N=N)CNNN1c1cnn[nH]1,,,,,
C7758,C(C#C)(C1C(N=N)NCN1)c1nccnc1,,,,,
C7759,N1CCN(C2(O[N+](=O)[O-])CNNN2)CN1,,,,,
C7760,N1NN(CC)CCC1C=N,,,,,
C7761,C(#CC1NNNNC1)C1NNNCC1N1CCN(c2ncncn2)C1,,,,,
C7762,C(C)C#CC1CN(CC=CC=N)NN1,,,,,
C7763,CCC1CCCC(Cc2ccc3ccccc3c2)C1,,,,,
C7764,C1CCC2CC(c3cnn[nH]3)CCC2C1,,,,,
C7765,CC#Cc1cnncn1,,,,,
C7766,CC=CC#N,,,,,
C7767,C(=CN=N)c1c[nH]nc1,,,,,
C7768,N1NN(C#CN(C(=N)N)O[N+](=O)[O-])NCC1c1nnnnc1,,,,,
C7769,C1CNN(C2(O[N+](=O)[O-])CCC(O)CC2)N1C=C,,,,,
C7770,C1CN(C#C)CC(C2CNNCC2)N1,,,,,
C7771,C1C(N)C(C(=O)O)CC(c2ncc[nH]2)C1OC1CNCN1,,,,,
C7772,CC1C(N2CCCN2CCC)CCCC1,,,,,
C7773,N1NC(c2ccc3c(c2)cccc3)CCC1,,,,,
C7774,C(=C)C1(Nc2cc(O)ccc2)NCCN1O,,,,,
C7775,C(CC)C1C(c2ncn[nH]2)NCN1,,,,,
C7776,Cc1nncnn1,,,,,
C7777,C(=CC1N(C(=O)N)C(c2ccncc2)CNC1)C(=O)C,,,,,
C7778,N1NNNCC1(N(C(=N)N)N=NOC)C(=O)O,,,,,
C7779,C1CCCC(c2ncc[nH]2)C1,,,,,
C7780,C=Cn1cnnn1,,,,,
C7781,N1CNC(C(CC2CNNC2)(C2CNNN2)n2cncn2)NN1,,,,,
C7782,C(C(C)C1CCCC(n2ccnc2)C1C)N=NO,,,,,
C7783,C1CCCCC1C1NNN(C=CC)CN1,,,,,
C7784,N1CN(OC(=O)NCC#CC)N(C(=O)O)CN1,,,,,
C7785,C1CCCCC1(O)N,,,,,
C7786,N1C(C2NCNCN2)CC(c2nncnc2)CC1N[N+](=O)[O-],,,,,
C7787,C(C#CC)c1cccc2c1cccc2,,,,,
C7788,CC#CCC#C,,,,,
C7789,N1NCCCC1C1CCC(ONC(=N)N)CC1,,,,,
C7790,CC1(CC(=C)C=CC)CC(c2nncnc2)CCC1,,,,,
C7791,CC#CC1CNC(O)N1C(=O)C,,,,,
C7792,N1CCNCN1N=N,,,,,
C7793,N1N(C2CNNN2)NNCC1c1ccn[nH]1,,,,,
C7794,C1NC(C2(N3CCNN3)CCC3C(n4ccnn4)CCCC3C2)N(N=[N+]=[N-])N1,,,,,
C7795,C1(C2(C3NC(c4ncncn4)NCN3)CNNN2)NNNN1,,,,,
C7796,N1CCNCN1C1NC(C2C(C(=O)O)C(C3NNCNC3)C(C)CC2)CCC1,,,,,
C7797,C1N(OC(=O)N)NN(C2NC(c3nccnc3)C(C3CCNN3)NC2)N1,,,,,
C7798,C(C)C1C(c2ncncn2)NN(C(=O)O)N1,,,,,
C7799,C1CN(CCC)CN1C1NN(C2CNCN2)NNC1,,,,,
C7800,C1NNN(O)N1N1CC(c2ccn[nH]2)CN1,,,,,
C7801,C1(C2CNNC(c3c[nH]nc3)N2)CC(CC)C(N=N)CC1,,,,,
C7802,C1(C#C)CNCC(c2ncccc2)N1,,,,,
C7803,N1(C(=O)C)NCCCC1,,,,,
C7804,C(C#CC1NNCCC1)C(=O)ONNc1nccnc1,,,,,
C7805,C(C=C)(NN)c1cc[nH]n1,,,,,
C7806,N1CN(C(=O)Oc2nc[nH]n2)C(NN)NC1,,,,,
C7807,N1CN(C2CCC(C)C(C(C3(C4NNNNC4)CCCCC3)NC(=N)N)C2)CNN1,,,,,
C7808,N1NCCCC1c1cnncc1,,,,,
C7809,N1(C2NCC(C3CCNN3)NC2)NCCCC1c1cnn[nH]1,,,,,
C7810,C1N(c2cnnnc2)NN(C2CCNCC2)N1N[N+](=O)[O-],,,,,
C7811,CC(C)C1(NN)NCC(N)N1,,,,,
C7812,C1NC(C2CNC(c3ncc[nH]3)N2)NN1,,,,,
C7813,N1NNN(C2NCCN(c3ccc4c(c3)cccc4)C2)CC1,,,,,
C7814,N1CC(NC(=N)N)N(O)C(CC#C)N1,,,,,
C7815,C1C(C(=O)C)CCCC1C,,,,,
C7816,N1CNC(C2NNNCC2)(C=O)N(C2CNCCC2)C1,,,,,
C7817,N1CNCNN1N1C(c2cnc[nH]2)NN(N=[N+]=[N-])N1,,,,,
C7818,C1CNN(C)N1,,,,,
C7819,N1NC(NN)CCC1C=O,,,,,
C7820,CC(CC1NNCCC1)C1CNN(N)NC1,,,,,
C7821,C1(C2CCC3(CC=C)CCC(C(=O)O)CC3C2)CNNC1,,,,,
C7822,N1CCNCN1c1c[nH]nc1,,,,,
C7823,C1N(O)NN(OC(=O)NNC(=N)N)N1,,,,,
C7824,C1N(C=CC)CNN1,,,,,
C7825,N1(c2nccnn2)N(O[N+](=O)[O-])CC(N2CNCN2)CC1,,,,,
C7826,C1(c2ncccc2)CNCN1,,,,,
C7827,C(C=CC(=O)O)(C1NNNCN1)N=[N+]=[N-],,,,,
C7828,C1C(C=N)CC2CCC(c3nnccc3)CC2C1,,,,,
C7829,C1(C=O)C(c2ncccc2)NNC1,,,,,
C7830,C(CCN=N)C(=O)[N+](=O)[O-],,,,,
C7831,CC=CC1NC(C2C(n3cccn3)C(O)CCC2)CNN1,,,,,
C7832,C1CCCC(c2cnccc2)C1O,,,,,
C7833,N1CN(C2CC(C3CNNC3)C(O)(c3ccc4ccccc4c3)CC2)CNN1,,,,,
C7834,N1(c2cccc3c2cccc3)CNNCN1,,,,,
C7835,C1CCCC(N2CNNN2c2nncnn2)(O)C1OC1CNCCC1,,,,,
C7836,CNN(CC)NC(=N)N,,,,,
C7837,C#Cc1nccnn1,,,,,
C7838,N1NN(C2N(C3CNNC3)C(N=[N+]=[N-])CNC2)N(C(=O)N)CC1,,,,,
C7839,N1C(N)CNCN1C1N(C(=O)O)NNNC1,,,,,
C7840,N1NNNC(N2CCC(C3CCCCC3(C)C3NNNNC3)(CC)N2)C1,,,,,
C7841,C(C#CC(=O)O)C1(C(=O)O)C(c2c[nH]cn2)CNN1,,,,,
C7842,C(=C)C,,,,,
C7843,N1CN(n2cnnn2)NCN1C1CCNN1,,,,,
C7844,N1NNCCC1C1C(O)CCCC1CC,,,,,
C7845,C1(O)CCC(C2CNN(C(=O)N)CC2)C(C2CCCCC2O)C1,,,,,
C7846,C1NCN(c2nnncc2)N1,,,,,
C7847,C(C=CN=[N+]=[N-])c1c[nH]nn1,,,,,
C7848,N1CNCN(CC=C)C1,,,,,
C7849,CC=CCC1(c2cccc(C)c2)CC(C2NNCNC2)CCC1,,,,,
C7850,CC1CCCC(C)(C2CCCCC2)C1,,,,,
C7851,N1C(C2NNCCC2c2cc[nH]n2)NC(N=[N+]=[N-])NN1OO,,,,,
C7852,N1CNNCN1NN,,,,,
C7853,N1C(c2ccncc2)NCN(C(=O)[N+](=O)[O-])N1,,,,,
C7854,C1CCC2CCC(C3N(C4NNNCC4)NCNC3)CC2(NC(=N)N)C1,,,,,
C7855,C1NN(C2NCCCC2)N(C2(NN=O)NNNN2)N1,,,,,
C7856,C1CC(C=O)CC(CC=C)C1,,,,,
C7857,C1CNCC(C2NCC(C(=O)[N+](=O)[O-])N2C=CC)N1C1NCNCN1,,,,,
C7858,N1(N)CNCC(N=O)C1,,,,,
C7859,N1CC(N2C(CC#C)CCN2)CCC1,,,,,
C7860,C1CNN(C2CCNN2c2cnncn2)C1N1CNNN1,,,,,
C7861,C1NNNN1C1NNN(N2CC(n3cccn3)NN2)CN1,,,,,
C7862,CC1C(NC(=N)N)(c2ccc(O)cc2)CCC(OC2NCCCC2)C1,,,,,
C7863,N1CC(C(=O)C)C(c2nnncc2)CC1N1CNNN1,,,,,
C7864,N1CCN(CCC)CN1c1ncc[nH]1,,,,,
C7865,N1C(O)CNCN1,,,,,
C7866,C1NNN(C#CC)N1N1CNNN1,,,,,
C7867,C1NCN(c2ccncc2)N1,,,,,
C7868,C1(C#CCc2cc[nH]n2)NNNN1,,,,,
C7869,C1(OO)CN(N2C(c3ncc[nH]3)CNN2C2CNNCC2)CCN1,,,,,
C7870,C(#C)CC1C(C2CCCC3C2C(C(=O)[N+](=O)[O-])CCC3)(O[N+](=O)[O-])CCCC1,,,,,
C7871,C1C(CC=C)NCN1,,,,,
C7872,CC(Cc1nnnnc1)C(=O)O,,,,,
C7873,N1NNC(c2nc[nH]n2)C(C2N(N)NN(C(=O)[N+](=O)[O-])N2)C1,,,,,
C7874,N1NNCC(Cc2ccccc2)C1,,,,,
C7875,N1CNCNN1c1ncncn1,,,,,
C7876,N1CCNCN1c1ccccc1C,,,,,
C7877,N1(C2(C3NCCN(c4nncnc4)C3)CCC3C(C2)CCCC3)CCNCN1,,,,,
C7878,C1(NC(=N)N)(C2NCNCN2)C(c2cnnnc2)NN(N)N1,,,,,
C7879,C(C1(C2CCCCC2C)CNCN1)C1CNCN1NC(=N)N,,,,,
C7880,N1C(C2C(n3cccn3)CC(O)CC2)CNCN1,,,,,
C7881,N1CCNC(C2CNNNC2)N1c1c[nH]nc1,,,,,
C7882,C(C#CC1CNNN1)C1CCCC(C)(c2ncc[nH]2)C1,,,,,
C7883,C1(C(=O)CCC)CNNC1,,,,,
C7884,N1NNC(c2c[nH]cn2)CC1,,,,,
C7885,N1(c2ccc3ccccc3c2)CCCCC1,,,,,
C7886,C1N(C(=O)N)NNN1N=O,,,,,
C7887,N1C(C2CCC(N=N)C3C2CC(C2CCC(OC)CC2)CC3)NCCC1,,,,,
C7888,C1(C(=O)O)NC(C2CCC3C(C2)CCCC3c2ncc[nH]2)NN1,,,,,
C7889,N1(C(=O)O)CCN(N)C(N2CCNC2)N1c1nnn[nH]1,,,,,
C7890,N1N(C2NNNCN2)NCCC1Oc1cnnnc1,,,,,
C7891,CC1C(C#C)CN(c2c[nH]nc2)N1,,,,,
C7892,N1(c2nnccc2)CC(C2CCNCC2)CCC1,,,,,
C7893,N1CC(N=NO)(c2c[nH]nn2)N(C2CCNN2)CN1,,,,,
C7894,CC(=C(OO)CC(=C)c1ccncc1)C(=O)N,,,,,
C7895,N1(c2cnn[nH]2)CNCCC1,,,,,
C7896,C1(N[N+](=O)[O-])CNNC1,,,,,
C7897,C(C)C1N(C)CCCC1,,,,,
C7898,N1(C2CNCN2)CNCCC1C#N,,,,,
C7899,N1C(N([N+](=O)[O-])c2c[nH]cn2)NCNC1,,,,,
C7900,C(=C)C1CCC(NNC=CC)CC1C,,,,,
C7901,C1CNC(C2C(N=NCc3ccccc3)NNN2)(N=[N+]=[N-])N1,,,,,
C7902,N1CN(N2C(C=CC)NNN2)CNC1C1CCCCC1C,,,,,
C7903,C1CNC(C2(C#CC)NCCCC2)N1[N+](=O)[O-],,,,,
C7904,C1C(C2C(c3ncncn3)CC3CCCCC3C2N2CCNC2)N([N+](=O)[O-])CN1,,,,,
C7905,CC#CC1C(c2cc[nH]n2)CCCC1CO[N+](=O)[O-],,,,,
C7906,N1(C2NC(C3NNN(c4cc(O)ccc4)N3)NCN2)NNCCC1,,,,,
C7907,C(#C)c1ccccc1C,,,,,
C7908,C1CCCC(N2CCNC2)C1c1c[nH]nn1,,,,,
C7909,C(=C)C1(OC(=O)N)NNNN1,,,,,
C7910,N1CNCNN1c1nccnn1,,,,,
C7911,C1NC(C2NN(C(=O)C)NN2)N(O[N+](=O)[O-])N1,,,,,
C7912,N1NCCC(c2cnc[nH]2)C1,,,,,
C7913,C1CNN(C(=O)C2N(O)NC(N=[N+]=[N-])NC2)C1,,,,,
C7914,C(#CC1C(N=O)CC2C(C1)CCCC2)O[N+](=O)[O-],,,,,
C7915,N1N(OC(=O)N)CC(C)CC1,,,,,
C7916,CC(C)(C=O)C1NC(CC)CNN1,,,,,
C7917,CC#CCC#Cc1ccc2c(c1)cccc2,,,,,
C7918,N1C(N=NO)CNCN1C1NCN(c2ncn[nH]2)CN1C1NNNCC1,,,,,
C7919,C1NC(N=O)NN1C,,,,,
C7920,C1(C2NNNN2)(c2ccc3c(c2)cccc3)CNCCN1,,,,,
C7921,C=CC=CN1CCNC1c1ccc2c(c1)cccc2,,,,,
C7922,N1(O[N+](=O)[O-])N(c2cccc3c2cccc3)NCCC1,,,,,
C7923,CC1(N)CC(OC2NNNCC2)CCC1,,,,,
C7924,C1(C2(c3ccc4ccccc4c3)CNCN2)C(N2CNNN2)NCCN1N1CNNN1,,,,,
C7925,C(=C)C(=O)C,,,,,
C7926,CC(C1CCC2CC(c3ccc4ccccc4c3)CCC2C1)C1CCNN1C1NNNCN1,,,,,
C7927,C(C)C1CN(OC(=O)N)NCN1,,,,,
C7928,C1CCC2C(C(=O)O)C(N=N)(NN)CCC2C1,,,,,
C7929,C1(C2NN(C3CCCCC3)NN2)C(CC=C)NNC1,,,,,
C7930,C(C=C)C1NCCNN1C#N,,,,,
C7931,C1(n2cccn2)C(C2NNCNC2)CCCC1O,,,,,
C7932,N1C(C2CCCC(C3C(c4cnccc4)CNCC3)C2)CC(C2NNNCN2)CC1,,,,,
C7933,N1N(C2(c3c(O)cccc3)CCNN2)CCCC1,,,,,
C7934,C1CC(C(CC)c2cnc[nH]2)CCC1O,,,,,
C7935,N1N(n2cccn2)CC(C(=O)N)CC1,,,,,
C7936,CC(=C)C#CN1CN(c2ccc3ccccc3c2)NN1,,,,,
C7937,C1CN(C2CNC(Cc3cnn[nH]3)N2)NN1C=N,,,,,
C7938,C(C(C)C1CNCN1)c1nnn[nH]1,,,,,
C7939,C1CC(c2ncn[nH]2)C(C=N)C(C)(OC(=O)N)C1O,,,,,
C7940,C(CCC1NNCNN1)CC=C,,,,,
C7941,C(#C)C(=C)c1nc[nH]n1,,,,,
C7942,C1(NN)CNCCN1,,,,,
C7943,C(C#C)C1NC(N[N+](=O)[O-])CNC1,,,,,
C7944,C1CCCC(OC(=O)N)C1O,,,,,
C7945,C1(N2CC(O[N+](=O)[O-])NN2)CNCCN1,,,,,
C7946,C1CN(O)CCN1,,,,,
C7947,C1CCCCC1(O)c1c[nH]nn1,,,,,
C7948,CC(=C)C1(C2NCNN2)CN(C2NNNN2c2ncc[nH]2)NC1,,,,,
C7949,N1N(C(=O)CC)NCCC1C#CC,,,,,
C7950,C(C(=C)C(=O)OC=O)c1ccncc1,,,,,
C7951,N1(C2NCCN2)CC(CC2CCCCC2)(n2cccn2)NCN1,,,,,
C7952,C1(C2(c3ccc4ccccc4c3)CNNN2)(C2NCNCN2)C(C2CC(O)CCC2)NCCN1,,,,,
C7953,C(CC)C1CN(C2NCNN2)NNC1n1cccn1,,,,,
C7954,CC1CC(NN)CCC1OO,,,,,
C7955,C(=C)OO,,,,,
C7956,N1N(C#CC)NCC(C2CCCCC2)C1,,,,,
C7957,C1N(N=[N+]=[N-])NN(C2CNNNC2C#CC)N1N1CCNC1,,,,,
C7958,CC=CC(=O)OCCCN,,,,,
C7959,C1(NN)CN(CC)N(C#C)N1O[N+](=O)[O-],,,,,
C7960,N1C(c2ccc(C)cc2)NCNN1,,,,,
C7961,C1C(n2ccnc2)CCCC1O,,,,,
C7962,CC1CC(OO)CCC1O,,,,,
C7963,C1(C2CNNC2)CNCCN1C1CCC2CCC(N=N)CC2C1,,,,,
C7964,N1N(N)N(C#N)CC(N2CC(N=NO)NN2)C1,,,,,
C7965,CC1CNC(C=O)(c2c[nH]nn2)N1,,,,,
C7966,C(=CC1CNNC1)c1c[nH]nc1,,,,,
C7967,C1CN(C(=O)[N+](=O)[O-])C(N=O)(C#CC)N1C1C(O)CCCC1,,,,,
C7968,C1NC([N+](=O)[O-])N(N=[N+]=[N-])N1,,,,,
C7969,N1CNCCC1C1NCC(OCc2ccccc2)NN1C1CCC2CCCCC2C1,,,,,
C7970,CN1CN(c2nnnnc2)NN1N1CNNN1,,,,,
C7971,CCCC1CNN(N2CNN(O)N2)CC1,,,,,
C7972,C(=C)(C)c1nnnnc1,,,,,
C7973,Cc1nnccc1,,,,,
C7974,N1C(CC)(c2cc(O)ccc2)NNCN1,,,,,
C7975,C1CC(C)C(C2CCNN2)C(c2nnncc2)C1,,,,,
C7976,C(C=C)c1cnnnc1,,,,,
C7977,CC#CC1CN(C2NNNNC2)NC1C1NCC(OO)NN1,,,,,
C7978,N1(C2NNN(C)N2)NCCCC1,,,,,
C7979,C1(n2cccn2)NCNN1,,,,,
C7980,C1(C2(c3cnncn3)CNNN2)CNN(C(=O)C)C1,,,,,
C7981,C(C)C1CN(C2(c3nncnc3)CCC(C)CC2)NNC1,,,,,
C7982,C1NCNN1N[N+](=O)[O-],,,,,
C7983,C1CNCC(N=N)N1,,,,,
C7984,C(CC)C1N(N[N+](=O)[O-])NCC(C2CNCN2C(=O)O)C1,,,,,
C7985,N1C(c2ccc(O)cc2)NCNC1C1C(C#CC)NNN1,,,,,
C7986,N1CN(CC=C)NCN1C1NNNNC1,,,,,
C7987,C(C#C)C1CCNCC1c1ccc2ccccc2c1,,,,,
C7988,C1C(N=[N+]=[N-])NN(C2NNNN(c3nnn[nH]3)C2)N1,,,,,
C7989,N1CCNC(C2CNN(O)CN2)N1,,,,,
C7990,N1CC(N2CC(N=[N+]=[N-])NN2)(O)CCC1,,,,,
C7991,N1CNN(c2nc[nH]n2)C(C#N)N1,,,,,
C7992,C1CCC2C(C3NCCCC3)CCC(c3cc[nH]n3)C2C1,,,,,
C7993,C1NNN(n2ccnn2)N1,,,,,
C7994,C1N(N=O)CNN1c1cnc[nH]1,,,,,
C7995,N1CNNCN1C1CC(C=O)CC(CC=CC)C1,,,,,
C7996,CC1CC(C2NCNN2c2c[nH]nc2)CCC1,,,,,
C7997,C1CN(C2NN(C=C)CNC2)NN1,,,,,
C7998,N1C(C(=C(C)N2CCCN2)CCC)N(OC(=O)N)CCC1,,,,,
C7999,C1(C#CC(N=N)C)CNCCN1,,,,,
C8000,C1NNNN1c1nnncc1,,,,,
C8001,C1CN(c2nnnnc2)CCN1,,,,,
C8002,C1CCC2CCCC(c3cnn[nH]3)C2C1,,,,,
C8003,N1CNCNC1Oc1ccc(O)cc1,,,,,
C8004,CC1(O)CCCCC1,,,,,
C8005,C1C(O)NCN1,,,,,
C8006,N1C(c2cnnnc2)N(C2NNNNC2)CC(N=[N+]=[N-])C1,,,,,
C8007,C1CN(C2CCN(c3c[nH]nn3)N2)C(C2CCNCC2)N1,,,,,
C8008,N1(N=[N+]=[N-])CNCNC1,,,,,
C8009,C1CCC2(c3c[nH]cn3)C(CC=C)CCCC2C1,,,,,
C8010,CC1([N+](=O)[O-])CCCCC1C1NC(C2(N=NO)CCCC(C)C2)CN1,,,,,
C8011,N1CC(C2N(NC(=N)N)CCNN2)N(C#CC)CN1,,,,,
C8012,N1CNC(C2CN(C3CCC4CCCCC4C3)NC2)N(c2cnn[nH]2)N1,,,,,
C8013,CC1C(c2ccc(O)cc2)C(C2N(C3CNNC3)NNCC2)CCC1,,,,,
C8014,C1(C2CC(ONC(=N)N)CCC2)CNCC(C2CNNN2)N1,,,,,
C8015,C1CNC(N=O)(CC=C)CN1,,,,,
C8016,CC1(c2ccn[nH]2)CCNN1,,,,,
C8017,N1C(c2ncccc2)NCCC1,,,,,
C8018,N1NCC(CCC)CC1,,,,,
C8019,N1(C#N)C(OC(=O)N)(C#C)C(c2cccc3c2cccc3)NCN1,,,,,
C8020,N1N(C(=O)C)NNC(n2cnnn2)C1,,,,,
C8021,C(#CC1NCCNC1)C1CNC(N=NO)(N)N1,,,,,
C8022,N1CNCC(N=O)C1,,,,,
C8023,C1C(c2cnn[nH]2)NNN1,,,,,
C8024,C(=Cc1cccc(C)c1)(C=O)CC,,,,,
C8025,C1NCNN1n1cccn1,,,,,
C8026,N1NCCCC1C(=O)NC#C,,,,,
C8027,C1(C#N)CC(C)(CC#C)C(C)CC1,,,,,
C8028,N1CC(CC)NCN1,,,,,
C8029,N1CCCCC1C,,,,,
C8030,C1(N)C(C2NN(c3nccnn3)NN2)CCCC1,,,,,
C8031,C(=C)(N1CCN(CC)N1)C1NNNCC1C1CNNC1,,,,,
C8032,C1CN(C2C(O)CCCC2C(=O)O)N(CC)C1,,,,,
C8033,C1CN(C2CCC(C)CC2)CCN1CC1(c2ncc[nH]2)CCCCC1,,,,,
C8034,N1CC(C2(C3NCNC(OC(=O)N)N3)NCNN2)CCC1,,,,,
C8035,N1CN(NNC2CNC(NN)CC2)CNC1,,,,,
C8036,C1CNNC1CC#C,,,,,
C8037,C#Cc1c(O)cccc1,,,,,
C8038,N1CNC(c2cc[nH]n2)CC1,,,,,
C8039,C(CCC1NCNN1)C1NC(n2ccnn2)CNN1,,,,,
C8040,C1N(O)CN(C2N(C3CC(c4nnncn4)NN3)CNN2)N1,,,,,
C8041,C1C(C(=O)[N+](=O)[O-])NCN1,,,,,
C8042,CC=CC1CNN(N=NOc2nnccc2)N1,,,,,
C8043,N1(CC#C)CCNC(C2NC(N[N+](=O)[O-])CN2)N1,,,,,
C8044,C(CCc1ccn[nH]1)C=N,,,,,
C8045,N1NN(C)NCC1,,,,,
C8046,C(C#C)c1ccccc1C,,,,,
C8047,C#CC1CN(n2ccnn2)NC1C1NNCCC1,,,,,
C8048,N1CN(C2CCCC3C2(C2CC(O)CCC2)C(C#N)CCC3)NCN1,,,,,
C8049,C(CC)C1NN(N[N+](=O)[O-])C(CC=C)N(C(=O)C)N1,,,,,
C8050,N1C(NN)NC(C2NCNC(N=N)N2)N(c2nnccc2)C1,,,,,
C8051,N1C(C2NNCNN2)N(c2nnccc2)NCN1,,,,,
C8052,C1CCCC(C2NCN([N+](=O)[O-])N2)C1O,,,,,
C8053,C1CNNN1C1CN(C=CC)NN1,,,,,
C8054,CC(=O)N(C1CNCN1)c1ccn[nH]1,,,,,
C8055,C1CCCCC1C1CCC(O)CC1c1c[nH]nn1,,,,,
C8056,C1CNC(C=C)CN1,,,,,
C8057,C1(C(=O)C)CNN(N2CCCN2)N1,,,,,
C8058,C1(N2CCNC2)CCC2CC(N3CCNN3)CCC2(C2C(c3c[nH]cn3)CNCC2)C1,,,,,
C8059,C1CC(C2N(C=C)NNNC2)CC(N2CC(C(=O)O)CN2)C1,,,,,
C8060,C#CC1CCNN1C(=O)[N+](=O)[O-],,,,,
C8061,CC(N1C(Cc2ccccc2)CNN1)N=[N+]=[N-],,,,,
C8062,N1CCC(CC=CC2CC(n3ccnc3)C3C(C2)CCCC3)CC1,,,,,
C8063,C1N(C2NNCNC2)NN(C2(C3NNC(n4ccnn4)NC3)CCNN2)N1,,,,,
C8064,C1C(N[N+](=O)[O-])C(C2CNNCC2)CC(C2NCC(NC(=N)N)NC2)C1,,,,,
C8065,N1N(C2NNCNC2)NC(C2CNNN2)(c2ccc(O)cc2)CC1,,,,,
C8066,N1CNC(c2c[nH]cn2)CC1,,,,,
C8067,C1NC(C(=O)C)(c2ncn[nH]2)NN1C1NCCNC1,,,,,
C8068,C1CN(C2CCCCC2)CC(c2c(O)cccc2)N1,,,,,
C8069,C1C(c2c[nH]nc2)NNN1,,,,,
C8070,CC(CC1CCC(C)C(C2NNNN2)C1)C1NN(c2cnc[nH]2)CNC1,,,,,
C8071,C1CC(N)C(N)CC1OC1CNNC1,,,,,
C8072,C1CCCCC1OC(=O)N,,,,,
C8073,C1CNCC(C2CNCN2c2cnccc2)N1NC(=N)N,,,,,
C8074,C1CN(C(=O)C)NN1,,,,,
C8075,C1C(O)(NC2NN(C#N)CNN2)NCN1,,,,,
C8076,N1N(C2CN(OC(=O)N)CN2)N(N2CCNN2)NCC1,,,,,
C8077,C1(C2C(c3cc(O)ccc3)CCCC2O)CNCN1,,,,,
C8078,C1(C2NCCNN2C2NNCCC2c2ccn[nH]2)C(C2NNCNC2)CCCC1,,,,,
C8079,C1CCC2CC(OO)CCC2(CCC=N)C1,,,,,
C8080,C1(c2nc[nH]n2)CCCCC1,,,,,
C8081,CC1CCCC(c2cnccc2)C1,,,,,
C8082,C(#C)N1CCNN1c1nncnc1,,,,,
C8083,CC1C(C(=O)N)CCCC1,,,,,
C8084,C1CCC(c2cc(O)ccc2)CC1O,,,,,
C8085,C(C)C1CC(C2NNCCC2)NCC1C1(c2nnncn2)NNNN1,,,,,
C8086,N1NNCCC1CC=C,,,,,
C8087,CC(C)c1cnc[nH]1,,,,,
C8088,C(C(C)C(=O)O)c1ccc(C)cc1,,,,,
C8089,N1C(C(=O)C)NCNN1,,,,,
C8090,N1NCC(C)CC1,,,,,
C8091,C(#CNC(=N)N)C(=O)N,,,,,
C8092,C1C(c2nncnc2)NNC1,,,,,
C8093,C1(c2cnccc2)CCCCC1,,,,,
C8094,C1(N[N+](=O)[O-])CCC(c2cc(O)ccc2)CC1O,,,,,
C8095,Cc1nncnn1,,,,,
C8096,N1(c2nccnn2)CCNCN1,,,,,
C8097,C1C(n2cncn2)CCCC1,,,,,
C8098,C1N(C2NCC(c3ncn[nH]3)N2)CNN1C#N,,,,,
C8099,C1CNN(c2c(O)cccc2)N1,,,,,
C8100,C1CCC([N+](=O)[O-])C(C(=O)C)C1ON,,,,,
C8101,N1C(C2NCC(CC=C)CC2)NCCC1,,,,,
C8102,C1C(c2cnccc2)NCCN1,,,,,
C8103,N1CCCCC1(C1NNCCC1N=O)C(=O)C,,,,,
C8104,C1CCCC(C#CN2CCCN2C2CNNC2)C1c1nnncn1,,,,,
C8105,C1N(C2CNNC(C3CNNCN3C3NCCN(c4nc[nH]n4)C3)C2)NNN1,,,,,
C8106,C1CN(C#CC)C(C=NC=O)CN1,,,,,
C8107,C1(c2cnn[nH]2)NCNN1,,,,,
C8108,N1(C2NCCN2)C(O[N+](=O)[O-])CN(N=O)CN1C1CCC2C(C1)CCCC2,,,,,
C8109,N1C(c2cnncc2)NCCC1,,,,,
C8110,CC(C)c1ccc(O)cc1,,,,,
C8111,C1CCCC(C=N)C1(N1CCNN1)C1C(O)NCCC1,,,,,
C8112,C(C(C)N1CC(c2ccncc2)NC1)CC,,,,,
C8113,N1NN(C#CC)N(OC(=O)N)CC1,,,,,
C8114,CN1CCCN1C1NN(C(=O)N)CCC1c1ncncn1,,,,,
C8115,C1CC(N2CCN(C3NNN(N=N)N3)N2)CCC1(O)c1ncc[nH]1,,,,,
C8116,N1CN(OC(=O)Nc2cccc(C)c2)CN(CC)N1,,,,,
C8117,C1(c2nnncn2)CCCCC1,,,,,
C8118,C(C)c1cnccc1,,,,,
C8119,N1C(C(=O)O)NC(N=NOC=O)(O)NC1,,,,,
C8120,C1CNNC1C(=O)[N+](=O)[O-],,,,,
C8121,N1CN(C(=O)[N+](=O)[O-])C(N)CC1c1nccnc1,,,,,
C8122,C1CC(c2nnnnc2)CCC1,,,,,
C8123,C1C(C2C(O)CCCC2)C(C(=O)C)C2CCCCC2C1c1nc[nH]n1,,,,,
C8124,N1C([N+](=O)[O-])NCCC1,,,,,
C8125,C1NN(c2c[nH]nc2)NN1,,,,,
C8126,N1C(N)CNC(C2NNN(c3ccc(O)cc3)CC2)N1,,,,,
C8127,N1CNC(c2cnncc2)NN1,,,,,
C8128,C1C(C2NNNCC2)NCC(C2CC(C#N)NC(c3cccc4c3cccc4)C2)N1,,,,,
C8129,C1(C2NC(c3ncc[nH]3)CNC2)CNCN1,,,,,
C8130,N1N(c2nncnc2)CCCC1,,,,,
C8131,N1NNCC(CC#C)C1,,,,,
C8132,CC(=CC1CCC(C)CC1N)C1C(C#CC)NCCC1,,,,,
C8133,C1C(C2(N=[N+]=[N-])CNNC2)NCCN1,,,,,
C8134,N1NNN(NC2CCC(CC#CCc3cccc4c3cccc4)CC2)CC1,,,,,
C8135,N1CNC(C2(CC3(C4NCCCC4)CCCC(C=O)C3)C(O)CCCC2)NN1,,,,,
C8136,CC1C(N=NCC2CCC(C(=O)C)CC2)C(C2CNNC2)CCC1,,,,,
C8137,C1C(C2CNNN2)C(C2CCCC3C2CCCC3)CC(C2CCC(O)CC2)C1N,,,,,
C8138,C1(C2CCCCC2CCC)CNCC(C#C)N1C1CCCC2C1CCCC2,,,,,
C8139,CC1CCCCC1C1CCC(O)CC1n1cccn1,,,,,
C8140,N1NNNC(C(=O)Oc2nnncc2)C1,,,,,
C8141,N1(N2CNNN2c2ccn[nH]2)C(C=C)CNCN1,,,,,
C8142,C1(c2cnccc2)CNCN1,,,,,
C8143,C1C([N+](=O)[O-])NC(c2ccc3ccccc3c2)C(C2NNCNN2)N1,,,,,
C8144,N1(c2ccc3c(c2)cccc3)NCCCC1,,,,,
C8145,C1(N=O)(N)C(C2NCCNC2)CCCC1,,,,,
C8146,C1(c2ncn[nH]2)CNNN1,,,,,
C8147,C(C#C)c1nncnc1,,,,,
C8148,CC=Cc1ncncn1,,,,,
C8149,CC1CCC(c2nccnc2)CC1,,,,,
C8150,N1CCN(c2nccnc2)C(C2NCNCN2)N1,,,,,
C8151,C1N(c2nccnn2)NNN1C1(C2CCC3CCCCC3C2)NN(C2CNNCN2)NCN1,,,,,
C8152,N1(N=O)C(C2NNNC(c3ccn[nH]3)C2)CC(C#N)CC1,,,,,
C8153,N1C(N2C(C(=O)O)CC([N+](=O)[O-])N2)NC(C=CC)CC1,,,,,
C8154,C1CCC(c2nnn[nH]2)CC1,,,,,
C8155,C1CNC(N=NO)(NC(=N)Nc2c[nH]cn2)CN1,,,,,
C8156,C(C(=C)n1cncn1)N1CNCN1,,,,,
C8157,C(C)c1cnccc1,,,,,
C8158,N1(c2nnn[nH]2)CNC(C#N)NN1,,,,,
C8159,N1NNCCC1(C1CNCN1)C1(C2(N=[N+]=[N-])NNNN2)CNCCC1,,,,,
C8160,C1C(N=[N+]=[N-])NNN1N1CCNN1,,,,,
C8161,C(C#C)C#CC,,,,,
C8162,N1C(C2NN(C3CNCN3)CNN2CC#C)(c2cnn[nH]2)NCNN1,,,,,
C8163,C(N=[N+]=[N-])N1CNC(n2cnnn2)N1,,,,,
C8164,C1C(N)CCCC1O,,,,,
C8165,C(C=C)C1C(OC=CCC=C)CCCC1,,,,,
C8166,N1NCCC(n2ccnc2)C1,,,,,
C8167,C1C(N=NO)N(c2cnncc2)N(C#CCN=[N+]=[N-])N1,,,,,
C8168,CC(Cc1ccn[nH]1)C1CNNC1,,,,,
C8169,C(#C)N=NC1CCCC2C1CCCC2c1ccc2c(c1)cccc2,,,,,
C8170,CCC(=O)C,,,,,
C8171,N1NNNCC1c1ccccc1O,,,,,
C8172,C1(N2CNCN2C=CC)(c2ccn[nH]2)CNNN1,,,,,
C8173,N1CNCNN1C1C(C=O)CC(Cc2c[nH]cn2)CC1,,,,,
C8174,C(C=C)C(=O)N,,,,,
C8175,N1NN(c2c[nH]cn2)NCC1,,,,,
C8176,CC1(C(=O)N)CC(C2C(C=CC)NNN2)C(C2CCCCC2O)CC1,,,,,
C8177,C1(c2ncc[nH]2)CC(C2CCC3(C4CNNCN4)C(C2)CCCC3)CCC1C#C,,,,,
C8178,C1C(CC=Cc2cccc(C)c2)CCCC1CCC,,,,,
C8179,C(C)c1ccncc1,,,,,
C8180,N1(C(=O)C)CCNCN1,,,,,
C8181,C1(C2NCNN2)CCC2CCCC(C3CC(C(=O)C)CC4(CC5CCCCC5)C3CCCC4)C2C1,,,,,
C8182,C1CN(C(CC)C2CNNCN2C(=O)O)CC(C2NCNCN2)N1,,,,,
C8183,C1(O)CC(N2CCNC2)CCC1,,,,,
C8184,CCCNC(=N)Nc1nnccc1,,,,,
C8185,N1NNNC(C=C)C1c1ccc(C)cc1,,,,,
C8186,C(#C)C1(C)NCN(C2NNCNC2)N1,,,,,
C8187,C1CC(C(=O)N)C2CCC(N3CNCN3)CC2C1,,,,,
C8188,N1NN(C2CN(C=CC)NN2)NCC1,,,,,
C8189,C1C(N)N(c2cccc3c2cccc3)NN1,,,,,
C8190,C1(C)C(c2nnnnc2)N(C)NC1,,,,,
C8191,N1C(C2NNCNN2)CN(c2nncnn2)CN1,,,,,
C8192,N1C(C2NCC(CCC)(c3nnn[nH]3)N2)NNCN1,,,,,
C8193,C1CNCN1N=NC(=O)C,,,,,
C8194,C1C(CC#C)NCCN1,,,,,
C8195,N1C(C=CC)CC(C(=O)C)(C2C(C#C)CC3CCCCC3C2)CC1,,,,,
C8196,CCCC#C,,,,,
C8197,C1CC(NC(=NOC(=O)N)NC2N(c3nccnn3)NCNN2)CCC1,,,,,
C8198,C1C(n2ccnc2)NNN1,,,,,
C8199,C(=C)C(C)c1ccc2ccccc2c1,,,,,
C8200,N1(CC)N(CC#C)N(C2CCNCC2)N(N=[N+]=[N-])CC1,,,,,
C8201,C1CNN(N2CNCN2)C1C1NNC(C2CNCN2)(C(=O)[N+](=O)[O-])NC1,,,,,
C8202,CC1CC(O)CCC1O,,,,,
C8203,N1(c2cccc3c2cccc3)NNNCC1OOC1CCCCC1O,,,,,
C8204,C1CCCCC1C,,,,,
C8205,C1NC(c2nnncc2)NN1,,,,,
C8206,C1CCCCC1(OC1NCNN1)CC(=C)CC1CC(c2cccc3c2cccc3)CCC1,,,,,
C8207,C1NC(C2(c3nccnn3)CNNN2)NN1,,,,,
C8208,N1(C#N)C(C(=O)[N+](=O)[O-])NCC(N)C1,,,,,
C8209,N1CNNC(C)N1,,,,,
C8210,N1NNC(OO)CC1,,,,,
C8211,N1C(N[N+](=O)[O-])C(C2CCCC3C2(C2CCC(c4ccc(O)cc4)CC2C)CCCC3)CCC1,,,,,
C8212,C1CCC2CCCCC2(C2CN(C3NCNCN3C(=O)O)CCC2)C1,,,,,
C8213,C1CCCC(C2NNN(c3ccccc3O)CN2)C1O,,,,,
C8214,N1NNCCC1C1(N=[N+]=[N-])CCCC(C)C1,,,,,
C8215,C1(C(=O)CN)CCCCC1O,,,,,
C8216,C1(C2CN(Cc3ccccc3)N(OC=CC)CC2)CNCN1,,,,,
C8217,N1N(C2(C3CNNCC3)C(O)(n3ccnn3)CC(C3CNCCC3)CC2)NNCC1,,,,,
C8218,C1CC(N)C(C2(c3nccnn3)NNCCC2)C(C#CC)C1,,,,,
C8219,C1CCC2CCCCC2C1C,,,,,
C8220,C1CCC2CC(O)CCC2C1,,,,,
C8221,N1C([N+](=O)[O-])CNCN1C1(c2nncnc2)CCC(O)CC1,,,,,
C8222,C(C#C)c1cnnnc1,,,,,
C8223,C1C(C#N)CCCC1,,,,,
C8224,N1NN(C2CNNCN2C2(C=C)CNNN2)NCC1,,,,,
C8225,C1(C=O)CCC2CCCCC2C1,,,,,
C8226,N1C(C2CC(O)(c3nnccc3)CC(N3CCCN3)C2)NCCC1,,,,,
C8227,C(=CC1NN(OO)NNC1)OO,,,,,
C8228,N1C(c2ncccc2)N(N)CNC1,,,,,
C8229,N1CCCCC1C=N,,,,,
C8230,C=Cc1cnn[nH]1,,,,,
C8231,N1(C2NC(C3NNCN(c4ccc5ccccc5c4)C3)NN2)NNCCC1,,,,,
C8232,C(C#Cc1nnncc1)CC,,,,,
C8233,N1(c2nncnc2)CNC(C#C)N(CC#C)N1,,,,,
C8234,N1(N=N)CNCNC1,,,,,
C8235,N1(c2ccccc2O)NNNCC1,,,,,
C8236,N1(N[N+](=O)[O-])C(C2CCCCC2O)CN(c2nnn[nH]2)CN1,,,,,
C8237,N1CCNC(c2ccccc2O)N1,,,,,
C8238,N1(c2nnnnc2)CNCNN1,,,,,
C8239,C1C([N+](=O)[O-])(C2CCC(O)C(C3CC(C(=O)O)CCC3C)C2)NNC1,,,,,
C8240,N1CCN(C2CNCN2)C(CC#C)N1,,,,,
C8241,N1CN(NN)C(C2NNCNN2)NC1,,,,,
C8242,C1(C(=O)O)CN(C2CNNNC2)CC(O)(C#N)N1,,,,,
C8243,N1CNN(c2cnncn2)CN1,,,,,
C8244,C(#CN=NOC#C)N,,,,,
C8245,C1C(C2CCC3CCCCC3C2C2N(N)NNN2)CC2C(C3NNCNN3)CCCC2C1,,,,,
C8246,C1C(c2ccncc2)CC2CCCCC2C1,,,,,
C8247,C(C#CC1C(OC2CCNN2)CCCC1)c1cnncc1,,,,,
C8248,N1CN(C2CNNCN2)NCN1C=C(C)c1cc[nH]n1,,,,,
C8249,N1NNCCC1C(=O)C,,,,,
C8250,N1N(OC(=O)N)CC(N2CNCN2c2cccc3c2cccc3)CC1,,,,,
C8251,C1CNC(c2ncn[nH]2)N1,,,,,
C8252,CCC(C(=O)C)n1cccn1,,,,,
C8253,C1CCCCC1(C1CNCN1)c1cccc2c1cccc2,,,,,
C8254,C1(C2C(CC#C)CNN2)CCC(N[N+](=O)[O-])(C)CC1,,,,,
C8255,C1NN(C2C(Oc3nc[nH]n3)CCCC2)NN1C1CNCCC1,,,,,
C8256,N1C(c2cnc[nH]2)CNCN1,,,,,
C8257,C1CNN(c2ccc(C)cc2)N1C(=O)CC1CNNCC1,,,,,
C8258,C(CC=C)C(=O)[N+](=O)[O-],,,,,
C8259,N1CC(C2NCCN(c3nnn[nH]3)N2)N(N2CCNN2)C(C)N1,,,,,
C8260,C1(C2(c3nnnnc3)NCNN2)(N=[N+]=[N-])C(C2CCC(C)CC2)NCN1,,,,,
C8261,C1(C2N(C3NCNN3CC#C)C(c3nc[nH]n3)CCC2)CNCCN1,,,,,
C8262,C1C(N=[N+]=[N-])CC(O)CC1O,,,,,
C8263,C1CNCC(C2C(C3CCCC(C)C3)(C3(NC(=N)N)CNCCC3)NNNC2)N1,,,,,
C8264,N1CCCCC1C=O,,,,,
C8265,C1(C2N(C(=O)N)CNN2)CCCCC1,,,,,
C8266,C(=CC1NNCCC1)c1ccccc1C,,,,,
C8267,C1C(c2ncc[nH]2)N(C#C)NC1,,,,,
C8268,N1(C2CCC3CCCCC3C2)CN(C(=O)C)CN(C=C)N1,,,,,
C8269,C(C#CC)NC(=O)N,,,,,
C8270,N1NNCC(n2cccn2)C1,,,,,
C8271,CN(O[N+](=O)[O-])c1c(O)cccc1,,,,,
C8272,C(CCC1NC(N=NO)(CC#C)CNN1)C1NNCNN1,,,,,
C8273,C1C(c2nnccc2)NCN1,,,,,
C8274,N1NNC(C=N)C(C2NCC(C3CCCCC3)N2)C1,,,,,
C8275,CC1CCC(c2nncnn2)C(NN)(C2CCCCC2)C1,,,,,
C8276,N1C(c2cnn[nH]2)CCCC1,,,,,
C8277,N1NNCC(C2CCC(C)CC2)(OO)C1C1CNNCC1,,,,,
C8278,C1CNCCN1N=N,,,,,
C8279,N1CN(C2(c3c[nH]nc3)CCC(O)CC2)CN(C2CCCC(C)C2C2CNCN2)C1,,,,,
C8280,CC=CC(CC)N=NOC(=O)CO,,,,,
C8281,N1(C2NNNCN2)NCCCC1(C1N(c2ncccc2)CCNN1)C1NCNN1,,,,,
C8282,C1N([N+](=O)[O-])NNN1,,,,,
C8283,N1CNCC(C(=O)N)(c2nncnn2)C1,,,,,
C8284,N1(c2nccnc2)NCCC(NN)C1,,,,,
C8285,C1C(CC#C)NNN1,,,,,
C8286,N1CN(C2CC(N=N)CCC2Oc2nc[nH]n2)NCN1,,,,,
C8287,C1NN(N=NC#CC)N(C2CNCN2)N1,,,,,
C8288,C(C=CC1NNNNC1)NNCC=C,,,,,
C8289,N1N(C2CN([N+](=O)[O-])N(C#CC)N2)CCC(N)C1,,,,,
C8290,N1(C(=O)N)CCCCC1,,,,,
C8291,C1NCN(C(C2CCCCC2)n2cncn2)N1,,,,,
C8292,C1(c2cnnnc2)N(C2NNCNC2)C(C(=O)O)N(C(=O)[N+](=O)[O-])N1,,,,,
C8293,N1CNN(C2(C#N)CNNNC2)C(N=N)N1,,,,,
C8294,N1C(C2C(O)C(c3ccc(O)cc3)CCC2)NNCN1,,,,,
C8295,N1CN(c2nccnc2)CNN1C1NCNN1,,,,,
C8296,N1(C(=O)CC2CCCCC2)CNCNN1C1CCCC2C1CCCC2c1ncc[nH]1,,,,,
C8297,C1C(c2c[nH]nc2)CCCC1,,,,,
C8298,C1NC(C2CNN(CCC)CN2c2cnn[nH]2)NN1C1NNCNN1,,,,,
C8299,C1(C2CNNNC2)CNC(O[N+](=O)[O-])CN1C1NCCN1,,,,,
C8300,C(C)c1cccc2c1cccc2,,,,,
C8301,C1C(C2N(OO)C(N[N+](=O)[O-])N(C3NCCNN3)N2)NCN1,,,,,
C8302,C(C)c1nnncc1,,,,,
C8303,N1C(C=CC)CCCC1,,,,,
C8304,N1(c2cc(O)ccc2)NCCCC1C1CNCCC1,,,,,
C8305,CC1C(C2(C(=O)O)CCNCC2)CC(NC(=N)N)C(N=O)C1,,,,,
C8306,C(=C[N+](=O)[O-])(C1CNNCC1c1cnnnc1)C#N,,,,,
C8307,N1CCNC(C2CNNN2OC(=O)N)N1O[N+](=O)[O-],,,,,
C8308,CC1CCCC(C(=O)O)C1,,,,,
C8309,C=C(C1NNNCN1)c1cccc(C)c1,,,,,
C8310,C1(C2NNCNC2)CCC(c2nnn[nH]2)CC1O,,,,,
C8311,N1CNCN(C2CN(C=O)CN2)N1,,,,,
C8312,N1(O)CCNC(NN)N1,,,,,
C8313,N1CCN(c2ccc3c(c2)cccc3)CN1,,,,,
C8314,N1NNC(COC(=O)N)CC1,,,,,
C8315,C(CC)C1CC(C2CNNNC2)(CCC)CCC1,,,,,
C8316,C(C1CC(C2CNCN2)CC(C=C)C1)c1cc[nH]n1,,,,,
C8317,C1(c2nncnc2)NCNN1,,,,,
C8318,Cc1c[nH]nn1,,,,,
C8319,N1NN(C2CC(NN)C3CCCC(C(=O)C)C3C2)NCC1C1CCCC(C)C1,,,,,
C8320,Cc1ccc(O)cc1,,,,,
C8321,CC=CCC,,,,,
C8322,C1(C=O)N(N2CNCN2)CN(O[N+](=O)[O-])N1c1c[nH]nn1,,,,,
C8323,C(CC=O)C1CCC2C(C1)C(C(C#C)c1nnncc1)CCC2,,,,,
C8324,C=CC1CCN(N2C(O)NCN2)CC1N=N,,,,,
C8325,C1(CN2CCNC2c2cnn[nH]2)CCC(C)CC1,,,,,
C8326,C1CNCC(C2CC(N=N)C(C)CC2N(N)c2ccccc2C)N1,,,,,
C8327,C1CCC(N[N+](=O)[O-])(C=O)C(C=N)C1,,,,,
C8328,C1CCC2CCC(OO)CC2C1C1NCN(c2ncccc2)N1,,,,,
C8329,C1(N=NO)CN(C2NCCCC2)CC(N=N)N1c1cnc[nH]1,,,,,
C8330,N1(C2NCCCC2)CN(C(C2CCCCC2)C=CC)NCN1,,,,,
C8331,C1C(c2c[nH]nn2)NCN1,,,,,
C8332,N1NN(C=N)NC(C2NNCNN2CC)C1,,,,,
C8333,N1(C2C(c3nnncn3)C(C=O)C(C=N)C3C2CCCC3)NNCCC1,,,,,
C8334,C(=C)CCC,,,,,
C8335,C1(c2cnncc2)CNCN1C1CCC2CCCCC2C1,,,,,
C8336,C1(C2CC(O)CCC2)CCCCC1OC(=O)N,,,,,
C8337,C(C#C)(C#C)NC(=NC1NN(c2nccnn2)NNC1)N,,,,,
C8338,N1CN(C2(c3ccncc3)CCCC3C2CCCC3)C(C2NCCNN2)NN1,,,,,
C8339,C1CN(C(=O)O)NN1N,,,,,
C8340,N1NNN(O[N+](=O)[O-])CC1(C(=O)O[N+](=O)[O-])C1NCNN1,,,,,
C8341,C1NC(n2cccn2)NN1,,,,,
C8342,C1(C2CNNN2)(C(=O)C)CNCN1,,,,,
C8343,C#CN=N,,,,,
C8344,C(N(C(=N)N)CC=C)C1N(C(=O)[N+](=O)[O-])CCNN1,,,,,
C8345,C1C(c2nccnn2)NNN1,,,,,
C8346,N1(C2CCC(ON)CC2)CNCN([N+](=O)[O-])C1,,,,,
C8347,C(C#C[N+](=O)[O-])c1ccncc1,,,,,
C8348,C(=C)C1CNC(C2CNCN2)N1OC(=O)N,,,,,
C8349,C1CNC(C2CC(C#C)C(C(=CC)n3cncn3)CC2O)N1,,,,,
C8350,C(C#C)CC(=C)C1NC(c2nccnn2)CCC1,,,,,
C8351,C1CC(n2cncn2)CCC1O,,,,,
C8352,N1CCNCN1C(=O)C,,,,,
C8353,C1N(C#C)N([N+](=O)[O-])N(c2nnncc2)N1,,,,,
C8354,C1NNN(C2(C=CC)NCCC(N)C2)N1,,,,,
C8355,CC(C)c1ccc(O)cc1,,,,,
C8356,C1N(c2ccc(O)cc2)NNN1,,,,,
C8357,C1CNN(C2CN(C)N(c3c[nH]nn3)C2)C1,,,,,
C8358,N1(c2ncccc2)CCCCC1,,,,,
C8359,C(=C)N,,,,,
C8360,C(C1CCCC(c2nncnn2)C1)(C(=O)ON1CCNN1)C1CNCCC1,,,,,
C8361,C1CCC2C(C#C)CCCC2C1,,,,,
C8362,CC(C(=C)C(C=C)C=O)n1cncn1,,,,,
C8363,N1(c2nnnnc2)C(C2NCNN2)CN(C=C)C(C2NCNCN2)N1,,,,,
C8364,N1(c2cnn[nH]2)NNCCC1,,,,,
C8365,N1CC(C2CCNN2)(Cc2ccccc2)NCN1,,,,,
C8366,CC1CCC(C2CCN(c3ccccc3O)CC2)CC1N1CCNN1,,,,,
C8367,N1CCNC(CC2CCCCC2)N1N[N+](=O)[O-],,,,,
C8368,N1C(n2cncn2)NNCN1,,,,,
C8369,C1(O)NNNN1,,,,,
C8370,N1NNC(O[N+](=O)[O-])C(C2CNCCC2)C1OC(=O)N,,,,,
C8371,C1C(C=O)NC(C2C(n3cnnn3)CCCC2)CN1,,,,,
C8372,C1C(ONN)C(C2N(C(=O)[N+](=O)[O-])CNN2)CCC1,,,,,
C8373,C1CCCC(N=N)(c2cc[nH]n2)C1(ONN)C1CNCCC1,,,,,
C8374,N1(C2CCC3C(C2)CCCC3)CNCCC1C1C(O)C(c2ccn[nH]2)CC(C2CNCN2)C1,,,,,
C8375,N1NNC(C(=O)O)CC1NC(=N)N,,,,,
C8376,C1(C2CN(C3CCCC(C)C3)CN2)(C(=O)O)CCC2CC(C(=O)C)CCC2C1,,,,,
C8377,N1(N=NOC(=O)N)CNCNN1,,,,,
C8378,C(C#C)(N=Nc1nc[nH]n1)C1NCNCN1,,,,,
C8379,C(CC)([N+](=O)[O-])c1ncncn1,,,,,
C8380,C(N=NO)C1NCNN1c1c[nH]nn1,,,,,
C8381,C1C(C2CCC3C(C2)CC(C2CCNN2)CC3)CCCC1(O)c1cnncc1,,,,,
C8382,C1CN(C2(C3CNNC3)NNNNC2C(=O)[N+](=O)[O-])CC(c2ccccc2O)N1,,,,,
C8383,C(=C(N1CNNN1)C(=O)Oc1cccc(C)c1)C(=O)N,,,,,
C8384,C(C)C(=N)c1cc(O)ccc1,,,,,
C8385,N1C(C2CC(O)CC3C2(C2C(O)CCCC2)CC(C(=O)[N+](=O)[O-])CC3)NCNN1,,,,,
C8386,N1CCNCN1C1CCCCC1,,,,,
C8387,N1C(c2cnnnc2)NNCN1,,,,,
C8388,C1(c2nnncc2)CC(OC(=O)N)C2CCCCC2C1,,,,,
C8389,N1N(C2NNN(N)NC2)C(C2NC(c3nccnc3)CN2)CCC1,,,,,
C8390,N1CNNC(n2cncn2)N1,,,,,
C8391,C1C(c2ccc3c(c2)cccc3)N(O)NC1,,,,,
C8392,C(C)C1NC([N+](=O)[O-])(c2cnnnc2)NN1,,,,,
C8393,C1CCC(OO)C(C2C(O)CC(c3nnnnc3)CC2)C1,,,,,
C8394,C1CCC(c2nnncn2)C(C2NCCNN2)C1O,,,,,
C8395,N1NNC(C2(C=O)CCC3CCCCC3C2)(OO)CC1,,,,,
C8396,C(C)(N=NO)O,,,,,
C8397,C1CCC2CCCC(OC(=O)N)C2C1,,,,,
C8398,C1C(C(=O)N)NN(CC=C)C1,,,,,
C8399,N1(C2CCNN2)CCCC(c2ccc3c(c2)cccc3)C1,,,,,
C8400,C1CCC2CCCC(C3(c4cnncn4)NN(N=NO)NCC3)C2(C2NNNCN2)C1,,,,,
C8401,C1CCC(C2CC(O)CCC2)CC1(O)CC1CCCCC1C1(c2cnnnc2)CCC2CCCCC2C1,,,,,
C8402,C=Cc1nc[nH]n1,,,,,
C8403,C1(OO)C(CCC)NCN1,,,,,
C8404,N1NNN(c2nnnnc2)CC1,,,,,
C8405,N1(c2ccncc2)CCN(C)C(N2CCCN2)N1,,,,,
C8406,N1CN(C2NCNN2)C(C(C)O)NN1c1cccc(C)c1,,,,,
C8407,CC1C(C2NCNCN2)C(C2CNCN2)CCC1C1N(C)NCCC1,,,,,
C8408,N1(OC(=O)NC2CNNN2)NN(C2NNNN2)CC(c2ccc(O)cc2)C1,,,,,
C8409,C1C(C2C(O)CCCC2)(C#CC)CC2CCC(C=C)CC2C1,,,,,
C8410,C1(c2ccc3c(c2)cccc3)C(C)(C#C)NCN1,,,,,
C8411,CCC(=O)N,,,,,
C8412,CCOO,,,,,
C8413,N1NNCC(C(=O)N)C1,,,,,
C8414,N1(CN=NC#C)C(C(=O)[N+](=O)[O-])NCNC1,,,,,
C8415,CC[N+](=O)[O-],,,,,
C8416,C1CCC2CCCCC2C1c1cnccc1,,,,,
C8417,C1NN(C2CCC(c3ccncc3)C(C)C2)NN1,,,,,
C8418,N1CCNC(OOC#CC)N1[N+](=O)[O-],,,,,
C8419,CCC1CN(C(=CC)c2c[nH]nn2)CCC1C1NCNN1,,,,,
C8420,C1(c2nncnn2)NNNN1,,,,,
C8421,C=CC1(n2ccnn2)N(C2CNCCC2)NCNC1,,,,,
C8422,N1(OC(=O)N)NCCCC1,,,,,
C8423,C1(c2nccnn2)CC(C2CCNCC2)CC(OC(=O)N)C1,,,,,
C8424,CC(=C)CC1CCCC(c2nnncc2)C1,,,,,
C8425,C=Cn1ccnn1,,,,,
C8426,C(C)(CC=C)N[N+](=O)[O-],,,,,
C8427,C1(C2C(O)CCCC2c2ccccc2O)CCCC(N([N+](=O)[O-])[N+](=O)[O-])C1O,,,,,
C8428,C(#C)C=C,,,,,
C8429,C#CN=N,,,,,
C8430,C(=C)c1ncccc1,,,,,
C8431,C1CC(c2cnnnc2)C2CCCC(N3CNNN3)C2(C2CCC3CCCCC3C2)C1,,,,,
C8432,N1C(c2c[nH]nc2)NCN(C2CCCCC2O)N1,,,,,
C8433,C1CC(c2ccccc2O)CCC1,,,,,
C8434,N1N(C#N)NC(CCC)CC1,,,,,
C8435,N1C(n2cccn2)NNCN1,,,,,
C8436,C1CCCCC1C1CCC2C(Cc3ccccc3)CCCC2C1,,,,,
C8437,N1CC(C(=O)O)(c2ccn[nH]2)C(N=O)CC1,,,,,
C8438,CC(=O)O,,,,,
C8439,N1N(N=NOC=N)NN(N=N)CC1,,,,,
C8440,C1(n2ccnn2)CNNC1,,,,,
C8441,C1(C(=O)O)C(c2ncncn2)NC([N+](=O)[O-])N1,,,,,
C8442,C(#C)C#CC(C=N)c1cnccc1,,,,,
C8443,C1(N=[N+]=[N-])(c2cnn[nH]2)C(N=N)N(C2NNNCC2)NC1,,,,,
C8444,C1(C(C=C)CC#C)CNCCN1,,,,,
C8445,CC1CCC(C(=O)[N+](=O)[O-])C(C2CNNCN2N)C1,,,,,
C8446,C1CC(C2CNN(C3CC(O)(C=C)CCC3)CC2)CCC1,,,,,
C8447,C#CC1C(C=O)NNCN1,,,,,
C8448,N1C(N=O)C(O)CC(c2ccccc2O)C1,,,,,
C8449,N1NCCCC1NN,,,,,
C8450,C(C(=C)CC)(C1(N)NCCN1)N=[N+]=[N-],,,,,
C8451,C(C#C)(O)NC(=N)N,,,,,
C8452,C1NCNN1C1NC(C(C=C)C=C)CNN1,,,,,
C8453,C(Cc1c[nH]nc1)C1NCNC([N+](=O)[O-])N1C1CCNN1,,,,,
C8454,C1CCCCC1C#C,,,,,
C8455,C(#CO)C1(c2nnncn2)CCC(O)CC1,,,,,
C8456,C(C=CC=CC)(C1C(O)CCCC1)(C#C)c1cnc[nH]1,,,,,
C8457,N1CNCC(c2nncnn2)C1,,,,,
C8458,C1CC(C2CNC(c3nnn[nH]3)N2)CC(C=O)C1,,,,,
C8459,C1N(N2CNNN2OC(=O)N)NNN1,,,,,
C8460,N1(N=O)NNCCC1OO,,,,,
C8461,CC(=CN)OC(=O)N,,,,,
C8462,N1NNC(C2CCN([N+](=O)[O-])N2)CC1C1CCC2C(C1)CCCC2,,,,,
C8463,N1NN(c2c[nH]cn2)CCC1,,,,,
C8464,C1CCC2C(C3CNNC(C4NNNC(C(=O)N)C4)C3)CCC(C3NCCNN3)C2C1,,,,,
C8465,C#CC1CCC2CCCCC2C1c1c[nH]nc1,,,,,
C8466,N1NNNC(n2ccnn2)C1,,,,,
C8467,N1C(C2(c3ccccc3O)CNNN2)NCC(O)C1,,,,,
C8468,C1C(N=[N+]=[N-])CC2CC(CC=CC(=C)N3CNCN3)CCC2C1,,,,,
C8469,CC(=O)NC1NCNN1c1nnncn1,,,,,
C8470,C1(c2c[nH]cn2)CCC(C2NNNNC2)CC1(C(=O)N)O,,,,,
C8471,C1(N=Nc2cnnnc2)N(C=O)NN(N=O)N1,,,,,
C8472,CC1CC(c2ncc[nH]2)CCC1,,,,,
C8473,C(O[N+](=O)[O-])(CC#C)c1cccc(C)c1,,,,,
C8474,N1C(C2NCNN2c2nccnc2)CNCN1,,,,,
C8475,N1CCCCC1C1CC(c2cnncn2)C(C2NCNN2)CC1C,,,,,
C8476,N1CN(CC#C)NCN1CC=C,,,,,
C8477,Cc1ccc(C)cc1,,,,,
C8478,N1(N=O)CCNCN1,,,,,
C8479,C1NC(N2CNC(c3cnncn3)N2)N(N2CC(C3CC(O)CCC3)NC2)N1,,,,,
C8480,C1CCC2CC(N)CCC2C1,,,,,
C8481,CC(C)C1(N2CNNN2)NCN(CCC)N1,,,,,
C8482,N1(C2(C3C(O)(C=N)CCCC3)NNCCC2)CN(O[N+](=O)[O-])NCN1,,,,,
C8483,C1CCC2C(OC(=O)N)CCCC2C1,,,,,
C8484,N1(CC=C)CCC(N2CNNN2)CC1C1CCCC(C)C1,,,,,
C8485,C1CC(C2CN(C3NCNN3)NC2)C2CCC(C)CC2C1Cc1ccccc1,,,,,
C8486,CC=CC1N(C2NNC(c3ncn[nH]3)NN2)CNN1,,,,,
C8487,N1N(N2CNCN2)NNC(C#C)C1,,,,,
C8488,N1NNN(C2CCCCC2)CC1,,,,,
C8489,C(C#C)N1CC(CC=C)CN1,,,,,
C8490,N1CNNC(C2NNNN2)(C2CCC(O)(C(=O)N)C(C3CNNN3)C2)N1,,,,,
C8491,N1CNCC(CC2CCCC(C3CCCCC3O)C2c2cc[nH]n2)(N[N+](=O)[O-])C1,,,,,
C8492,CC1CC(C=CC)CCC1NC(=N)NC1CCNN1,,,,,
C8493,C1CC(N=O)CCC1C1C(O)CCCC1C1CNNC1c1ccccc1O,,,,,
C8494,N1(C2CCCC(C)C2)C(c2cccc3c2cccc3)NCN(C2NNCNC2)C1NN,,,,,
C8495,N1(O[N+](=O)[O-])CNCN(OO)C1,,,,,
C8496,C1CCC2CC(OC(=O)N)CCC2C1,,,,,
C8497,C1C(N=NO)CCCC1,,,,,
C8498,C1(N=NO)NCNN1C1CCCCC1OC1C(c2nc[nH]n2)CCCC1O,,,,,
C8499,C1(C2CCNN2)C(CC2CCCCC2)CC(OC(=O)C)CC1O,,,,,
C8500,C1C(OO)CCC(N2CCN(C(=O)N)N2)C1,,,,,
C8501,C(C#C)C=O,,,,,
C8502,C1(C=CC)CNNN1,,,,,
C8503,N1(C=CC)C(N2CCN(c3nncnc3)N2)CCCC1,,,,,
C8504,CC1CCCCC1Oc1cnncn1,,,,,
C8505,N1CNCC(C=N)C1,,,,,
C8506,C(CCC(=O)[N+](=O)[O-])(N1CNNN1)NC(=O)O,,,,,
C8507,N1(C2C(O)CC(c3nnncn3)CC2)CNNCN1,,,,,
C8508,CCC1NNN(C=C)CN1,,,,,
C8509,C1C(C=CC[N+](=O)[O-])CC(c2c[nH]nc2)CC1(O)C,,,,,
C8510,C(C#C)C#CC1CNN(C2CNNN2)N1c1cccc2c1cccc2,,,,,
C8511,C1N(N=[N+]=[N-])CN(C2NCCN2NC(=N)N)N1CCC,,,,,
C8512,N1(c2cnncc2)CNCNN1,,,,,
C8513,C1C(C2CCC(C)CC2c2ccccc2C)CC2CC(C3NCCNN3)C(N=[N+]=[N-])CC2C1,,,,,
C8514,C1NC(C2(C3CNNC3)NCCC(N=N)C2)NN1CC#C,,,,,
C8515,C1CN(C2NC(C3C(n4ccnn4)NNCC3)CNN2)NC1,,,,,
C8516,N1NNN(C2NNNNC2)C(C2(O)NCNN2)(C#N)C1,,,,,
C8517,CC(C)c1ccccc1C,,,,,
C8518,C1(C(=O)N)NNN(C2CCC(C)CC2C(=O)C)N1C=CC,,,,,
C8519,C1(CC2C(C3NNCNN3)CCC(c3cnnnc3)C2)CNNN1,,,,,
C8520,N1C(NC(=Nc2nnncn2)N)NC(N)CC1,,,,,
C8521,N1(CC2CCCCC2)CNC(N=NO)CC1,,,,,
C8522,CCCCC#C,,,,,
C8523,C1(c2ccc(O)cc2)N(C2CNCCC2)NNN1,,,,,
C8524,C(C#CN=NO)([N+](=O)[O-])c1ccc(C)cc1,,,,,
C8525,C1CNN(C=CC)N1N=O,,,,,
C8526,N1(C2CCCC3C2CCC(c2cnncc2)C3)C(OC(=O)N)NC(C(=O)O)CC1,,,,,
C8527,C1(C2CCC3C(C2)C(C)CCC3)CNNC1,,,,,
C8528,CC1NNN(c2cnncc2)CC1,,,,,
C8529,N1N(c2ccc(C)cc2)NCCC1,,,,,
C8530,C1CCC(C(=O)N)CC1(N1CNCN1)c1nnn[nH]1,,,,,
C8531,C(C=C)C1NCC(C2NCCNN2)(c2nnncc2)N1,,,,,
C8532,CC(=C)N1C(N)CN(C=CC)C1,,,,,
C8533,C1CCC2CCCCC2C1c1nnnnc1,,,,,
C8534,N1CNCNN1C1NN(C(=O)O)CNN1,,,,,
C8535,CC#CC1N(N2CNCN2)N(c2nnnnc2)NN1OO,,,,,
C8536,C#CC1(C=C)CN(C2CCNN2C2NCCNC2)NNC1,,,,,
C8537,C1C(C2CC(C3CNNNC3c3ncc[nH]3)(C3CCCC(C)C3)C3CCCCC3C2)CC2CCCCC2C1,,,,,
C8538,C1(C2(c3nnnnc3)CNNN2)CCC(OO)CC1,,,,,
C8539,N1NN(C2NNCNC2)N(C2(C=CC)CCC3CCCCC3C2)CC1,,,,,
C8540,N1CC(c2c[nH]nc2)NCN1,,,,,
C8541,N1(c2cnncc2)NCCCC1,,,,,
C8542,C1(c2ccncc2)NCNN1C1CNNN1,,,,,
C8543,N1(OC(=O)N)C(O[N+](=O)[O-])NCN(OO)C1,,,,,
C8544,C1CCC2CCCCC2(O[N+](=O)[O-])C1,,,,,
C8545,C1CNC(n2cnnn2)CN1C1C(O)CCCC1,,,,,
C8546,N1CNC(C2CCC(O)CC2)NC1n1ccnc1,,,,,
C8547,C1(C=O)C(N[N+](=O)[O-])N(C(=O)N)C(OC(=O)N)N1,,,,,
C8548,N1NNCCC1c1ccc2c(c1)cccc2,,,,,
C8549,C1CC(C2CCNCC2)(C2N(c3cnncn3)NCNN2)CCC1,,,,,
C8550,CC(C#CC)O,,,,,
C8551,C(CC)(C=C)C1CCC2(C)C(C1c1cnncc1)CCCC2,,,,,
C8552,C1CCCCC1C#N,,,,,
C8553,N1(c2nccnc2)CNCNC1,,,,,
C8554,N1(C2CCCC(C)C2)CN(c2nnccc2)C(C#N)C(C(=O)O)C1,,,,,
C8555,C(CC)C1(c2ccccc2C)NCNN1,,,,,
C8556,C#CN(N1CCNN1)N=NO,,,,,
C8557,C1(N=[N+]=[N-])CNN(c2ccc(O)cc2)C1,,,,,
C8558,C1(C2C(O)N(n3cnnn3)NN2)NCNN1,,,,,
C8559,CC1CCCC(C2C(C(=O)[N+](=O)[O-])C(O)C3CCCCC3(c3cccc4c3cccc4)C2)C1,,,,,
C8560,CCC1C(c2ccccc2C)CC(C)C(OC(=O)N)C1,,,,,
C8561,N1NNNC(c2cccc3c2cccc3)C1OC(=O)N,,,,,
C8562,C(C(C)C#CC)C1NCC(c2cccc(C)c2)CC1,,,,,
C8563,C1NCN(C2CNN(NC(=N)N)CN2)N1,,,,,
C8564,C1C(C)NC(C2NCCNN2)N1N,,,,,
C8565,N1(C2C(c3cccc(C)c3)NNNC2)CCNCN1,,,,,
C8566,C1(C2(C3NNN(CC#C)CN3)CCCCC2)NCNN1O,,,,,
C8567,C1C(N=NO)NCC(O)N1,,,,,
C8568,C1NNN(C2C(c3cccc(C)c3)CC(C)CC2)N1,,,,,
C8569,C=CC1CCN(CC#Cc2nnnnc2)N1,,,,,
C8570,C1CNCCN1c1nccnc1,,,,,
C8571,C(C#CC)C1CCC2C(C1)CCC(C(=CC)c1ncn[nH]1)C2,,,,,
C8572,C1(C2NNNCC2)CN(C(=O)O)NN1N([N+](=O)[O-])C#C,,,,,
C8573,C(=C[N+](=O)[O-])C1(C)NNNNC1C(=O)[N+](=O)[O-],,,,,
C8574,N1CCNC(C2NNNN2)N1c1ccncc1,,,,,
C8575,C(C1C(C(=O)c2cnnnc2)CC(C2CCNN2)CC1)C#CC,,,,,
C8576,N1C(C2NNNCC2)NCNN1N1C(c2c(O)cccc2)NNN1,,,,,
C8577,C1(Oc2ccccc2C)NNNN1,,,,,
C8578,N1CNN(c2ccccc2O)CN1,,,,,
C8579,C1(C2(c3ncncn3)CCCC(C)C2C2CCC(C)CC2)C(C2NCCCC2)NNC1,,,,,
C8580,N1CN(C#CC)N(C2NN(C3CNCN3)CNC2)CN1,,,,,
C8581,CC(=CC1CCCCC1C)C1NCC(c2ccncc2)NC1,,,,,
C8582,N1CN(c2c[nH]cn2)CC(C2CNCCC2)C1,,,,,
C8583,C1CCCC(C)C1c1ncccc1,,,,,
C8584,C1C(N[N+](=O)[O-])C(C)(c2nnncn2)CCC1OCC,,,,,
C8585,N1CCCC(O)C1,,,,,
C8586,N1CN(c2ccc3ccccc3c2)NCN1,,,,,
C8587,C(C)(C1NNCNC1)c1nncnn1,,,,,
C8588,C1C(C=CC)NC(C2CNNC2)CN1C=O,,,,,
C8589,C1CNCN1c1ccc2c(c1)cccc2,,,,,
C8590,C1C(O[N+](=O)[O-])N(c2ncncn2)CCN1,,,,,
C8591,N1N(C2CN(N=O)NN2)NCCC1C(=C)c1nnnnc1,,,,,
C8592,N1NNNC([N+](=O)[O-])(C2CC(C#CC)(C#C)C(O)CC2)C1,,,,,
C8593,C1(C=CC)CCC2CCCCC2C1,,,,,
C8594,C(C#C)c1ncc[nH]1,,,,,
C8595,N1NN(C=CC)CCC1,,,,,
C8596,C1(c2cnncn2)NCNN1,,,,,
C8597,C1CCCCC1(O)CC(C)c1ncc[nH]1,,,,,
C8598,N1CNNC(Cc2c(O)cccc2)N1N=[N+]=[N-],,,,,
C8599,C1N(C=C)NNN1,,,,,
C8600,N1C(C2CCNN2)NCC(C(=O)C)C1,,,,,
C8601,C1CNCN1C=C,,,,,
C8602,N1NCCC(Cn2cncn2)C1N1C(C#N)CNN1,,,,,
C8603,C(=C)(C1CCC(c2ccc(C)cc2)CC1C)N=NO,,,,,
C8604,N1CCNC(c2nnncc2)N1,,,,,
C8605,CC1CCCCC1c1nncnc1,,,,,
C8606,C1(C2CNCCC2)CNCC(c2nnn[nH]2)N1,,,,,
C8607,N1NCC(C2CCCCC2)C(C2C(O)CCCC2)C1O[N+](=O)[O-],,,,,
C8608,C1CN(C2(OC(=O)N)C(O)CCC(c3nccnn3)C2)NN1,,,,,
C8609,N1NCC(N2CCNC2n2ccnc2)C(C2(C=N)CCCCC2)C1,,,,,
C8610,N1NCC(c2nnccc2)C(OC(=O)N)C1,,,,,
C8611,C1(C(C)N)(C=NC(=O)O)CNCN1,,,,,
C8612,C(C(C1CCCCC1ON1CCNC1)c1c[nH]cn1)C1NCCCC1,,,,,
C8613,N1NCCC(N=[N+]=[N-])C1,,,,,
C8614,C1C(C(=O)C)CCCC1N,,,,,
C8615,N1CNC(C2C(c3ccn[nH]3)C(C3NCCCC3)CC3C2CC(C2NCCNN2)CC3)NN1,,,,,
C8616,N1CCC(C=N)CC1CC,,,,,
C8617,N1NCCCC1c1ncncn1,,,,,
C8618,C(C)c1ccc(C)cc1,,,,,
C8619,C1CNC(C(=O)OO)CN1,,,,,
C8620,N1CN(C2NCCN(c3ncncn3)N2)C(C2(C3CNNCC3)CCCCC2)NN1,,,,,
C8621,N1C(C2CCNN2c2cnc[nH]2)CNCN1C1NNNCC1,,,,,
C8622,N1CN(C2CCC(C)(CC#C)CC2)CCC1C1NCCNN1,,,,,
C8623,C1(C2NCNN2)CC(OC(=O)N)C(n2cncn2)C(C2NCCCC2)C1,,,,,
C8624,C1CCC(O)CC1,,,,,
C8625,C1(n2ccnn2)CCC2CCCCC2C1,,,,,
C8626,N1CCCC(C(=O)[N+](=O)[O-])(C2N(O)CNN2)C1C,,,,,
C8627,N1NCC(O)C(C2CN(C3N(c4ccc(O)cc4)NCNN3)NN2)C1,,,,,
C8628,N1C(c2ccn[nH]2)CNCN1C1NNNCN1,,,,,
C8629,CC=Cc1cc[nH]n1,,,,,
C8630,N1CCNC(Cc2ccccc2)N1,,,,,
C8631,C1N(c2cnncc2)C(NC(=NC=C)N)NN1,,,,,
C8632,N1NN(C2C(C(=O)[N+](=O)[O-])C(O)CCC2)N(N2CNNN2)CC1c1ccc2ccccc2c1,,,,,
C8633,C=C(OC(=O)NN[N+](=O)[O-])C(=O)[N+](=O)[O-],,,,,
C8634,C1C(C2(C3CCC(O)CC3)NCCC(C3N(c4cc(O)ccc4)CCN3)C2)NCCN1,,,,,
C8635,N1C(n2ccnn2)CNCN1,,,,,
C8636,N1(C=C)CNNCN1,,,,,
C8637,C1C(NN)NNC1,,,,,
C8638,C1(c2ccc3ccccc3c2)NNNN1,,,,,
C8639,C1C(C2CCCC3C2C(C2CCCCC2)CCC3)CC2CC(C3NCCNN3)CCC2(C=C)C1,,,,,
C8640,N1NCC(N=[N+]=[N-])CC1O,,,,,
C8641,N1(C2CCNN2)N(C2NNNN2)NNCC1C=O,,,,,
C8642,C1CN(c2nccnc2)CN1,,,,,
C8643,N1CC(C2CNNN2)NC(C2NNCNC2)N1C1CCC(c2c[nH]cn2)C(C)C1,,,,,
C8644,N1NC(C2C(C=C)CC3CCCC(CCC)C3C2)C(C)CC1,,,,,
C8645,C1CCCCC1C1CNN(C(=O)C)C1,,,,,
C8646,CC=C(N=[N+]=[N-])C1NCNN1C#C,,,,,
C8647,N1CC(C2CCC(C)(c3nnncc3)CC2)CCC1,,,,,
C8648,N1CNCN(N=[N+]=[N-])C1,,,,,
C8649,COC1(c2ncccc2)NCNCN1,,,,,
C8650,C1CC(N=N)(C#N)CCC1(O)N=N,,,,,
C8651,C1(C2(OC(=O)N)NNCCC2)(n2ccnn2)CNCN1,,,,,
C8652,C=CC1CC(C(=O)NO)CCC1O,,,,,
C8653,C1CNNC1C1(NC(=N)N)NCC(C2CN(O[N+](=O)[O-])NN2)CC1,,,,,
C8654,N1N(N)N(N=NOCC(=O)[N+](=O)[O-])NCC1,,,,,
C8655,C1CCC2CCCCC2(c2c(O)cccc2)C1,,,,,
C8656,N1CCCCC1(C)N(N)c1cnnnc1,,,,,
C8657,C1(CC=C)CC(C2CCC3C(C2)C(N2CCNN2)CCC3)CCC1c1nc[nH]n1,,,,,
C8658,C(=CC=C)N1CNCN1,,,,,
C8659,C#COO,,,,,
C8660,CC(CN1CCC(c2nncnc2)N1)C,,,,,
C8661,N1C(n2cncn2)NCCC1,,,,,
C8662,CC1(N2CCCN2)CN(N=N)NCC1,,,,,
C8663,C1(CC#C)C(C)C(C(C2CCCCC2)C=CC)C2CCCCC2C1,,,,,
C8664,N1(C2NNNC(C3NCN(N[N+](=O)[O-])CN3)C2C2CCC3CCCCC3C2)CNCNN1,,,,,
C8665,C1(c2c[nH]cn2)CNNC1,,,,,
C8666,C1C(C2CNCCC2)C(N[N+](=O)[O-])CCC1CC=C,,,,,
C8667,N1CN(N=[N+]=[N-])C(C2CCNCC2)NN1N[N+](=O)[O-],,,,,
C8668,N1CCNCN1C1CN(c2c[nH]cn2)NN1,,,,,
C8669,N1CN(c2ccccc2C)CCC1,,,,,
C8670,N1(C2NCC(c3nnncc3)NC2)NNCCC1,,,,,
C8671,C1NNNN1C#C,,,,,
C8672,N1(c2c(O)cccc2)NNC(O)CC1,,,,,
C8673,N1(C2NNNC(N)C2)CCN(C2(C#N)NCNN2)CN1,,,,,
C8674,C1NC(C2CCC(c3cnnnc3)C(C)C2)NN1,,,,,
C8675,C1CCC(C2CN(C3(c4nnccc4)NNCNN3)NC2C(=O)O)CC1,,,,,
C8676,C1C(N=NO)C(NN)(O)C(C2CCNN2)CC1,,,,,
C8677,C1C(c2cnncc2)CCCC1O,,,,,
C8678,C1CNC(C#CC)CN1c1ccc2c(c1)cccc2,,,,,
C8679,N1CNC(C2NNNN2c2cnncc2)N(C2NNNNC2)C1,,,,,
C8680,C1NC(C2CCC(c3cnc[nH]3)CC2)N(C2NNCNC2)N1,,,,,
C8681,C(CCCCOC(=O)N)(N=O)N=NO,,,,,
C8682,N1CN(C(=O)N)CNN1N=N,,,,,
C8683,C1C(C=C)CCCC1,,,,,
C8684,Cc1ncncn1,,,,,
C8685,C1(C2(C3NNNNC3)CNNNC2)NNNN1C1CCC2CCCCC2C1C(=O)[N+](=O)[O-],,,,,
C8686,C1NNN(c2nnncc2)N1C1CNNCN1,,,,,
C8687,N1CN(NC(=N)N)CCC1C=O,,,,,
C8688,C1CNCC(CCC)N1,,,,,
C8689,C(C(=C)N1CNNN1)C1CCC2CCCC(c3ccc4c(c3)cccc4)C2C1C1CNNCC1,,,,,
C8690,N1(C(=O)C)CNC(c2cnnnc2)NN1,,,,,
C8691,C(#CC(=O)[N+](=O)[O-])N(C#N)C=C,,,,,
C8692,C1C(C=CC)N(c2nnn[nH]2)NN1,,,,,
C8693,C(CCc1cnn[nH]1)C(=O)O,,,,,
C8694,N1NN(C2NCCNC2)CC(C=N)C1C#CCN=N,,,,,
C8695,N1(c2nccnn2)NCCCC1,,,,,
C8696,C#CO[N+](=O)[O-],,,,,
C8697,C(C=CC1NN(c2ccccc2C)NCN1)N=O,,,,,
C8698,N1NNN(N=[N+]=[N-])CC1,,,,,
C8699,N1NNCCC1c1cccc(C)c1,,,,,
C8700,CCCC1(c2c[nH]cn2)CCCCC1,,,,,
C8701,C1NC(C2(c3ccccc3C)NNCNC2)NN1,,,,,
C8702,CC#CC1C(C2NNNCC2)CCC(C)(c2cccc3c2cccc3)C1,,,,,
C8703,C(C#CC1N(C#CC)CCCC1)c1ncccc1,,,,,
C8704,C(C)C(=C)c1cc(O)ccc1,,,,,
C8705,C(C)C1N(C(=O)O)N(c2cnn[nH]2)NN1,,,,,
C8706,C1CNCC(c2cccc3c2cccc3)N1,,,,,
C8707,C1C(C2NNNNC2)N(C)CCN1,,,,,
C8708,C1C(c2nccnc2)NNC1C=NN,,,,,
C8709,C1NN(c2nncnn2)NN1,,,,,
C8710,C(#C)C(C)(OC(=O)N)c1nnn[nH]1,,,,,
C8711,N1(C2(c3nccnc3)NCCN2)NCCCC1,,,,,
C8712,N1C(O[N+](=O)[O-])NNCN1,,,,,
C8713,C1C(C2CCCCC2CCC#C)N(N=[N+]=[N-])NN1N[N+](=O)[O-],,,,,
C8714,N1NNN(C2C(N3CCNN3)CCC3C2CCCC3c2cc[nH]n2)CC1,,,,,
C8715,CCC=C,,,,,
C8716,C1(C(=O)O)CNNC1,,,,,
C8717,C1CC(C(=O)N)C2CC(C3NNCN(C)C3)(C(=O)O)CCC2C1,,,,,
C8718,N1NNC(N=NO)CC1,,,,,
C8719,N1NNN(C2NNNNC2)C(C#C)C1,,,,,
C8720,C1CCCCC1(OCC=C)c1nnccc1,,,,,
C8721,N1C(n2ccnc2)NCCC1,,,,,
C8722,N1C(C2(c3ncncn3)CCC(C)CC2)CNCN1,,,,,
C8723,C1CN(C(=O)N)CC(C=N)(C#C)N1,,,,,
C8724,N1CN(C=C)CN(c2ccccc2O)N1,,,,,
C8725,N1(C2CNN(C(=O)C)CC2)N(C(=O)C)CCCC1,,,,,
C8726,C1CCCC(c2nnncn2)C1(O)N=N,,,,,
C8727,C1CC(N)C2CCCC(C3NCCCC3)C2C1,,,,,
C8728,C1C(c2ccc(C)cc2)NNN1,,,,,
C8729,C1(N)C(c2cnnnc2)NNC1,,,,,
C8730,N1CCN(N[N+](=O)[O-])C(C2CNCCC2)N1C1N(c2c[nH]nn2)NNCC1,,,,,
C8731,C(C#C)CC#C,,,,,
C8732,C(CCC#C)c1nccnn1,,,,,
C8733,N1(n2cccn2)CC(C=N)CCC1,,,,,
C8734,C(CC1NN(Oc2nncnn2)NCN1)C#N,,,,,
C8735,N1(C#C)CN(O[N+](=O)[O-])NC(C2CCNN2)N1c1ccc(O)cc1,,,,,
C8736,C1CCC(C2(C3CNN(c4nnnnc4)CN3)CNNN2)CC1O,,,,,
C8737,N1CN(c2cnccc2)NCN1,,,,,
C8738,CC(C)N1CC(C2NCC(c3c[nH]nc3)CC2)N(CC#C)N1,,,,,
C8739,C(C(=C)CC#CC#CCc1nnncc1)C=N,,,,,
C8740,N1NN(C(=O)[N+](=O)[O-])CCC1,,,,,
C8741,C1CCC2CCC(c3ncc[nH]3)CC2C1,,,,,
C8742,C=C(CC#C)C1NN(c2cc[nH]n2)NNC1,,,,,
C8743,C(C#CN1CNCN1)c1cnncn1,,,,,
C8744,N1C(C2CCCCC2C)NCNN1,,,,,
C8745,C(NC(=N)N)N=[N+]=[N-],,,,,
C8746,CC1CC(C)CCC1,,,,,
C8747,N1NNC(C2C(OC(=O)O)CCCC2)CC1,,,,,
C8748,C1NC(Nc2cnc[nH]2)NN1,,,,,
C8749,C1CNNN1C1(C(=O)NOO)CCCC2C1CCCC2,,,,,
C8750,C(C=C)(N1C(NC(=N)N)CNC1)C=N,,,,,
C8751,C1(C2CCCCC2)NNNN1C=O,,,,,
C8752,N1(OO)CN(c2c[nH]nc2)CCC1,,,,,
C8753,C1(c2cnc[nH]2)NC(CC#C)N(C#N)N1N=O,,,,,
C8754,CC1C(N=O)N(N=O)CN1,,,,,
C8755,C=Cc1nncnn1,,,,,
C8756,C1CC(O[N+](=O)[O-])C2CCCCC2(C2CN(c3nc[nH]n3)CN2)C1,,,,,
C8757,CC(=C)c1cnnnc1,,,,,
C8758,C(CC)C(C)(CC=C)C1(c2nnccc2)CCCC2C1CCCC2,,,,,
C8759,C(C)C1C(O)C(c2ncccc2)CCC1,,,,,
C8760,C1CN([N+](=O)[O-])NC1,,,,,
C8761,N1C(C2NCCC(C(=O)O)C2)NCN(C2CNCC([N+](=O)[O-])C2)C1,,,,,
C8762,C(#Cc1ccc2c(c1)cccc2)N=NOC#CCC1CCC2CCCCC2C1,,,,,
C8763,C1C(C2CNCCC2C)NCCN1,,,,,
C8764,N1(N([N+](=O)[O-])C(=O)O)N(C(=O)O)N(C2CCCCC2O)NCC1,,,,,
C8765,C(CC)CC=C,,,,,
C8766,N1N(C=C)CCCC1C1NC(NN)NCN1,,,,,
C8767,C1CC(C2CCC(CC3NCCN3)C(c3ccc4ccccc4c3)C2C2CCCC(C)C2)CCC1,,,,,
C8768,N1CNC(C2N(c3nncnn3)NNN2)CC1,,,,,
C8769,N1(C2CC(O)C(c3c(O)cccc3)CC2)N(C2CCC3CCCCC3C2)CCCC1,,,,,
C8770,C1(C2C(C3NNNNC3)CC3(CC)C(C2[N+](=O)[O-])CCCC3)NNNN1,,,,,
C8771,N1N(C2CC(OC#CC)CCC2)NNCC1NC(=N)N,,,,,
C8772,CC1CNN(c2c(O)cccc2)N1,,,,,
C8773,N1CCN(C2(C(=O)[N+](=O)[O-])CCCCC2O)CN1,,,,,
C8774,C1CCCCC1C(=O)O,,,,,
C8775,N1CNCN(N)C1,,,,,
C8776,CC1(c2nncnn2)CNNN1,,,,,
C8777,C(#C)C=CC,,,,,
C8778,N1(c2cnn[nH]2)C(C2CNCCC2)CCCC1,,,,,
C8779,N1NNN(C2(OO)NCNN2)C(C2CNNN2)C1,,,,,
C8780,C1C(C2CCCCC2(O[N+](=O)[O-])N=NO)NNN1,,,,,
C8781,C(#CC(=O)[N+](=O)[O-])N=O,,,,,
C8782,N1C(c2nnncc2)NCCC1,,,,,
C8783,N1N(C=NN=NO)NNC(O)C1,,,,,
C8784,N1CNNC(C=N)N1,,,,,
C8785,CC(=O)OC1NN(C2CCC3CCCCC3C2)CN(CC=C)C1,,,,,
C8786,C1CNCN1C1(c2nnccc2)CCCC2C1CCCC2,,,,,
C8787,C1(C2CNN(c3nnncc3)CC2)CCC(C=N)CC1O,,,,,
C8788,N1N([N+](=O)[O-])NC(C(=O)O)CC1,,,,,
C8789,C1C(CC#C)NCN1,,,,,
C8790,C1CCC2C(N)CCCC2C1,,,,,
C8791,C1CNCC(C2(C(=O)C)CNNN2)N1C1N(C)NNCC1,,,,,
C8792,CC=Cc1c[nH]nc1,,,,,
C8793,C(#CC(=O)C)N,,,,,
C8794,C1C(C=N)NCC(c2nccnn2)N1,,,,,
C8795,C(C#C)N1C(N2CCN(c3cnn[nH]3)N2)C(O)NC1,,,,,
C8796,C1CCC2CC(N=O)CCC2C1,,,,,
C8797,N1(c2c[nH]cn2)NNCCC1,,,,,
C8798,CC1CCCC(C)C1C#C,,,,,
C8799,COC1CNC(c2ccccc2C)N1,,,,,
C8800,C1(C2CNNCC2)CC(N=N)C2CCC(C(=O)O)(c3cnnnc3)CC2C1,,,,,
C8801,N1CNC(C(=O)O)NN1,,,,,
C8802,C=CC1(C(=O)O)CCC2CCCCC2C1,,,,,
C8803,C1(C2CC(Oc3cnncc3)CCC2)C(O[N+](=O)[O-])NNN1,,,,,
C8804,C1CNC(C2(c3nnncc3)N(CC#C)CNN2)N1,,,,,
C8805,C1NCNN1O,,,,,
C8806,C1C(C2NNNNC2)CC2C(c3ccn[nH]3)C(C3CNCN3)CCC2(C2CNNCC2)C1,,,,,
C8807,N1CNNCN1C1N(c2ccccc2O)NC(C2NN(C3CNNN3)CCC2)NC1,,,,,
C8808,N1CN(C2NC(C3NCCNN3)N(C3NCNCN3)N2)C(N=NO)CC1,,,,,
C8809,C(C#CC)C1CC(C2CNN(n3cccn3)CN2)C2CCCCC2C1,,,,,
C8810,C1CN(C2CN(n3cnnn3)CN2)CCN1,,,,,
C8811,N1C(Cc2ccccc2)NNC(CN)N1,,,,,
C8812,CC(=CC1NCCNN1C1CCNN1)NNc1cnnnc1,,,,,
C8813,C(CC)c1nccnc1,,,,,
C8814,N1N(c2nnn[nH]2)CCCC1,,,,,
C8815,C(C#CO)NC(=N)NC1CCC([N+](=O)[O-])C(C)C1,,,,,
C8816,C1([N+](=O)[O-])CN(c2nnnnc2)CN1,,,,,
C8817,C1(C2NCCNC2)CNN(c2nccnn2)N1,,,,,
C8818,N1CNCNN1C1CCCCC1(C)c1c(O)cccc1,,,,,
C8819,N1(C)CNCNC1,,,,,
C8820,CNC(=NC(=O)O)N,,,,,
C8821,N1N(C2CNN(C3CNC(C(=O)O)C(C(=O)N)C3)N2)NNCC1,,,,,
C8822,C1CCC(NC(=N)N)CC1O,,,,,
C8823,C1CNCC(N=NO)N1C1CNN(N=O)CC1,,,,,
C8824,N1CC(C=O)NCN1C1CNNCN1,,,,,
C8825,N1(C2CN(N=O)CCC2C2NNCCC2)CNCN(C2NNCNC2)C1,,,,,
C8826,Cc1ccc2ccccc2c1,,,,,
C8827,C1CCC2CCCCC2(O)C1,,,,,
C8828,C=CO,,,,,
C8829,C1N(C(=O)O)C(C2NNNCC2)NN1c1ccc(C)cc1,,,,,
C8830,C1NNN(C2CNN(C)C2)N1,,,,,
C8831,C(C(C)C=C(C)O[N+](=O)[O-])C1NCN(C2NCNCN2)N1,,,,,
C8832,C1CCCCC1OCC#C,,,,,
C8833,C1(C(=O)O)CCCCC1N,,,,,
C8834,N1CC(C2(c3c[nH]cn3)NNNCC2)NCN1,,,,,
C8835,N1NCC(C2CNCCC2C)CC1,,,,,
C8836,CCC1CC(CC=C)(N[N+](=O)[O-])CCC1C,,,,,
C8837,CC1NNN(C#CC)C(C(=O)O)N1c1ncn[nH]1,,,,,
C8838,N1CNCCC1C#N,,,,,
C8839,C1CCCC(c2c[nH]cn2)C1O,,,,,
C8840,C1(C2CC(Oc3c(O)cccc3)CCC2)CC(N[N+](=O)[O-])CCC1O,,,,,
C8841,C(C(N)n1ccnn1)(C=N)O,,,,,
C8842,C1CCCCC1(O)C=N,,,,,
C8843,C(N=[N+]=[N-])CC=C,,,,,
C8844,N1C(N)CNCN1C1CCC(O)CC1N,,,,,
C8845,C1C(C#N)CCCC1,,,,,
C8846,N1CCN(c2cccc(C)c2)C(NN)N1C1NCCNC1,,,,,
C8847,C1C(c2ncccc2)NNC1,,,,,
C8848,C1NNNN1C1NCCN(C2CNNN(c3cc[nH]n3)C2)C1,,,,,
C8849,N1CNN(CC2CCCCC2)C(c2nnnnc2)N1,,,,,
C8850,CC(=C)C1(c2nncnn2)NCNN1,,,,,
C8851,C1N(N)NN(C2NN(c3ccncc3)NCN2)N1,,,,,
C8852,CC1CCCC(C=CC)C1,,,,,
C8853,C1(C=N)CN(O[N+](=O)[O-])N(OC)N1,,,,,
C8854,N1(C2NNN(NC(=N)N)CN2)NN(C2CCCCC2)N(CC2CCCCC2)CC1,,,,,
C8855,N1CN(C(=O)O)C(C2C(c3cccc4c3cccc4)NNCN2)CC1,,,,,
C8856,C1(C=C)CCC2CC(n3ccnc3)CCC2C1,,,,,
C8857,C1(C2CCC(C)CC2)(C=N)CNCN1,,,,,
C8858,CC1(C(=O)O)C(N2CNN(C3CNCN3)N2n2ccnc2)CCCC1,,,,,
C8859,N1CN(OO)CC(O)C1CC1CCCCC1,,,,,
C8860,N1NN(C#C)NC(C#C)C1,,,,,
C8861,C1NCN(c2cc[nH]n2)N1C1(CCC)CN(C2NCCNC2)NN1,,,,,
C8862,CC(CC1(C=C)CNNN(C2CC(O)CCC2)C1)n1cnnn1,,,,,
C8863,C1C(C2CCC(O)CC2)CCC(C2CCN(O)C(C(=O)C)C2)C1,,,,,
C8864,C1(N=O)NCNN1,,,,,
C8865,C1C(NC(=N)N)N(C2(N3CNCN3)CCC(C=CC)CC2O)CN1,,,,,
C8866,N1CC(C=O)NCN1C(=C)N1CN(c2nnncn2)NN1,,,,,
C8867,N1CN(c2ccc(O)cc2)C(C=N)NN1,,,,,
C8868,N1CNCN(c2nnnnc2)N1,,,,,
C8869,N1(N=N)CNCNC1,,,,,
C8870,C1CCC2CCCCC2(C2CCC3C(C2)CCCC3c2ncn[nH]2)C1,,,,,
C8871,C(C=C)C#Cc1cccc2c1cccc2,,,,,
C8872,CC#CC1(C(=O)O)CCCCC1O,,,,,
C8873,N1CN(NC(=N)N)CNN1C1NCNCN1,,,,,
C8874,C(C)C1(N2C(n3cncn3)NCN2)NCCN(C2NCCCC2)N1,,,,,
C8875,N1(OC2CCC3C(C2)CCCC3)CCN(C)CN1,,,,,
C8876,C(C)(C1NC(N[N+](=O)[O-])CN1)OC(=O)N,,,,,
C8877,C1CCCCC1C1CC(O)CC(O)C1,,,,,
C8878,C1(c2cnccc2)C(C2CCC(O)CC2)CCCC1C=C,,,,,
C8879,N1C(CCCC2NNNCC2)C(c2ccn[nH]2)CCC1,,,,,
C8880,C(C)C1CCC2CCC(C3NN(N)NNC3)CC2C1N,,,,,
C8881,C1C(C(=O)C=C)(C2CCNN2)NC([N+](=O)[O-])CN1,,,,,
C8882,CC#CC(=O)OOC#CNN,,,,,
C8883,N1(C)CN(NC#CC)NCN1N=N,,,,,
C8884,C1CC(C(=O)C([N+](=O)[O-])c2ccccc2O)C(C(=O)[N+](=O)[O-])CC1O,,,,,
C8885,C1CNC([N+](=O)[O-])CN1,,,,,
C8886,N1CNN(N=O)CN1,,,,,
C8887,N1C(C2CCC3CC(c4cccc5c4cccc5)CCC3C2)CN(CC#C)CN1C1CNNN1,,,,,
C8888,C1NC([N+](=O)[O-])N(c2c[nH]nn2)N1,,,,,
C8889,N1CNC(C2(c3cnccc3)CNNN2)(C=N)NC1,,,,,
C8890,CC1CCC(c2ccn[nH]2)CC1,,,,,
C8891,C1(n2cncn2)CCC(C2NNCNN2)CC1(O)C1CCC2C(C1)CCC(C=N)C2,,,,,
C8892,C(C)(C#CC)c1ccncc1,,,,,
C8893,N1C(N2CNCN2)NC(C2NCC(N3CNCN3)CC2)NC1c1cnnnc1,,,,,
C8894,C(C#CC1NCCN1)(C(=O)O)C1(c2ccc3ccccc3c2)NCCN1,,,,,
C8895,C1C(C2CCC(C)CC2)N(N=N)CC(C2CCNCC2)N1,,,,,
C8896,N1CN(O)CNC1,,,,,
C8897,CCC1CN(c2nnccc2)NCC1,,,,,
C8898,N1(C2CC(O)CCC2)CN(C2CCNN2)NCN1OO,,,,,
C8899,C1CNC(c2c[nH]cn2)CN1,,,,,
C8900,N1(C2C(N=N)C(O)CCC2C2NCNN2)NNCC(CC#C)C1,,,,,
C8901,N1N(C2CCC3C(C2)CCCC3)CC(C2CCNN2)C(C2NNN(N=NO)CN2)C1,,,,,
C8902,C(C1CCCCC1c1cc[nH]n1)C1NCCN1,,,,,
C8903,N1N(C(=O)O)N(C=CC)NCC1,,,,,
C8904,C(#C)c1cnc[nH]1,,,,,
C8905,C1C(C2NCCN2)NCN1c1cnc[nH]1,,,,,
C8906,C1CNNC1c1nc[nH]n1,,,,,
C8907,C1(C2CNNCN2)CN(O)NN1C1C(O)CCCC1,,,,,
C8908,C1C(C(=O)Oc2ncccc2)NNC1,,,,,
C8909,N1NNNCC1NN,,,,,
C8910,N1(C#C)CCNCN1,,,,,
C8911,C(C(C[N+](=O)[O-])N=[N+]=[N-])C1NC(c2nnncc2)CNC1,,,,,
C8912,C(CC)CC1(C)CCCCC1C#CC,,,,,
C8913,CC=Cc1ccc2ccccc2c1,,,,,
C8914,C(C(=C)N=[N+]=[N-])N=[N+]=[N-],,,,,
C8915,C(#CN(N)c1nncnn1)OC(=O)N,,,,,
C8916,N1(c2ncncn2)CNCCC1N1CCNN1,,,,,
C8917,N1(C2CNNCC2)C(N=[N+]=[N-])NCCC1N[N+](=O)[O-],,,,,
C8918,N1CNC(c2c[nH]cn2)NN1C(=O)C,,,,,
C8919,C1CCC2CC(N3CNCN3)CCC2(C(=O)[N+](=O)[O-])C1c1cnncn1,,,,,
C8920,C1CNCN1N1C(C2C(C)NNN2)NCN1C=C,,,,,
C8921,N1(C2CC(N3CCCN3)CCC2)C(C=CC)CC(CCC)CC1,,,,,
C8922,C(CC)C(=O)N,,,,,
C8923,C1CCCC(C(C#C)C2CCCC3C2(c2c[nH]nn2)CCC(C2CCNCC2)C3)C1,,,,,
C8924,C1(OC(=O)N)CCCCC1ON,,,,,
C8925,N1NNCC(N2CCNN2)(Cc2ccccc2)C1C1CC(C2NNNNC2)C(C)CC1,,,,,
C8926,N1CN(C2(n3ccnn3)CCNCC2C(=O)C)CNC1,,,,,
C8927,N1(C2CC(C3CCCCC3C)NCC2)CCCC(c2c(O)cccc2)C1,,,,,
C8928,C1(n2cnnn2)CNCN1,,,,,
C8929,C1CCC(c2ncncn2)CC1,,,,,
C8930,N1NNN(C2(C(=O)c3c[nH]nn3)CCNN2)CC1,,,,,
C8931,C(N=O)(C(=O)C)n1cncn1,,,,,
C8932,CC1CC(O)C(C)C(CCC)C1N1CNCN1,,,,,
C8933,CO,,,,,
C8934,C(C=CN1CCC(C2CCCCC2c2ncncn2)N1)C=CC,,,,,
C8935,N1(C=NC2CNCN2)CCCC(C(=O)C)C1,,,,,
C8936,N1(N([N+](=O)[O-])N)CN(n2cncn2)CCC1,,,,,
C8937,C1CN(C=N)C(c2c[nH]nc2)N1,,,,,
C8938,C1NC(C2C(O)C(c3nnncc3)CCC2)NN1,,,,,
C8939,C1NCN(N=O)N1Cc1ccccc1,,,,,
C8940,C(C1CCCCC1)c1cnn[nH]1,,,,,
C8941,C1NNN(C(=O)N)N1n1cccn1,,,,,
C8942,C1C(C#N)NN(N=O)C1C#CC,,,,,
C8943,C1CCC2CCCC(c3ccccc3C)C2C1,,,,,
C8944,C1CNCCN1C(=CCN=N)C1CCCCC1C,,,,,
C8945,C1(c2cccc(C)c2)CNCCN1,,,,,
C8946,C1(CC=C)CNC(C#N)(n2cnnn2)N1C1CNCCC1,,,,,
C8947,C(CC)C1C(OO)CC(OC(=O)N)C(C)C1,,,,,
C8948,C1C(C2NNNN(c3cnnnc3)C2)NNN1,,,,,
C8949,C1(C2CNCN2)C(C2CN(n3cccn3)CN2)CC(N)CC1,,,,,
C8950,C1(O[N+](=O)[O-])CC(CCC)C2CCC(c3cccc(C)c3)CC2C1,,,,,
C8951,CC(=C)C(=O)N(C(=N)N)CC=C,,,,,
C8952,N1(c2ccc3c(c2)cccc3)NNCCC1,,,,,
C8953,C1CCC2(OO)C(c3nncnn3)CCCC2(N)C1,,,,,
C8954,N1C(c2ncncn2)NNCN1,,,,,
C8955,N1C(C2NCNN2)NC(C(C#C)O[N+](=O)[O-])NC1,,,,,
C8956,N1NC(C(=O)C)CC(C2CNNCC2C(=O)O)C1,,,,,
C8957,C1C(C(=O)N)NCCN1C#CC,,,,,
C8958,C1CCC2CCC(C3C(C4(C5C(O)CCCC5)CCC5C(c6cnncn6)CCCC5C4)CNN3)CC2C1,,,,,
C8959,C(C#C)c1c[nH]cn1,,,,,
C8960,N1(C2NCNN2)CNCNC1C1N(C2N(C3CCCCC3)NNN2)NCNC1,,,,,
C8961,N1C(C2NNC(N3CNCN3)CC2)C(C)N(N=[N+]=[N-])CN1,,,,,
C8962,C1(C2CCCC(NC(=N)N)C2O)NCNN1C1C(C2CCC3CCCCC3C2)CCCC1,,,,,
C8963,Cc1cccc2c1cccc2,,,,,
C8964,CC#COC(=O)N(CC)c1c[nH]nc1,,,,,
C8965,CC#Cc1cnc[nH]1,,,,,
C8966,C1NNN(C=CCC(C)C#CC)N1,,,,,
C8967,C1C(C2CNNN2)(c2cnncn2)NC(N)(C2C(O)CCCC2)CN1,,,,,
C8968,C1C(C2NN(N)NN2)C(C#CC)CCC1,,,,,
C8969,C(CC)(N=O)c1ncncn1,,,,,
C8970,C1(c2cc(O)ccc2)CNCCN1,,,,,
C8971,C(C=C)c1ccc(O)cc1,,,,,
C8972,N1(CC#CNC(=N)N)CCNCN1,,,,,
C8973,C1CC(C2CCNN2)CC(c2cccc3c2cccc3)C1,,,,,
C8974,N1C(C=C)NC(C2NCNCN2)NN1,,,,,
C8975,N1C(c2nnnnc2)CCCC1,,,,,
C8976,N1NNNC(c2cnncn2)C1,,,,,
C8977,C(#CNC1NCNN1)NN,,,,,
C8978,C1CCC(C(=C)C2CCCC3C2CCCC3C#C)C(C)C1,,,,,
C8979,C1N(c2nncnn2)CN(C2NNN(C3CNNCC3)N2)N1O,,,,,
C8980,N1NN(N=[N+]=[N-])CCC1C1CNCCC1,,,,,
C8981,N1CN(C2CNNCN2[N+](=O)[O-])CC(C2(n3ccnc3)NCCN2)C1,,,,,
C8982,C1CCC(C(=N)C(=O)O)CC1C=N,,,,,
C8983,C1(C2CCC(O)CC2)CNNN1c1ccccc1C,,,,,
C8984,C1CCCC(c2ncc[nH]2)C1,,,,,
C8985,CC1C(N)CCC(C2CNN(C3CNCCC3)CC2)C1,,,,,
C8986,C1(C2CNN(c3c[nH]nn3)N2)CCC(C#CC)C(C2CNNN2)C1,,,,,
C8987,N1CCC(N)(c2cnncc2)CC1C=O,,,,,
C8988,C(C)C1CN(c2c[nH]cn2)C(C(=O)O)N1,,,,,
C8989,N1NNC(C2(O[N+](=O)[O-])C(CC)CNN2C2CCCCC2O)CC1,,,,,
C8990,C1(c2ccncc2)CNN(N)N1N1C(C=C)CNN1,,,,,
C8991,N1CNN(N=N)CN1,,,,,
C8992,CC#CC=NN1C(c2nncnc2)NCN1,,,,,
C8993,CC(=C)C1CCCCC1,,,,,
C8994,C(C=C)OC(=O)N,,,,,
C8995,CN=[N+]=[N-],,,,,
C8996,CC1N(C2C(c3c(O)cccc3)CCCC2C)C(C2NNCNC2)NN1,,,,,
C8997,C1CCC2CCCC(C3CNNN3)C2C1C1CNNNC1N=NO,,,,,
C8998,C1C(C2CNNCC2)(c2nccnn2)NNC1,,,,,
C8999,N1CNC(C2NN(NC(=N)N)NCN2)N(N=O)N1N=O,,,,,
C9000,C1CCCCC1OCC,,,,,
C9001,C1(C)NNN(C2CCCC3C2CCCC3C2CNNNC2)N1C(=O)C,,,,,
C9002,C1(C2NNCCC2)C(CC)C(c2nccnn2)C2CC(C=C)CCC2C1,,,,,
C9003,C(C=C)(O[N+](=O)[O-])C1N(C2CNN(c3ccc4c(c3)cccc4)NC2)NNN1,,,,,
C9004,N1N(c2cnncn2)CCCC1,,,,,
C9005,C1(N)(N=O)CC(N=N)C2CC(C3C(O)CCCC3)CCC2C1,,,,,
C9006,CC(=C)c1nnncn1,,,,,
C9007,CC1CCC(C2NCNN2)C(CC)(c2nc[nH]n2)C1,,,,,
C9008,C1(C#CC)(C)NCN(C(=O)O)N1,,,,,
C9009,C1C(CCC)CCC(C#C)C1(O)C1CNCN1,,,,,
C9010,C1C(CC)(n2ccnc2)NN(C2CC(O)CCC2)C1,,,,,
C9011,C1(C2C(C#N)NCN2)N(Cc2ccccc2)N(N=[N+]=[N-])NN1,,,,,
C9012,C(C#C)NN,,,,,
C9013,N1(c2ncncn2)CNCNN1,,,,,
C9014,N1NNCCC1c1cnncc1,,,,,
C9015,C1C(O)CC(C2CNNC(C3NNCCC3)C2)C(N=O)C1,,,,,
C9016,C1NCN(c2ccccc2O)N1,,,,,
C9017,C1CNCN1C,,,,,
C9018,C1CNN(C#N)N1,,,,,
C9019,N1NN(O[N+](=O)[O-])CC(OOc2nncnn2)C1,,,,,
C9020,C1(C(=O)O)C(C2N(C)NNCC2)NNN1O,,,,,
C9021,C1C(c2ccc(O)cc2)CCC(C2NNNCN2)C1O,,,,,
C9022,C(C)C1N(OO)CN(C2CCCC(OC(=O)N)C2)CN1,,,,,
C9023,C(C=C)(C1CNNN1O)C1N(c2cnnnc2)CNN1,,,,,
C9024,C#CC1C(c2cnncc2)NNC1,,,,,
C9025,C1CNN(C=C)C1,,,,,
C9026,C(=C(C#CC)N=O)(N=N)c1ncncn1,,,,,
C9027,C1(C2CN(C3CCNCC3)N(CC3CCCCC3)N2)NCNN1N,,,,,
C9028,N1(C2(n3ccnc3)NC(C(=O)O)CN2)CCNCN1,,,,,
C9029,N1NC(C(=O)O)(OO)CCC1,,,,,
C9030,N1(OC(=O)NN=NO)CCNCN1,,,,,
C9031,C1C(C(=O)N)CC(C=CC)CC1,,,,,
C9032,C(=C)(N)c1nnncn1,,,,,
C9033,C(C=C)C1C(C)(C2NCCCC2)C(c2nnnnc2)CCC1O,,,,,
C9034,CC1CCC(C2NNNCN2)(C2CCC3CCC(c4ccc5ccccc5c4)CC3C2)CC1,,,,,
C9035,CN=NC1(C2CCC(ON)CC2)CCC(C)CC1,,,,,
C9036,C(C=C)C1C(O)CCCC1n1ccnn1,,,,,
C9037,N1(C(=O)Cc2cccc3c2cccc3)NCC(NN)CC1,,,,,
C9038,C(=C)C1CC(C(=CC)C=O)C2(c3nnn[nH]3)CCCCC2C1,,,,,
C9039,C1N(C2CCC(N=NO)C(C)C2CC=C)CN(N2CCCN2)N1,,,,,
C9040,C(C(=C)C(C=C)N1CNNN1)N1CNNN1c1nnncc1,,,,,
C9041,N1C(OO)CNC(c2ncn[nH]2)N1,,,,,
C9042,N1CNC(C(=O)C)C(O)C1,,,,,
C9043,CC#CC1CNN(C2NNCN(n3ccnn3)N2)N1,,,,,
C9044,C(#C)C1CNNCN1C1CCCCC1,,,,,
C9045,CC(=C)c1nnccc1,,,,,
C9046,C1CC(C2N(N)CCNC2c2ncccc2)CCC1,,,,,
C9047,N1N(c2ccccc2C)CCCC1OO,,,,,
C9048,C1(C2CN(C3CCC(CC(=O)O)(c4cccc5c4cccc5)CC3)NCC2)NCNN1,,,,,
C9049,C1(C(=O)N)CNCN1,,,,,
C9050,N1(C2([N+](=O)[O-])CNCN2)CCN(N=NO)CN1,,,,,
C9051,C1(C(=O)O)CC(C2CCC(O)CC2(O)c2c[nH]cn2)CCC1O,,,,,
C9052,C1CCCCC1C1CCCCC1,,,,,
C9053,C1NNNN1C1C(O)CCCC1O[N+](=O)[O-],,,,,
C9054,N1C(N=[N+]=[N-])NCNN1,,,,,
C9055,C1(CC#CC2CN(c3nccnn3)CN2)CCCCC1OC(=O)N,,,,,
C9056,C(#CN)C1CCC(O)CC1c1nc[nH]n1,,,,,
C9057,CC1CNN(c2ccc(C)cc2)N1,,,,,
C9058,N1(C2NCCN2)CNC(CCC)NC1C1CCC(OO[N+](=O)[O-])CC1,,,,,
C9059,N1(CC(=C)n2cnnn2)CNC(O[N+](=O)[O-])CC1,,,,,
C9060,C1CNNC1C1CNNC(C2C(O)CCCC2n2cncn2)N1,,,,,
C9061,CC1CCC2C(C1)CC(C1N(C(=O)C)C(O)CNC1)CC2,,,,,
C9062,C(C(C)O)NC(=N)N(CC#C)N1CCNC1,,,,,
C9063,N1CNCC(c2nnncn2)C1C(=C)N=NO,,,,,
C9064,N1C(C=CCc2nnncc2)CNCN1,,,,,
C9065,C1CCC(C=O)CC1OCC=C(N1CCNC1)C,,,,,
C9066,C=C(C(=O)[N+](=O)[O-])C1CCCCC1,,,,,
C9067,C1CN(NN)CN1CC1(c2ccc(O)cc2)C(C2CCNCC2)CCCC1,,,,,
C9068,N1N(C2(n3cncn3)CCCC(C)C2)NCCC1,,,,,
C9069,N1CC(N=[N+]=[N-])NC(C2CCCC(C[N+](=O)[O-])C2)N1,,,,,
C9070,N1NNNC(OO)C1,,,,,
C9071,N1CN(c2ccccc2C)C(C2CCNCC2)CC1,,,,,
C9072,CC(CN=NO)(C1CC(O)CCC1)c1cccc(C)c1,,,,,
C9073,N1(C2CC(O)CCC2)CNC(CCC)NN1C1NCCCC1,,,,,
C9074,N1(C2CC(C3(C4CCNN4)NCNCN3)CCC2O)CN(c2nccnn2)CNN1,,,,,
C9075,N1(C(=O)O)C(C=O)NNCN1,,,,,
C9076,C1(C2CNNN2)CC(N=[N+]=[N-])(C(=O)O)CCC1(O)C1CNNN1,,,,,
C9077,N1C(C2NNCNN2)NCCC1Oc1cnncc1,,,,,
C9078,C(C=C)C1NN(c2nccnn2)CNC1,,,,,
C9079,C(C)(OC(=O)NC1CCC2CCCCC2C1C(=O)O)C1CCC2C(C1)CCCC2,,,,,
C9080,C(C(=O)O)C(=C(C)CC#C)N,,,,,
C9081,CC(CC=N)N[N+](=O)[O-],,,,,
C9082,N1NCCCC1N=N,,,,,
C9083,C1C(CC(=C)c2cnncc2)NCN1N=O,,,,,
C9084,N1CCCCC1C(=O)O,,,,,
C9085,C1NN(C2(NC(=N)N)NCNN2)N(C2CCC(C)CC2)N1C(=O)C,,,,,
C9086,N1CN(C2CNCN2)CN(C2CCC(O)C(O)(c3nnncc3)C2)C1,,,,,
C9087,C(C=C(C)C1(NN)CCC(O)CC1)C1CNNNC1,,,,,
C9088,N1CC(C2(OO)NCCN2)NC(CC#C)N1NC(=N)N,,,,,
C9089,CC1(C(=O)C)CCC(N=[N+]=[N-])CC1C1NNNCN1,,,,,
C9090,C1C(N=NO)CCCC1,,,,,
C9091,N1C(C2CNCN2)(O)CCC(C#N)C1,,,,,
C9092,N1CCC(C2CC(OC3(OC(=O)N)CCCCC3)CCC2)(CC=C)CC1,,,,,
C9093,C#CN1C(C2CNNC2)C(C2NC(c3cccc(C)c3)CN2)NN1,,,,,
C9094,C1(C2(Cc3ccccc3)CCCCC2C)CCCCC1O,,,,,
C9095,C1(C(=O)C)CNCN1C(=O)C,,,,,
C9096,N1C(NC2CCC3C(C2)C(c2nnnnc2)CCC3)(CC#C)NCNC1,,,,,
C9097,N1N(C2CCCCC2)NC(C2CNNC2)CC1,,,,,
C9098,N1(C2NNCCC2)CC(C2NCCNC2)(c2ccccc2O)CCC1,,,,,
C9099,C1(CC)CC(c2cccc(C)c2)CC(C2NNCNN2)C1,,,,,
C9100,C1(OO)(c2cc[nH]n2)NCNN1,,,,,
C9101,N1CN(C2NCN(N3CNNN3)N2)C(N[N+](=O)[O-])(CCC)NN1,,,,,
C9102,C=CC1CN(c2cnccc2)NNC1,,,,,
C9103,N1CN(C=N)CNC1,,,,,
C9104,C#CN1CC(C(=O)OCCC)NC1,,,,,
C9105,N1NCCC(CC(C)c2nncnn2)C1,,,,,
C9106,C1(C2NCN(C(=O)[N+](=O)[O-])N2)CN(c2nnncc2)NC1,,,,,
C9107,N1C(c2ccc3ccccc3c2)N(N2CNCN2)NCN1,,,,,
C9108,C1(O[N+](=O)[O-])CNNN1C1CNNNC1C=N,,,,,
C9109,CC=CN1C(N2CC(N=[N+]=[N-])NN2)CNC1,,,,,
C9110,C1(c2cnncc2)C(C2NNC(OO)NN2)CCC(C2CCC3CCCCC3C2)C1,,,,,
C9111,C1(c2nnncn2)NCNN1N=NO,,,,,
C9112,C1N(O[N+](=O)[O-])NN(c2nnncc2)N1,,,,,
C9113,N1N(C(=O)O)C(C(=O)[N+](=O)[O-])C(C2NC(c3nccnn3)NN2)CC1,,,,,
C9114,CC1CCCC(c2cnn[nH]2)C1,,,,,
C9115,N1(C2(C)CCNC(C3CC(C#CC)CC4C3CCCC4)C2)NNCCC1,,,,,
C9116,N1(c2ccccc2C)CCNCN1,,,,,
C9117,CC(N=O)C1(C(=O)O)CNCCC1,,,,,
C9118,C(CC)C#N,,,,,
C9119,CC=CC1(c2ccccc2O)CNN(C=C)N1,,,,,
C9120,C1(c2cnncc2)CNCN1,,,,,
C9121,N1C(C2CCCC3C2C(c2cccc(C)c2)CCC3)NCNN1,,,,,
C9122,CC(=C)C#CCc1cc[nH]n1,,,,,
C9123,CN[N+](=O)[O-],,,,,
C9124,C(C#C)O[N+](=O)[O-],,,,,
C9125,C1CN(C2NNCCC2c2c(O)cccc2)CCN1,,,,,
C9126,C(C(=C)C1NCCNC1N1CNNN1)C#Cn1cncn1,,,,,
C9127,C1NNNN1O[N+](=O)[O-],,,,,
C9128,N1N(C2CCCCC2(O)N[N+](=O)[O-])C(C=O)CC(C#C)C1,,,,,
C9129,C1CC(N2CC(C3CC(OC4CNCN4)([N+](=O)[O-])CCC3)NC2)CCC1,,,,,
C9130,C1CCC2CC(C3CNC(CCC)N3)CCC2C1,,,,,
C9131,C(C(C)c1ncn[nH]1)C1C(O[N+](=O)[O-])NCN1,,,,,
C9132,C(#C)N(N)N1CC(NC(=N)N)NC1,,,,,
C9133,C=C(C(C)C1CNC(C)N1)N=[N+]=[N-],,,,,
C9134,C1C(O[N+](=O)[O-])NCN1NN,,,,,
C9135,C1NNNN1c1cnnnc1,,,,,
C9136,C1CNC(c2ccc3c(c2)cccc3)N1N[N+](=O)[O-],,,,,
C9137,C(#CC)c1cc[nH]n1,,,,,
C9138,CC#CC,,,,,
C9139,C1C(c2ncn[nH]2)NCN1C1CNNCC1,,,,,
C9140,C1CC(OC(=O)N)(n2cnnn2)CCC1C1CNN(O[N+](=O)[O-])CC1,,,,,
C9141,C#CC(=O)O,,,,,
C9142,N1CNC(c2nccnn2)CC1,,,,,
C9143,N1(C#CC)NNCCC1,,,,,
C9144,C1CNNC1C1(C2CNNN2)CCCCC1NC(=N)N,,,,,
C9145,N1CCC(C2C(c3nc[nH]n3)NCN2)CC1,,,,,
C9146,C1CCC(C2NCCNN2c2nccnc2)CC1,,,,,
C9147,N1CNC(C2CN(c3nnccc3)CN2C#CC)NC1,,,,,
C9148,N1NCCC(C2(N=O)NCC(C3NCNN3)CC2O)C1,,,,,
C9149,N1(C2CCC(O)CC2C2NNCN(c3nnncc3)N2)CN(C#CC)CCC1,,,,,
C9150,C(C(=C)C1CCNN1)C1NCCC(C2CNN([N+](=O)[O-])N2)C1,,,,,
C9151,CC1C(N=O)(n2cnnn2)CCCC1O,,,,,
C9152,C(C(=C)C(C)CCC)C(=O)CN=[N+]=[N-],,,,,
C9153,C(#CC(=O)NCCC)O[N+](=O)[O-],,,,,
C9154,C1CCC2CC(C3NNCNC3)CCC2(C2CCCCC2Cc2cc[nH]n2)C1,,,,,
C9155,N1CNC(C2CCCCC2)N(n2ccnn2)N1C1CNNNC1,,,,,
C9156,C1CN(C2NCNCN2)C(C)N1C1NNCNC1,,,,,
C9157,N1NC(C2CC(N3CCNN3c3ccc(O)cc3)NCC2)CCC1,,,,,
C9158,N1CC(C2CC(C=O)NCC2)C(C2CCCC(C)C2)C(NC(=N)N)C1,,,,,
C9159,C(C(N)N1CCN(c2cnccc2)C1)N=O,,,,,
C9160,C(C=C)N=NC1(C2C(C=O)NNC2)CCC2C(C1)CCCC2,,,,,
C9161,C1C(C2(O[N+](=O)[O-])NCCCC2)(C2CNNNC2)NNN1,,,,,
C9162,C(C1NNCN(N2CCNN2)C1)c1ncccc1,,,,,
C9163,C1C(CC2CCCCC2)NCC(C2C(C3NC(c4cc(O)ccc4)CN3)CC(C)CC2)N1,,,,,
C9164,CC(C#C)c1nnccc1,,,,,
C9165,C1N(c2cnncn2)CNN1,,,,,
C9166,CC(=COC1(c2ncccc2)CCCCC1C)C#CC,,,,,
C9167,N1CN(C2CNNC2)CCC1C=O,,,,,
C9168,C1NCNN1N=N,,,,,
C9169,N1NNCCC1c1cc(O)ccc1,,,,,
C9170,C1(N)CCCC(N=N)C1,,,,,
C9171,N1(CC2CC(c3ccn[nH]3)CCC2)NNNCC1,,,,,
C9172,N1(C(=O)OC2CCCCC2C)C(OO)CN(N)CN1,,,,,
C9173,C(=CC1C(ON)CCCC1)C1CCC(O)CC1,,,,,
C9174,CCCC=CC,,,,,
C9175,C(C)(C1(C2CC(c3ncccc3)CCC2C)NNCNN1)N=NO,,,,,
C9176,C1CNC(C2(C)CNNN2)N1,,,,,
C9177,N1N(C2CC(c3nnncn3)CC3C2CCCC3)CCCC1,,,,,
C9178,N1CN(C(=O)C2(C3CCC(C)C(O)C3)CNCN2)CNN1,,,,,
C9179,N1NNNC(NC(=N)N)C1,,,,,
C9180,CC(=Cc1nnncn1)C1NCCCC1,,,,,
C9181,C1C(c2cccc3c2cccc3)NNN1,,,,,
C9182,C1C(c2ccccc2C)CC2CCCCC2C1,,,,,
C9183,C1(C#C)CNCCN1,,,,,
C9184,CN1CCN(C2NNCCC2N)C1c1cnncn1,,,,,
C9185,N1NCCC(C2C(N=O)NCCC2)C1(N1CNNN1)c1ccc2c(c1)cccc2,,,,,
C9186,N1NCC(c2ccc3ccccc3c2)CC1,,,,,
C9187,C(C=C)C#N,,,,,
C9188,N1CNCNC1c1nnn[nH]1,,,,,
C9189,N1C(c2ncncn2)NC(C2CNNN2)NC1,,,,,
C9190,C1(C2N(C3NNCCC3)NNN2)C(n2cncn2)NCCN1,,,,,
C9191,C1CC(C2NN(O[N+](=O)[O-])CCC2)CC(C2NCNN2C2CCCCC2)C1,,,,,
C9192,N1CN(C#C)CNN1,,,,,
C9193,N1(N2C(c3cnn[nH]3)CNN2)CN([N+](=O)[O-])CNN1,,,,,
C9194,N1(OOC=O)CNCC(c2cccc(C)c2)C1,,,,,
C9195,C1CCC2CCC(n3ccnc3)CC2C1C1CNNNC1,,,,,
C9196,C(#C)C(=O)O,,,,,
C9197,N1N(c2nncnc2)NCCC1,,,,,
C9198,N1NN(N)NCC1(N=O)Cc1ccc(C)cc1,,,,,
C9199,C1NCNN1N,,,,,
C9200,C1CNCCN1C1CCC2C(C1)CCCC2n1cncn1,,,,,
C9201,N1(C(=O)O)N(C(=O)O)NCCC1,,,,,
C9202,N1CCNC(C2NCC(C3CNNCN3)(CCC)N2C2CNCN2)N1,,,,,
C9203,N1N(C#N)NNC(C2(c3ncncn3)NNN(NC(=N)N)N2)C1,,,,,
C9204,N1CN(c2ccccc2O)CNN1N1CNNN1,,,,,
C9205,N1NNNCC1(C1NNCNN1)c1nnn[nH]1,,,,,
C9206,N1(N2CNCN2)NN(c2cc(O)ccc2)CCC1C#N,,,,,
C9207,C1(c2ccc(C)cc2)CNCN1,,,,,
C9208,N1(C2C(Cc3ccccc3)CC(N=O)C3C2CCCC3)N(C2CNNN2)NNCC1,,,,,
C9209,N1NC(c2nnncn2)CCC1C1CCC(C)CC1,,,,,
C9210,N1(c2nccnc2)CN(C(=O)O)CNC1,,,,,
C9211,N1(CC(=C)C=CC)CC(O)NCN1,,,,,
C9212,N1CCN(C2C(N=[N+]=[N-])NNCN2CCC)CN1,,,,,
C9213,C(#CC1CNNCC1)C#C,,,,,
C9214,C1NC(C2CNCN2C2CNCN2)NN1C1CNN(N[N+](=O)[O-])N1,,,,,
C9215,C1CCC2CCC(C3CCC(C)CC3CC=C)CC2C1,,,,,
C9216,C1C(c2nccnc2)CCC(C2CCCCC2C)C1C1NCCNN1,,,,,
C9217,C1(C2CCC3C(C2C(=O)O)CCCC3)N(c2ccn[nH]2)CNN1,,,,,
C9218,C1(n2cccn2)CCC(C2CNNC2)CC1C(=O)C,,,,,
C9219,C1NCN(N2CNC(C)N2)N1C1CCC2C(C1)CCCC2,,,,,
C9220,N1NNCCC1c1cnccc1,,,,,
C9221,C1(C(=O)[N+](=O)[O-])CNN(C2CCCCC2O)C1C=O,,,,,
C9222,N1NCCC(c2cnc[nH]2)C1C1CNCN1,,,,,
C9223,C1NN(C(CC)c2cnncc2)NN1N1CNNN1[N+](=O)[O-],,,,,
C9224,C1C([N+](=O)[O-])CCCC1O,,,,,
C9225,N1(C2NCCNN2)CCCCC1c1cc[nH]n1,,,,,
C9226,C1C(N(C(=N)N)C2NNNN2)(O)CCCC1,,,,,
C9227,C(CC)C1CN(c2ccccc2C)NC1CC#C,,,,,
C9228,C1N(N=[N+]=[N-])N(N2CCCN2c2cnc[nH]2)NN1,,,,,
C9229,C1CNNC1C1(c2cnncn2)NCNCN1,,,,,
C9230,N1(CCN=Nc2nnn[nH]2)CNCN(N)C1,,,,,
C9231,N1CN(C2CNNCN2)CN(NC(=NCC#C)N)N1,,,,,
C9232,C1N(C2NCCN2C)NNN1,,,,,
C9233,N1CN(c2nncnc2)CNC1,,,,,
C9234,C1(C2C(O)C(c3nnncc3)C(C)CC2)CCCCC1,,,,,
C9235,C1C(NC(=N)N)NC(C2CC(O)CCC2)CN1,,,,,
C9236,C1(CCC)CCCCC1(C)c1ccccc1O,,,,,
C9237,N1N(O[N+](=O)[O-])N(C=C(C)c2nccnn2)NCC1,,,,,
C9238,C1C(C2CC(OO)NN2)NCCN1,,,,,
C9239,N1CCN(C=CC)CN1C1N(N)CCNN1,,,,,
C9240,N1(C)CN(C2(C3CNNNC3)C(c3cnnnc3)NNN2)CNN1,,,,,
C9241,C1C(C(=O)N)CC2(C3CNNNC3)CCCC(c3ncc[nH]3)C2C1,,,,,
C9242,N1CN(C2N(C#N)NCNN2)C(c2nncnc2)NN1,,,,,
C9243,N1C(C2CN(c3nnccc3)C(N=NO)N2)CNCN1,,,,,
C9244,N1(C(=O)CC=C)CCCCC1,,,,,
C9245,N1C(C(=O)C)NCNC1CC#C,,,,,
C9246,C1NNNN1c1ccccc1C,,,,,
C9247,C1CCCCC1(O)C,,,,,
C9248,C1CNCC(O)N1c1cccc2c1cccc2,,,,,
C9249,N1CN(C2CC(O)(c3ncn[nH]3)CCC2)NCN1,,,,,
C9250,C1CC(C(=O)O)CCC1,,,,,
C9251,N1C(O[N+](=O)[O-])NCN(C2CCCC3C2CCCC3Cc2ccccc2)C1,,,,,
C9252,C(CCn1cncn1)C1CNCN1C1CCCC(C)(C2CNCN2)C1,,,,,
C9253,N1(C2NCCNN2C=O)NN(C2(C3NCCNC3)CNNC2)CCC1,,,,,
C9254,N1NNCCC1OC(=O)N,,,,,
C9255,N1CNC(c2ccc(O)cc2)N(C=C)N1C(=O)C,,,,,
C9256,N1(c2c(O)cccc2)C(C#N)NN(C(=O)OC#N)CN1,,,,,
C9257,C(CCc1cnncn1)N=[N+]=[N-],,,,,
C9258,C(C#C)C=Nc1ncccc1,,,,,
C9259,C1(NC(=N)N)CCCCC1,,,,,
C9260,C1(C=N)CNN(C(=C)N2CCNN2)N1,,,,,
C9261,CC1C(c2nncnn2)CCCC1,,,,,
C9262,N1CC(C#CC)CCC1N=O,,,,,
C9263,C1C(c2cnccc2)NCN1,,,,,
C9264,N1(C(=O)O)C(C2NNCN(C3CNCN3)C2)C(n2cnnn2)CCC1,,,,,
C9265,C(#CCCC)N[N+](=O)[O-],,,,,
C9266,N1C(c2nnn[nH]2)CCCC1,,,,,
C9267,CC1(O)C(C2CNCN2)CCCC1C=NC=CC,,,,,
C9268,CC=NC1CCCCC1,,,,,
C9269,C1(N2CNNN2)CN(c2ccccc2C)NN1,,,,,
C9270,CC1CC(c2ncncn2)CCC1,,,,,
C9271,C1C(N)NNN1,,,,,
C9272,C(C=CO[N+](=O)[O-])(C1CNNN1)N1CC(OO)NN1,,,,,
C9273,C1(C=CC)C(CC)N(c2c(O)cccc2)NN1C1NCCNN1,,,,,
C9274,C#Cc1cc[nH]n1,,,,,
C9275,N1(C#CC)N(C2N(N=NO)CCNN2)N(C)NCC1,,,,,
C9276,C(N=O)([N+](=O)[O-])C#N,,,,,
C9277,C1CCC2CCCC(N3CCC(c4ncccc4)N3N)C2C1,,,,,
C9278,N1CNC(C2CNNC(C3CCCCC3C3CNN(c4cnnnc4)CN3)N2)NC1,,,,,
C9279,N1(O)NCCC(C)C1,,,,,
C9280,CC1NN(c2ccccc2O)NCC1,,,,,
C9281,C(=C)OC(=O)NNc1cnncn1,,,,,
C9282,C1C(CC2CCCCC2)CCC(C=O)C1CC1CC(OO)CCC1,,,,,
C9283,C(C=COO)C1(OO)CC(O)CCC1,,,,,
C9284,C1N(C2CCNN2)CN(c2ccncc2)N1N=NO,,,,,
C9285,C1CNCC(C2(c3c[nH]nn3)CNNNC2)N1,,,,,
C9286,CC=CC1CNCN1CC=C,,,,,
C9287,C1CCC(C2C(n3cncn3)N(C(=O)N)C(N3CNNN3)N2)CC1,,,,,
C9288,C1C(ON[N+](=O)[O-])C(c2cc[nH]n2)C(C2CNNN2)CC1,,,,,
C9289,C1CC(C2CN(OO)NCC2)C(C2CCNN2)CC1O,,,,,
C9290,CC1CCC(O)(c2ncncn2)CC1,,,,,
C9291,N1CC(c2ncc[nH]2)CCC1,,,,,
C9292,C(#CC1CCC(OC(=O)N)CC1(O)N=N)O[N+](=O)[O-],,,,,
C9293,C1CNCC(C2CNCCC2Cc2ccccc2)N1,,,,,
C9294,N1CNCN(C(=O)[N+](=O)[O-])N1,,,,,
C9295,C1CCCCC1C1NNN(c2ncncn2)N1,,,,,
C9296,C#CN=N,,,,,
C9297,C1C(c2nc[nH]n2)CCC(C2C(O)CCC(N=[N+]=[N-])C2)C1,,,,,
C9298,C1NN(c2ccc3ccccc3c2)NN1,,,,,
C9299,C(=Cc1c[nH]nc1)N1CCNN1,,,,,
C9300,CC(C)(C1C(Oc2c[nH]nn2)CCCC1)C1CNNN1,,,,,
C9301,CC=CC1(CC(C)CCC)CCCCC1(O)C1NCNN1,,,,,
C9302,C1CN(C2NCCNC2)NN1C1NCCNC1c1cnncc1,,,,,
C9303,N1(C2N(c3nnncn3)CCN2C2CCCCC2(C)C2CC(O)CCC2)CNCCC1,,,,,
C9304,N1NN(C=CC#N)C(c2nncnn2)CC1,,,,,
C9305,C(CC1NCNN1)C1N(c2ncn[nH]2)CNN1,,,,,
C9306,C1CCC(C(=O)O)CC1C1CNNNC1c1c[nH]cn1,,,,,
C9307,C1CCC2CCC(NN)CC2C1,,,,,
C9308,N1CCC(C=C(C)C2CCCCC2)CC1,,,,,
C9309,C(#C)OC(=O)N,,,,,
C9310,N1NCCCC1C=C,,,,,
C9311,C(C#C)(C=CC)(N1CNNN1)C1(C=N)CCNN1,,,,,
C9312,C=CCC=C,,,,,
C9313,C1(C2CCNN2)(c2cnc[nH]2)C(C2NNCCC2)NNN1,,,,,
C9314,C1N(c2cc(O)ccc2)CNN1N,,,,,
C9315,N1(N=NO)CCCCC1OC(=O)N,,,,,
C9316,C1(C2C(c3nc[nH]n3)CNN2)C(O)NCN1,,,,,
C9317,C#CC(=O)O,,,,,
C9318,C1C(C2CNCCC2N2CCNC2)NCC(N2CCC(C=N)N2)N1,,,,,
C9319,N1CNC(c2cccc3c2cccc3)NC1,,,,,
C9320,N1CN(C2CCC3C(C2)CCCC3)C(c2ccccc2C)CC1,,,,,
C9321,CC=Cc1ccccc1C,,,,,
C9322,C=Cc1ncncn1,,,,,
C9323,C(CN[N+](=O)[O-])C1CNNCC1,,,,,
C9324,CC(C)N=[N+]=[N-],,,,,
C9325,C1CC(C2C(c3nnnnc3)CCCC2C)C2C(C)CCCC2C1,,,,,
C9326,C(C#C)c1nnn[nH]1,,,,,
C9327,C1N(c2ncncn2)NNN1,,,,,
C9328,C1CN([N+](=O)[O-])NN1,,,,,
C9329,C(C)(C1NNN(C2NNCNC2)CN1c1ccccc1C)NN,,,,,
C9330,N1C(C2CNN(c3nccnn3)CC2)NCCC1,,,,,
C9331,C1(C2(CC#C)CCC(C)CC2)CN(C=C)CN1,,,,,
C9332,C1NN(C2CNCC(N[N+](=O)[O-])C2)NN1,,,,,
C9333,CC1(N=N)CC(O)CC(C)C1,,,,,
C9334,C(C1N(C=C)CCNC1)c1c(O)cccc1,,,,,
C9335,N1CNCC(c2c[nH]cn2)C1,,,,,
C9336,N1N(N2CN(NN)CN2)CCCC1,,,,,
C9337,N1(C2(c3nnn[nH]3)CC(O)CCC2)NNNCC1,,,,,
C9338,C1CCC2CC(n3cnnn3)CCC2C1,,,,,
C9339,N1(C2CN(C3CNNNC3)NN2c2ncn[nH]2)NNCCC1,,,,,
C9340,C1CCCC(N2CCN(O)C2)C1,,,,,
C9341,C1CNNN1C(=N)N,,,,,
C9342,C(C=C)C1CCC2C(C1)CC(C)CC2,,,,,
C9343,C1CNN(CC#CC2CNCCC2)C1c1ccc(O)cc1,,,,,
C9344,C1C(O)(n2cccn2)C(OC(=O)N)CC(NC(=N)N)C1,,,,,
C9345,C1CNN(C2CCCCC2(C)OO)N1,,,,,
C9346,C1(C2CC(NN)NCC2N2CCNN2)CNC(N=O)CN1,,,,,
C9347,C1(C2C(N)NN(CC)C2)(C)CNNC1,,,,,
C9348,C1N(c2ccncc2)NNN1O,,,,,
C9349,N1NCCC(C2CCC(Cc3cnnnc3)CC2)(C#CC)C1N1CNCN1,,,,,
C9350,N1C(O)CNCN1,,,,,
C9351,N1C(C2C(C)CC3CCCCC3C2)C(C(=O)N)CCC1C1CCCCC1,,,,,
C9352,CC1CCC2C(C1c1nccnn1)CCCC2,,,,,
C9353,C1CC(C#N)CCC1,,,,,
C9354,C1NC(C2CCCCC2(C)N[N+](=O)[O-])NN1,,,,,
C9355,C1CNNC1N,,,,,
C9356,C1(N(N)NN)C(C)NCC(C#N)N1,,,,,
C9357,N1C(C(=O)[N+](=O)[O-])C(c2cnc[nH]2)CCC1,,,,,
C9358,C1C(OOO)NNC1,,,,,
C9359,C(C1CCCCC1)C1(C#CC)NNC(C#N)CC1C1CCCC(C)C1,,,,,
C9360,C(C1CCCCC1)n1cnnn1,,,,,
C9361,C1N(c2ccccc2O)CNN1,,,,,
C9362,N1CC(C2N(C=CC)NNCN2)NC(O)N1CC1CCCCC1,,,,,
C9363,CC(=O)O,,,,,
C9364,C(=CC=O)c1cnnnc1,,,,,
C9365,N1CCC(C(=O)CC2NCCCC2)(C)CC1,,,,,
C9366,N1NCCCC1N=[N+]=[N-],,,,,
C9367,C1N(c2nnncn2)CNN1,,,,,
C9368,C1C(C2CCC3CCCCC3C2)C(C(=O)O)C(C2CNNN2)CC1,,,,,
C9369,N1(c2ccccc2O)CNCCC1,,,,,
C9370,N1(c2nnncn2)NCC(C#CC)CC1N=O,,,,,
C9371,N1NN(C2CCNN2)CC(n2ccnn2)C1,,,,,
C9372,N1(N=O)CNC(C2CC(c3c[nH]nn3)NCC2)NN1,,,,,
C9373,CC(=C)N1CCNC1(C1CCC(C)CC1)c1ccc2ccccc2c1,,,,,
C9374,N1(C#CC2(C)CNNN2)N(n2ccnc2)CCCC1,,,,,
C9375,CC1CCCCC1c1cnc[nH]1,,,,,
C9376,C1CC(C=C)C(c2c[nH]nc2)CC1,,,,,
C9377,C1C(C(=CC)c2ccccc2C)NCN1,,,,,
C9378,C1CCCC(C2CNCN2)(C2CC(N[N+](=O)[O-])C3CC(c4cnnnc4)CCC3C2)C1,,,,,
C9379,C1CNCCN1CCC,,,,,
C9380,C1N(n2cccn2)C(CC2NN(O)NN2)NN1,,,,,
C9381,C1CN(NN)NN1,,,,,
C9382,C(C(=C)C1CCCCC1)C1NNCCC1C,,,,,
C9383,CC(C)c1ccc(O)cc1,,,,,
C9384,N1CCC(O[N+](=O)[O-])CC1C1CCCCC1,,,,,
C9385,CC1CCC(C#C)C(C2CC(N=N)C3C(C2)CCCC3)C1C,,,,,
C9386,C1(c2ncncn2)NCN(C2N(C3CCC4C(C3)C(C(=O)O)CCC4)NNN2)N1,,,,,
C9387,C(=C)c1cccc2c1cccc2,,,,,
C9388,C1CCC(C2CCC(C=CC)C(C)C2)C(C(=O)N)C1,,,,,
C9389,C(C#C)C1(N=O)CNCN1n1cccn1,,,,,
C9390,N1CN(C2CC(O[N+](=O)[O-])CCC2)CN(C)C1c1nncnc1,,,,,
C9391,C1(C(=CC)n2ccnn2)(O)CNN(OC(=O)N)C1,,,,,
C9392,N1C(C2C(C#N)NN(C3(c4c[nH]cn4)NNNN3)N2)NNCN1,,,,,
C9393,C1CNN(O[N+](=O)[O-])C1,,,,,
C9394,N1C(C=N)CN(C2CNCN2O)CN1,,,,,
C9395,CCCO,,,,,
C9396,CCON=NOC1CC(c2ccc3ccccc3c2)CC(C)C1,,,,,
C9397,C(#C)C1CNN(c2nccnn2)C1,,,,,
C9398,N1([N+](=O)[O-])NNNC(CC2(N=N)CCCCC2n2cccn2)C1,,,,,
C9399,CC(=C)OC#Cc1ccc(O)cc1,,,,,
C9400,CC1CCCC(c2nc[nH]n2)C1,,,,,
C9401,N1CNCC(CCCc2cnnnc2)C1,,,,,
C9402,N1NNNC([N+](=O)[O-])C1,,,,,
C9403,N1CNC(C2CCNC(N3CCCN3)(c3nnn[nH]3)C2)CC1,,,,,
C9404,CC(C(=CC)C1NCCN1)C1NCCN(c2ncncn2)C1,,,,,
C9405,C(#CC1CCC2C(C(=O)N)(C1)CCCC2)N,,,,,
C9406,C1CN(C=CC)NC1(C1C(O)CCCC1C1NCNCN1)C#CC,,,,,
C9407,C1CCCCC1(O)c1ncc[nH]1,,,,,
C9408,N1C([N+](=O)[O-])(OO)C(C(=O)C)CCC1,,,,,
C9409,N1([N+](=O)[O-])CNCC(CC2CCCC(C3CCNN3)(N=O)C2)C1,,,,,
C9410,C1CCCC(O)C1,,,,,
C9411,C1CC(C2CCC3C(c4nccnn4)(C2)CCCC3)CCC1,,,,,
C9412,C1CCCCC1O,,,,,
C9413,CCCC=CC(=O)O,,,,,
C9414,C1NCN(C2CCC(c3ccc4c(c3)cccc4)C(C=O)C2C)N1,,,,,
C9415,N1(C2(C3NCCN3)NCN(c3nnn[nH]3)N2CC)CNCCC1,,,,,
C9416,CCC1(C2(c3nncnc3)NCNCN2)CN(C=C)NCC1,,,,,
C9417,C1C(C2C(OOC(=O)N)CCCC2C2NNNN2)(N=N)NNN1,,,,,
C9418,N1NNNC(C2CNNNC2(N=[N+]=[N-])c2cc(O)ccc2)C1,,,,,
C9419,N1(c2cccc3c2cccc3)CNNCN1,,,,,
C9420,C1(C2CNC(C3CC(O)CCC3c3cc[nH]n3)CC2)C(C2NCNN2)CC2CCCCC2C1,,,,,
C9421,N1CN(N=[N+]=[N-])CNN1C1(c2cnncn2)NNNN(C#N)C1,,,,,
C9422,C1CCC2C(N=[N+]=[N-])CCCC2(C=NC=C)C1,,,,,
C9423,C1NCNN1C1CNNC(Cc2ccccc2)C1,,,,,
C9424,N1CN(C=C)C(c2ccccc2O)NN1,,,,,
C9425,C1NCN(O)N1,,,,,
C9426,N1CCN(CC=C)CN1[N+](=O)[O-],,,,,
C9427,C(C(=O)N)C1N(c2cnc[nH]2)NCN(N)N1,,,,,
C9428,CCC,,,,,
C9429,C1CCCCC1OO,,,,,
C9430,C1CCC2CCC(C(=O)N)CC2C1N[N+](=O)[O-],,,,,
C9431,C1C(C2CCCCC2O)CCCC1Oc1nnncc1,,,,,
C9432,C1(C=C(C)c2cccc(C)c2)CNCCN1,,,,,
C9433,CC(C(NC(=N)N)c1cnnnc1)C1CC(C2C(O)CCCC2)NN1,,,,,
C9434,C1C(c2ncc[nH]2)CC2CC(N=NO)CCC2(C(=O)[N+](=O)[O-])C1C1NCNN1,,,,,
C9435,C1CC(c2cnncc2)CCC1O,,,,,
C9436,N1(C2CNC(C=O)CC2)CNNCN1,,,,,
C9437,N1CCC(C2CCNCC2)C(C2CCCC(C)C2)(C(=O)C)C1c1ccccc1C,,,,,
C9438,N1CNCCC1C1N(N2CCNN2)N(C2CN(c3cnn[nH]3)NC2)NCN1,,,,,
C9439,CC1(N2C(c3nncnn3)CCN2)CNCN1,,,,,
C9440,C1CC(C=O)CC(c2ncn[nH]2)C1,,,,,
C9441,N1CC(N=O)(OO)CCC1,,,,,
C9442,C1(C=C)CCC2CCCCC2C1,,,,,
C9443,N1NCCC(CCC)C1,,,,,
C9444,C1(C2CCC(C)CC2c2cc(O)ccc2)CN(C2CCNN2N2CCNN2)NC1,,,,,
C9445,C=C([N+](=O)[O-])Cc1ccccc1,,,,,
C9446,N1(C#CC)NN(CC#C)NCC1,,,,,
C9447,C1(c2cccc3c2cccc3)CCCCC1OC1CCCC2C1(CCC(=O)[N+](=O)[O-])CCCC2,,,,,
C9448,N1C(C#N)N(N)CNC1,,,,,
C9449,C(=C)(C=C)N=[N+]=[N-],,,,,
C9450,C1C(N=[N+]=[N-])(C)CCCC1,,,,,
C9451,C1CC(C#CC)CCC1,,,,,
C9452,N1C(C#C)NCC(C(=O)CN)C1,,,,,
C9453,C(C1(CCC)CCCC(C=O)C1)([N+](=O)[O-])c1nccnn1,,,,,
C9454,N1(C(=O)C)CNCN(C(=O)O)N1C(=O)N,,,,,
C9455,N1(CC=C)CCNCN1,,,,,
C9456,N1N(C#CC)C(C)CCC1,,,,,
C9457,C1(C2C(c3ccncc3)C(C#N)CCC2C)NCNN1,,,,,
C9458,C(C(C1CNNNC1)C#C)C1CNC(c2cnncc2)N1,,,,,
C9459,C(C(=O)NC1NCCCC1)c1cnnnc1,,,,,
C9460,C1NCNN1CC#C,,,,,
C9461,N1NNCC(C#CC)C1,,,,,
C9462,N1C(C#C)N(C2NCCCC2)CNC1,,,,,
C9463,N1CC(C2N(O[N+](=O)[O-])CCN(c3cnc[nH]3)N2)NCN1,,,,,
C9464,C1(C#N)C(N=[N+]=[N-])(CC2CCCCC2)NCN1,,,,,
C9465,C(C=Cc1cnn[nH]1)C1CNCN1,,,,,
C9466,N1C(OO)NNCN1,,,,,
C9467,C1C(C2CCC3(C4CCNCC4)CC(C4NNCNN4C=N)CCC3C2)CCCC1,,,,,
C9468,N1NNC(C(=O)N)(c2ccc(O)cc2)C(N=[N+]=[N-])C1C1NCNN1,,,,,
C9469,C1CN(C2CNN(c3c(O)cccc3)N2)CCN1CC1CNCN1,,,,,
C9470,C1(c2ncc[nH]2)CNNN1,,,,,
C9471,N1CCN(C)CN1,,,,,
C9472,CCCC1(c2ccn[nH]2)CNNCC1,,,,,
C9473,C1CN(Oc2ccn[nH]2)CCN1,,,,,
C9474,N1NN(C#CC)C(c2ccccc2C)CC1C1CCC2C(C1)CCCC2,,,,,
C9475,N1C(c2cnnnc2)CCCC1C1CNNCC1,,,,,
C9476,N1C(c2nccnc2)NCNC1,,,,,
C9477,C1(N=N)CCC2CCCC(C3NCNN3)C2(c2ccc(C)cc2)C1,,,,,
C9478,C(C#C)c1ccn[nH]1,,,,,
C9479,CC1CC(c2cc[nH]n2)CCC1CC1CC(O)CCC1,,,,,
C9480,C1(N2CCNC2)CCC(C=C)CC1,,,,,
C9481,CC(=C)C1C(c2nccnc2)CNN1,,,,,
C9482,N1NNN(C2NNNCC2)C(C2CNCN2)C1c1cnc[nH]1,,,,,
C9483,N1N(CCC)NNCC1,,,,,
C9484,C(#CN1C(C2NNNCN2N=[N+]=[N-])CCN1)C1CNCN1,,,,,
C9485,C1CN([N+](=O)[O-])CN1N,,,,,
C9486,N1(C(C=C)CC=C)NNNCC1,,,,,
C9487,C1NC(C2CC(O)CCC2N=NO)NN1,,,,,
C9488,C1CCC2CCCC(CC)C2(C2CCC(C)CC2)C1,,,,,
C9489,C1C(C2C(O)(NN)CCCC2)NNN1,,,,,
C9490,N1CCC(C2NCCCC2)(n2ccnc2)CC1,,,,,
C9491,C1(OC(=O)N)(C(=O)[N+](=O)[O-])CCC(c2ccccc2C)C(NN)C1O,,,,,
C9492,N1(O)CNNCN1,,,,,
C9493,CC(C)C1NN(c2cccc3c2cccc3)CNC1,,,,,
C9494,CC#CC(=O)C1CNN(C2NCNCN2)N1C=O,,,,,
C9495,C(C1CCC(CC=CC)CC1)C=CC,,,,,
C9496,C(C=C)C1CNN(N=NO)N1,,,,,
C9497,N1CNN(C2NNNCC2)CN1C1NNNN(c2nncnn2)C1,,,,,
C9498,N1(CC)CNCN(C=N)C1,,,,,
C9499,N1NCC(c2ncn[nH]2)CC1,,,,,
C9500,CC1C(N=NO)(O)CCC(C2(C3CCC4CCCCC4C3)NCCNC2)C1,,,,,
C9501,C1(O)NN(N2CCCN2)N(c2c[nH]nc2)N1,,,,,
C9502,N1NN(C2CNNN2)CC(c2cc(O)ccc2)C1C=CC,,,,,
C9503,N1(C(=O)O)C(N2CCNC2)(C2N(C(=O)[N+](=O)[O-])NNN2)NCNC1,,,,,
C9504,N1(C2NCNN2)CC(c2nnncn2)CCC1,,,,,
C9505,CC#CC1C(O[N+](=O)[O-])NNN1,,,,,
C9506,CC(=C)C1N(N)CN(C)N1,,,,,
C9507,N1NCC(C2N(C3CNCCC3OC(=O)N)CCCC2)CC1,,,,,
C9508,C1(C2CNCCC2)CCC2C(c3c[nH]cn3)CCC(C3CNNNC3)C2C1,,,,,
C9509,N1NCC(C2NCCN(c3cc(O)ccc3)N2)(N[N+](=O)[O-])CC1C1NNNNC1,,,,,
C9510,N1C(C2NNNC(C=N)C2C=CC)NC(OO)NC1,,,,,
C9511,C1C(C2(N=O)CCC(C)CC2)NCN1C1C(N=[N+]=[N-])NNCC1,,,,,
C9512,C1CNN(CC)C1,,,,,
C9513,N1(c2cnnnc2)CCN(C(=O)[N+](=O)[O-])CN1,,,,,
C9514,C1C(OC(=O)N)CC(C2NNNNC2)CC1,,,,,
C9515,CC1(C2CC(O)CCC2)CCCC(C2CCNN2)(C(=O)N)C1,,,,,
C9516,C1(N2CCNC2)CC(c2nnn[nH]2)CCC1O,,,,,
C9517,C=CC1NN(c2cnnnc2)NCC1,,,,,
C9518,N1(C2(C#N)CNNCN2)NNC(C2CNNCC2)CC1,,,,,
C9519,C1(N[N+](=O)[O-])(C2NCCNC2)CNC(CC)CN1c1ncn[nH]1,,,,,
C9520,CCN[N+](=O)[O-],,,,,
C9521,N1(C2NNCC(c3nncnc3)C2)CNC(C2CCC3C(C2)CCC(NN)C3)CC1,,,,,
C9522,N1CN(N([N+](=O)[O-])c2cnn[nH]2)C(C2NNNN2C=C)NC1,,,,,
C9523,C1CNN(C2CC(c3cccc(C)c3)NCC2)C1,,,,,
C9524,C1C(n2ccnc2)N(C(=O)O[N+](=O)[O-])CCN1,,,,,
C9525,CC=CC1NNNC(c2nnncn2)N1,,,,,
C9526,CCOC1(c2ncc[nH]2)CC(N=NO)NN1,,,,,
C9527,CC=Cc1ccc(O)cc1,,,,,
C9528,C1CCC(C2(c3cnccc3)NCNN2)CC1,,,,,
C9529,C1C(C2C(O)CCCC2)NCC(c2nncnc2)N1,,,,,
C9530,N1CCCCC1N=NN1CNN(c2cnncn2)N1,,,,,
C9531,C1NCNN1c1cc[nH]n1,,,,,
C9532,N1CNC(c2cnncc2)NN1,,,,,
C9533,CC=C(C(=O)[N+](=O)[O-])N=NO,,,,,
C9534,CC(C(=C)c1cc[nH]n1)CC1CCCCC1,,,,,
C9535,C1CN(C)CCN1,,,,,
C9536,C1CNC(C2CCC3C(c4c(O)cccc4)CCCC3C2)N1,,,,,
C9537,C1CC(c2nncnc2)CCC1,,,,,
C9538,C1CCC2CC(O)CCC2C1,,,,,
C9539,N1NN(C#CC)CC(C(C)C=N)C1C#N,,,,,
C9540,C1CNN(N2CCNC2C(=O)N)N1,,,,,
C9541,N1(C=CCC2CCC3CCC(c4nccnn4)CC3C2)NNNCC1C(=O)O,,,,,
C9542,C(CCC1CNNN1)C,,,,,
C9543,N1NCCC(c2nccnn2)C1,,,,,
C9544,CC#C[N+](=O)[O-],,,,,
C9545,C1C(C2CCC(C#C)C(C)C2)NCN1,,,,,
C9546,N1NC(CC#C)CCC1C1(c2cc(O)ccc2)CCC(C)CC1,,,,,
C9547,C(C1CC(C2CNCN2)CCC1)OO,,,,,
C9548,C1CN(C2NCNN2CC=C)NN1CC1C(C2NNCCC2)CCCC1,,,,,
C9549,C1CC(N2CNCN2)C2CCCCC2C1c1cc[nH]n1,,,,,
C9550,C1CN(C=O)NC1,,,,,
C9551,C1NC(C2N(C3CNNC3)NCNC2C#CC)NN1C=N,,,,,
C9552,N1N(C2NCNCN2CCc2nnncc2)CCCC1C1NCNN1,,,,,
C9553,N1(C2(c3cnncn3)CNCN2)NNN(N[N+](=O)[O-])C(C2NNCCC2)C1,,,,,
C9554,C1CC(NN)CCC1(O)C1CCNCC1c1nccnn1,,,,,
C9555,N1C(NC(=NC2CNNC2)Nc2ncc[nH]2)N(C2C(O)CCCC2)CNN1,,,,,
C9556,N1(OC(=O)N)C(C(=O)Oc2cnncn2)CNCN1,,,,,
C9557,C1CNC(c2ncncn2)CN1,,,,,
C9558,C=CC1(CC)CCN(CC#C)N1C,,,,,
C9559,C1CCC(n2cccn2)CC1O,,,,,
C9560,C(=C)N[N+](=O)[O-],,,,,
C9561,C(C#C)N1CC(c2ccncc2)NC1,,,,,
C9562,C(#C)c1ncn[nH]1,,,,,
C9563,C(#CC1CCC2C(C1)CCCC2)C1(c2c[nH]cn2)NNNNC1,,,,,
C9564,C1(C2NNNNC2)(n2cncn2)CN(C2NNCCC2C)CCN1,,,,,
C9565,C1CCCCC1(C#C)N[N+](=O)[O-],,,,,
C9566,N1CNC(C2CNNN2C=C)CC1N[N+](=O)[O-],,,,,
C9567,CCc1ccccc1,,,,,
C9568,CC#Cc1cnncn1,,,,,
C9569,C1(N)(C2(C=Nc3cccc4c3cccc4)CCCC(C)C2)CCC2CCCCC2C1,,,,,
C9570,N1(N)CN(C2CCC(O)C(N)C2)CNC1CCC,,,,,
C9571,C(C)(N)OC(=O)N,,,,,
C9572,C1NNNN1c1c[nH]nc1,,,,,
C9573,C(C#C)(C(=O)O)(C#C)C#C,,,,,
C9574,C1N(O)CN(CC#C)N1,,,,,
C9575,N1N(C(=C)C=O)NCCC1,,,,,
C9576,C#CC1CN(C2CN(c3nnccc3)CCC2)N(N)NC1,,,,,
C9577,C1(C2CNNN2)NCNN1c1cc[nH]n1,,,,,
C9578,N1CCC(C2(C3C(O)CCCC3)CN(C3CCC4C(C3)CCCC4)CN2)CC1C=C,,,,,
C9579,C(C#COO)O,,,,,
C9580,N1NNCCC1OO,,,,,
C9581,N1NNN(n2cccn2)CC1,,,,,
C9582,CC#CC1(c2ccccc2O)NNNCN1,,,,,
C9583,N1(O)N(C2CCC(O)CC2)NN(c2nncnn2)CC1,,,,,
C9584,C(C1CCCCC1)O[N+](=O)[O-],,,,,
C9585,CCC1(C#N)C(O)CCCC1,,,,,
C9586,CC(C)c1cnn[nH]1,,,,,
C9587,N1NCC(C2N(c3ncncn3)NNCN2)CC1,,,,,
C9588,N1NN(c2nccnn2)NC(C#CC)C1,,,,,
C9589,C1C(c2ccc3ccccc3c2)CCCC1,,,,,
C9590,C1C(N2CNNN2)NN(Cc2ccccc2)N1,,,,,
C9591,C1(C(=O)[N+](=O)[O-])C(CC)NCN1,,,,,
C9592,C1CC(N)CCC1O,,,,,
C9593,C1C(CC2CCCCC2)N(C2CCCC(C)(N)C2)CN1,,,,,
C9594,C1CCCC(C)(CCC)C1,,,,,
C9595,CN([N+](=O)[O-])n1cnnn1,,,,,
C9596,CC1CCCCC1O,,,,,
C9597,N1CNN(C(=O)O)CN1,,,,,
C9598,N1(c2nccnc2)CCNCN1,,,,,
C9599,N1C([N+](=O)[O-])C(C(C#C)c2ccccc2O)NCN1,,,,,
C9600,N1(n2ccnc2)CNC(C=O)CC1,,,,,
C9601,N1(NC(=N)N)NCCCC1c1ccc(O)cc1,,,,,
C9602,C(#CC1CCNN1)C1N(c2ccn[nH]2)CNN1,,,,,
C9603,N1NCC(CC(C)N=NO)CC1,,,,,
C9604,CC1C(O)(N2CCNN2)CC(OC(=O)N)(C)CC1,,,,,
C9605,N1NNCC(C2(C3NNNCN3)C(C)CNN2)C1C(=O)[N+](=O)[O-],,,,,
C9606,CCCC1C(O)C(c2c[nH]nc2)CCC1,,,,,
C9607,C1CNN(CC=C)N1,,,,,
C9608,N1(C(=O)O)NCCCC1,,,,,
C9609,C1CNNC1N1CC(N)(n2cccn2)CN1,,,,,
C9610,N1CNCN(C2(n3cncn3)CNNN2)C1,,,,,
C9611,CC1CCC(CC2C(C#CC)CCCC2)CC1,,,,,
C9612,C1NN(n2ccnc2)NN1N=[N+]=[N-],,,,,
C9613,CC(C)C1N(CC#C)C(C2NCCNN2)C(O[N+](=O)[O-])NN1,,,,,
C9614,CC(C)C1CNN(c2c(O)cccc2)N1,,,,,
C9615,CC(C(CC)N1CCNC1)CCC,,,,,
C9616,N1NN(c2nncnn2)CCC1,,,,,
C9617,C(C#C)C(=O)c1ccc2c(c1)cccc2,,,,,
C9618,N1C(CC)N(Cc2ccccc2)CNC1,,,,,
C9619,N1CNC(C2CNNC2c2ccc(O)cc2)NN1,,,,,
C9620,N1(C2NNNNC2)CNC(C2CCCC(C)C2)(C2NCNN2)NN1c1cccc2c1cccc2,,,,,
C9621,C1CCCC(c2nnccc2)C1,,,,,
C9622,CCC1NC(n2cncn2)N(C2CNNN2)N1,,,,,
C9623,N1C(C=Nc2ccncc2)(C2NCCNN2)NNCN1,,,,,
C9624,C(C#CC1(C2(O)NCCCC2)CCNN1)C,,,,,
C9625,C(C#CN1C(C2CCCCC2O)CNN1)n1cncn1,,,,,
C9626,N1CN(C2(C3CC(C4NCCN4)NN3)NCCNN2)CC(c2ccc3c(c2)cccc3)C1,,,,,
C9627,CC#CC1NC(C2(N)NCNN2)CNN1,,,,,
C9628,N1(NN)CCC(CC#C)CC1,,,,,
C9629,CC1NNCN(N=O)C1,,,,,
C9630,C#CC1(C2(CC)CCCC3C2CCCC3)CCNN1[N+](=O)[O-],,,,,
C9631,C1(c2cnn[nH]2)NCNN1,,,,,
C9632,CC(=C)C1CC(c2nccnc2)CC(C)C1,,,,,
C9633,C1(CC=C)NCN(c2c[nH]cn2)N1,,,,,
C9634,C1CC(n2cncn2)CC(O[N+](=O)[O-])C1O,,,,,
C9635,C1N(c2nncnn2)CNN1,,,,,
C9636,C(C(C)C1NNNNC1)C1NC(CCC)CNN1,,,,,
C9637,C1(C2NNC(NN)CC2)NCN(C#CC)N1,,,,,
C9638,CC#CC1C(C=N)NCCC1,,,,,
C9639,N1(C2NCNN2)CCC(C2(c3cnc[nH]3)CNCN2)CC1,,,,,
C9640,N1CCNCN1c1ccncc1,,,,,
C9641,C1CC(C=O)CCC1[N+](=O)[O-],,,,,
C9642,N1(c2nncnn2)CNCNN1,,,,,
C9643,N1NCC(C2(N)C(O)CCCC2)(c2c[nH]nc2)CC1,,,,,
C9644,C1(C2NNCCC2)C(C2([N+](=O)[O-])NNNCC2)N(C#CC)CN1,,,,,
C9645,C1C(C2CCC(C)CC2)(C=O)NNN1C(=N)N=N,,,,,
C9646,C1(NC(=N)N)N(C2NCNCN2)N(C#CC)N(C(=O)C)N1,,,,,
C9647,N1N(C2CCC(C)CC2O)NNC(NC(=N)N)C1,,,,,
C9648,C1(CC(C)C2(N[N+](=O)[O-])NCCNC2)CCC(C#N)CC1,,,,,
C9649,C1N(C#CC)CN(C2NN(C3N(O[N+](=O)[O-])CCCC3)CNN2)N1,,,,,
C9650,C(C#C)c1nccnn1,,,,,
C9651,C1CCC2C(C3(N)C(O)CCCC3)C(C(C#C)c3ccc4c(c3)cccc4)CCC2C1,,,,,
C9652,N1NN(C2(C(=O)O)NNNN(C#CC)C2)N(NN)CC1,,,,,
C9653,C(C)C1C(C(=O)O)N(c2nnncc2)NNC1OO,,,,,
C9654,C1(C2N(N(N)C=N)CNN2)CN(C2NCNN2)NC1,,,,,
C9655,C=CC1NN(c2nncnn2)NNC1,,,,,
C9656,C(C)C(=O)OC1CCN(C(=O)[N+](=O)[O-])N1,,,,,
C9657,N1(C2CCNC(C3NCCNN3)C2)CN(c2cccc3c2cccc3)CNN1,,,,,
C9658,N1CNC(C#C[N+](=O)[O-])(c2nnn[nH]2)NC1,,,,,
C9659,C1C(C2CNNN2CC=C)CCCC1O,,,,,
C9660,CCc1c(O)cccc1,,,,,
C9661,N1C(O)N(C=CC)C(C(C=C)C(=O)C)CC1,,,,,
C9662,CC1C(C=N)(CC=C)C(C=CC)(c2c[nH]nn2)CCC1,,,,,
C9663,C1CNC(CCC)N1,,,,,
C9664,N1(C#N)N(OO)NCC(C2CCC(C=N)CC2)C1,,,,,
C9665,C(CC)C1CC(c2cnncn2)C(C)CC1,,,,,
C9666,N1NNC(C=CC)(N[N+](=O)[O-])CC1,,,,,
C9667,C1(n2cncn2)CNN(C2CN(C3NCNCN3)NCC2)C1C1CC(O)CCC1,,,,,
C9668,N1(C2(c3cccc(C)c3)CNN(C3CCNCC3)C2)CNCCC1,,,,,
C9669,C1NC(C2NNCNC2)N(C(=O)O)N1C#N,,,,,
C9670,N1CNCNN1N[N+](=O)[O-],,,,,
C9671,C=CC1N(C2CNCCC2)NNC(c2ccccc2C)N1,,,,,
C9672,N1(C=C)CNCC(C(=O)[N+](=O)[O-])(C(=O)[N+](=O)[O-])C1,,,,,
C9673,C1C(C2CCC3C(c4cc(O)ccc4)CCCC3C2)CCCC1,,,,,
C9674,N1C(NC(=N)N)C(C2CNN(c3ccc4ccccc4c3)N2)NCN1,,,,,
C9675,N1NN(CC)CCC1C1CCC2(C3CCC(OC(=O)N)C(C)C3)CCCCC2C1,,,,,
C9676,N1CNN(CC)CN1,,,,,
C9677,C(O[N+](=O)[O-])c1cnnnc1,,,,,
C9678,N1CNN(c2cnncc2)CN1,,,,,
C9679,C=Cc1cnccc1,,,,,
C9680,C#Cc1nncnn1,,,,,
C9681,N1(N)NNNCC1,,,,,
C9682,C=Cc1c(O)cccc1,,,,,
C9683,C1C(N=[N+]=[N-])(O[N+](=O)[O-])NCC(C#C)N1OC(=O)N,,,,,
C9684,C(C#C)C=CC(C1CNCCC1)O[N+](=O)[O-],,,,,
C9685,N1C(CC)(c2c[nH]nc2)N(C2CCCC(CC3NCCCC3)C2)CCC1,,,,,
C9686,C1C(C2CC([N+](=O)[O-])C(C)CC2CC2CCCCC2)CCCC1,,,,,
C9687,C1(n2cccn2)NCNN1,,,,,
C9688,CC1CCC(c2nncnc2)CC1,,,,,
C9689,N1CNC(C2CN(c3cnncc3)NN2)NN1,,,,,
C9690,C1N(C(=O)O)CNN1C(=O)N,,,,,
C9691,C1CN(C)N(C(=O)Cc2nccnn2)N1,,,,,
C9692,C(C#C)c1cccc2c1cccc2,,,,,
C9693,N1CC(c2cnncn2)CCC1,,,,,
C9694,C1(C2CCCCC2)CCC(c2nncnn2)CC1,,,,,
C9695,N1NNC(c2nnnnc2)CC1,,,,,
C9696,CCC(C#CC)(N=N)N1C(c2c(O)cccc2)CNN1,,,,,
C9697,C1CC(c2c[nH]nn2)CCC1OC(=O)N,,,,,
C9698,C1(c2nnn[nH]2)C(C=NC2CCC(O)CC2)NNC1,,,,,
C9699,N1CNCNN1C1NC(C#C)CC(C2CCCCC2O)C1,,,,,
C9700,C=C(C1(C2CN(Cc3ccccc3)CN2)NCCCC1)C1CCCC(C)C1,,,,,
C9701,N1(n2cncn2)CNCCC1,,,,,
C9702,C1CCC2CC(C(=O)C)CCC2C1,,,,,
C9703,N1(C2NNCN(N=NO)N2)NNNCC1,,,,,
C9704,C(=CC(C)C(=O)O)C=O,,,,,
C9705,C1CNCN1c1ncn[nH]1,,,,,
C9706,N1CNC(NC(=N)N)NN1,,,,,
C9707,CC(=NN)C1NNN(c2ccncc2)CC1,,,,,
C9708,N1CCC(C2CCC(C)CC2)C(C2N(C3CCC(n4cnnn4)CC3O)NCNN2)C1,,,,,
C9709,CC,,,,,
C9710,C(#CC(=O)O)O,,,,,
C9711,C(C1(N=O)CCCCC1)O,,,,,
C9712,CC(C)C1CNCCC1c1ccc2ccccc2c1,,,,,
C9713,N1(C2CNNNC2)CNCN(c2ccc3c(c2)cccc3)N1,,,,,
C9714,CC(C(C=CC)n1cnnn1)(C1CNNCC1)N[N+](=O)[O-],,,,,
C9715,CC(=COOC1NCCN1C(=O)[N+](=O)[O-])C,,,,,
C9716,N1NN(c2ccc(O)cc2)CCC1,,,,,
C9717,CC1CCCCC1C1CCCC(C2NCC(n3cccn3)NN2)C1(C)O,,,,,
C9718,C1(C2CC(C3NNNCC3)CC3C2CCCC3)(C=O)CCCCC1,,,,,
C9719,CN1CCN(N=[N+]=[N-])N1,,,,,
C9720,N1(O)CC(N(C(=N)N)C=O)NCN1,,,,,
C9721,N1(c2nncnn2)CNCC(C2C(C(=O)N)NNN2)C1O,,,,,
C9722,C(#CC1NCCNN1)C(=C)c1nncnn1,,,,,
C9723,CCn1ccnc1,,,,,
C9724,N1CC(Cc2ccccc2)NCN1,,,,,
C9725,N1CC(c2cnn[nH]2)NCN1,,,,,
C9726,C1NCN(C=O)N1C1NCCNC1,,,,,
C9727,C(#C)C1(O[N+](=O)[O-])CNCC(C=N)C1,,,,,
C9728,N1C(C2(c3c(O)cccc3)CNNNC2)CCCC1,,,,,
C9729,C1(N=[N+]=[N-])CCCC(N=NO)C1,,,,,
C9730,CC#CC1NNNN(c2nnnnc2)C1,,,,,
C9731,N1CNCN(C2NC(c3ccc(O)cc3)NN2C2NNNCN2)C1,,,,,
C9732,C(C#C)(C1NNNCC1)OC(=O)N,,,,,
C9733,C(CCN)C1CN(c2nccnc2)NNC1,,,,,
C9734,N1C(c2c[nH]nc2)NCCC1,,,,,
C9735,C#CC1(N=[N+]=[N-])NNNCC1,,,,,
C9736,C1CCCCC1C(=O)[N+](=O)[O-],,,,,
C9737,C1NC(c2ccncc2)NN1,,,,,
C9738,C(C(=C)C(=O)[N+](=O)[O-])N1C(c2c[nH]cn2)CCN1,,,,,
C9739,C#CC1(C(=O)C)CC(CC#C)NN1CC#C,,,,,
C9740,C(C1CC(C2CCNCC2)CCC1)C1NNCNC1c1ccccc1O,,,,,
C9741,C1C(Oc2nnn[nH]2)N(C(CC)C#N)NC1,,,,,
C9742,N1CNCN(C(CC)c2ccc3c(c2)cccc3)N1C1CCCCC1O,,,,,
C9743,N1CNNC(C2CCCCC2)N1,,,,,
C9744,C1NCN(C2(Cc3ccccc3)N(C3NNNCN3)NCNN2)N1,,,,,
C9745,C1(n2ccnc2)CCC2CCCCC2C1,,,,,
C9746,N1N(C2C(C=CC)NNCN2)NN(N=NON=[N+]=[N-])CC1,,,,,
C9747,C(C=C)C1C(O)CCC(C2(C=O)NNNN2)(C2CNNN2)C1,,,,,
C9748,N1NCCC(C=N)C1,,,,,
C9749,C1CC(C2C(c3cnc[nH]3)NNN2)C(N2CC(C3CNCCC3)NC2)CC1,,,,,
C9750,C(=C)C1CCCC2C1(c1cnc[nH]1)C(C#C)(C1CNNC1)CCC2,,,,,
C9751,C(C1CCCCC1)c1nnn[nH]1,,,,,
C9752,N1CCNC(N=O)(N2CC(C=C)NC2C2CNNN2)N1,,,,,
C9753,C1CNN(O[N+](=O)[O-])C1(N[N+](=O)[O-])c1cnc[nH]1,,,,,
C9754,C1(C2C(O)CCCC2)N(NNc2cnccc2)NN(CC)N1,,,,,
C9755,C1(c2cnn[nH]2)CNNN1,,,,,
C9756,C1NC(C(=O)[N+](=O)[O-])N(c2ccc(O)cc2)N1,,,,,
C9757,C1NCN(C#CC)N1,,,,,
C9758,CN1CNNN1c1cccc2c1cccc2,,,,,
C9759,C(=CC1NN(C2CCCC(c3ncc[nH]3)C2O)CNC1)C=O,,,,,
C9760,C1CNN(NC(=Nc2nc[nH]n2)N)C1C1CNNC1,,,,,
C9761,N1N(C2C(c3ccc(O)cc3)NNC(NN)C2)CCCC1,,,,,
C9762,N1NC(C=CC)C(C#N)C(c2cccc3c2cccc3)C1,,,,,
C9763,C1CCCC(C(C=C)N2CC(O[N+](=O)[O-])CN2)C1,,,,,
C9764,C1(C(=O)[N+](=O)[O-])CCCCC1,,,,,
C9765,N1CN(C2CNCCC2N[N+](=O)[O-])NCN1N=O,,,,,
C9766,C(#CCC1CCC(N2CCNC2)C(C(=O)O)C1)C1CNCN1,,,,,
C9767,C(C(=C)NC(=N)N)C1NNCNN1,,,,,
C9768,C1CC(N)CCC1,,,,,
C9769,C1CN(N2CCCN2)CN1C1CC(NC(=N)N)CCC1O,,,,,
C9770,N1CCCCC1C1(C2(C(=O)[N+](=O)[O-])NNCNN2)CCCC2C1CCCC2C,,,,,
C9771,C(C1(O[N+](=O)[O-])NCCCC1C1NNNN1)C1CCNCC1,,,,,
C9772,C1CN(C2CCNCC2)C(OC(=O)NC(=O)N)N1,,,,,
C9773,C1CN(NC(=N)N)C(N=N)CN1,,,,,
C9774,N1C(c2c[nH]nc2)CN(C2CCNCC2)CN1,,,,,
C9775,N1NNN(n2cccn2)CC1,,,,,
C9776,C1(OC(=O)N)(C(=O)O)C(C2CNNN2)NNC1C1NCCNC1,,,,,
C9777,C1(C2CCC(O)CC2)CN(c2nc[nH]n2)NN1,,,,,
C9778,C1CC(C2C(N3CCCN3)CCCC2(C)N=NO)CCC1C=C,,,,,
C9779,N1C(CC2CCCC([N+](=O)[O-])C2)NN(OO)C(C2NNCCC2)N1,,,,,
C9780,C1(OC(=O)NC2NCCN2N=N)CCCCC1,,,,,
C9781,C1C(C)(c2ccc(O)cc2)CCCC1,,,,,
C9782,C1(C2CCCC3(c4c[nH]cn4)C2CCCC3)CNN(C2CNNCN2)N1,,,,,
C9783,C(C=C)CC=C,,,,,
C9784,C(C1CC([N+](=O)[O-])CCC1)(C(=O)[N+](=O)[O-])c1ccc2ccccc2c1,,,,,
C9785,N1CCNC(N2C(O[N+](=O)[O-])CCN2)N1,,,,,
C9786,C1(NC(=N)N)CCCC(C2C(O)CC(C3CCCC(C)C3)CC2)C1,,,,,
C9787,C(C(=C)C1(N=[N+]=[N-])NCNN1)(O)c1ccccc1O,,,,,
C9788,C1C(c2ncncn2)NN(C2C(C3NNNCN3)NNN2C2NNCCC2)C1,,,,,
C9789,C(C#CC1NNCNN1)CC,,,,,
C9790,N1NCCC(C2CNCN2)C1C#C,,,,,
C9791,N1CN(C2NCNC(C(=O)[N+](=O)[O-])N2)CN(c2ccc(O)cc2)N1,,,,,
C9792,C(C1CCC(C(=O)C)C(c2nnncn2)C1)C(CC)C1C(O)CCCC1,,,,,
C9793,N1CC(OC(=O)N)NCN1,,,,,
C9794,C1(N2CCN(C3CNNCC3)C2)CN(C)CCN1,,,,,
C9795,N1(C2CCNCC2)C(C2CC(OOO)CCC2)N(c2ccccc2C)NCN1,,,,,
C9796,N1NC(C2C(O)CCCC2)(c2cnncc2)CCC1,,,,,
C9797,N1C(c2nnncn2)NNCN1,,,,,
C9798,C(C#CC(=O)C)c1cnn[nH]1,,,,,
C9799,N1C(n2cnnn2)NCNC1,,,,,
C9800,N1(O[N+](=O)[O-])CN(N(N)C(=O)C)CNN1,,,,,
C9801,C1CCC2(C#CC)CCCCC2C1,,,,,
C9802,C1CN(N)CCN1N1CN(c2nnccc2)CN1,,,,,
C9803,N1(C2CC(O)C(c3ccc(O)cc3)C(C)C2)CNN(C2CCCCC2C)CN1,,,,,
C9804,C1C([N+](=O)[O-])NNC1,,,,,
C9805,CCC#CC,,,,,
C9806,C1([N+](=O)[O-])CCCC(C=CC)C1O,,,,,
C9807,C1CCC2C(C3NNN(N4CCCN4)N3C3CN(C#CC)NN3)CCCC2C1,,,,,
C9808,N1NNN(NN)CC1C(=O)[N+](=O)[O-],,,,,
C9809,CC1NCCN1C(=N)C1CCCCC1,,,,,
C9810,C1N(N2CCNC2)NNN1CC,,,,,
C9811,C1CNCC(OC(=O)N)N1,,,,,
C9812,C(C=C)c1c(O)cccc1,,,,,
C9813,C1C(C2(C#CC)CCNN2C2CCCC(C)C2)CC(c2ccc3c(c2)cccc3)CC1,,,,,
C9814,N1(C#N)NN(N2CC(c3nccnn3)CN2)NCC1,,,,,
C9815,C(C=C)C1NCCCC1C1NCCNN1n1ccnn1,,,,,
C9816,C1CC(c2nnn[nH]2)CCC1,,,,,
C9817,C1CNN(c2nnnnc2)N1,,,,,
C9818,N1NN(C(=O)C)C(n2cccn2)CC1,,,,,
C9819,N1(c2ncc[nH]2)NNN(C2C(O[N+](=O)[O-])NNCN2)CC1C(=O)[N+](=O)[O-],,,,,
C9820,N1N(C2CCCC3C2CC(C2NCCCC2)CC3)NC(c2nnncc2)CC1C1CNCN1,,,,,
C9821,C1CC(NN)C(c2cnccc2)C(O[N+](=O)[O-])C1,,,,,
C9822,C(C(=C)CCC)c1cnncc1,,,,,
C9823,C1(C(=C)NC(=N)N)CNNC1,,,,,
C9824,N1C(CC2C(c3nccnn3)CCCC2)N(NN)CNN1,,,,,
C9825,C1CC(C2N(C3NNCCC3)NNCC2)(C(=O)O)CCC1,,,,,
C9826,N1NNCCC1C1C(CC=C)N(O)NCC1C1NNCCC1,,,,,
C9827,C1CNN(C2CCC3C([N+](=O)[O-])(C2)C(C2NNN(c4cc[nH]n4)CC2)CCC3)N1,,,,,
C9828,N1NNNC(N[N+](=O)[O-])C1,,,,,
C9829,C1N(N)CN(O)N1N=[N+]=[N-],,,,,
C9830,N1N(C=O)NNCC1,,,,,
C9831,N1N(N=[N+]=[N-])NN(C2NNNCN2)CC1,,,,,
C9832,C(C1CCCCC1)C1CN(C2(C(C#C)c3ccc4ccccc4c3)CNNNC2)CN1,,,,,
C9833,C(=C)N1CCC(C#N)N1,,,,,
C9834,N1(C2CCNN2)CNC(N2CNNN2)NN1C1CCCCC1c1nnncn1,,,,,
C9835,CC1CCC(O[N+](=O)[O-])CC1,,,,,
C9836,N1NN(C2CCC3C(n4cccn4)(C2)CCCC3)NCC1,,,,,
C9837,N1C(C2(C)CCCCC2C)CN(C#N)CN1n1cccn1,,,,,
C9838,CCC1C(C2CCCC3C2(C2NCCCC2)CCCC3)CC(c2cnncc2)CC1,,,,,
C9839,N1CN(N)CCC1,,,,,
C9840,C1CN(CC#C)C(C2CCC3C(C2c2nnncc2)CCCC3)N1,,,,,
C9841,CC,,,,,
C9842,C1CN(c2ccc3c(c2)cccc3)NN1C1NNNN([N+](=O)[O-])C1,,,,,
C9843,N1C(C2CCC3(C4CCN(C(=O)O)N4)C(C2)CCCC3)CNCN1,,,,,
C9844,N1(C2CC(C3CNNNC3)(c3nncnc3)NN2)CNCCC1,,,,,
C9845,N1NNCC(N2CCCN2)C1C1NN(C2NCN(C(=O)C)N2)NCN1,,,,,
C9846,C(#CC1CN(CC#C)NCN1C=N)N[N+](=O)[O-],,,,,
C9847,N1(CC=C)CNCNN1O,,,,,
C9848,C(C#CC#C)N,,,,,
C9849,CCc1c[nH]cn1,,,,,
C9850,C1CCCC(O[N+](=O)[O-])C1,,,,,
C9851,C1(C=CC)C(N=[N+]=[N-])CCCC1(ON=NO)N=N,,,,,
C9852,C1NN(C2NN(C3CNNNC3)NNC2C2CCC(C)CC2)N(c2ncncn2)N1,,,,,
C9853,N1N(n2cccn2)C(C2NNC(C3CCNN3)NC2)C(C2CNNNC2)CC1,,,,,
C9854,N1CNCN(C2CC([N+](=O)[O-])NN2)C1C1C(N=O)CNN1,,,,,
C9855,C(=CC(=C)C1CNC(c2ccc3c(c2)cccc3)N1)C(=O)[N+](=O)[O-],,,,,
C9856,C(=C)C(CC)OO,,,,,
C9857,C1NN(C2CN(C=N)C(C(=O)O)N2)NN1C#CC,,,,,
C9858,CC1C(c2ccncc2)CCCC1NN,,,,,
C9859,C1CNC(C2CNCN2)(c2ccc3c(c2)cccc3)N1,,,,,
C9860,C1CC(C2CC(C(=O)O)N(C=O)CC2)(c2c(O)cccc2)CCC1,,,,,
C9861,C1CCC2(C#CC)CCC(N3CCN(OC(=O)N)C3)CC2C1c1cccc(C)c1,,,,,
C9862,C(C#C)O,,,,,
C9863,C(C1NCCN1)(N[N+](=O)[O-])c1nc[nH]n1,,,,,
C9864,CC1N(c2c[nH]nc2)CNN1,,,,,
C9865,N1C(CC)NCC(N2C(C(=O)C)(C)CNC2)C1,,,,,
C9866,C1CN(c2ccc3ccccc3c2)CCN1,,,,,
C9867,N1CNN(C)C(N2CNCN2)(OC(=O)N)N1,,,,,
C9868,N1CN(c2nnnnc2)CNN1,,,,,
C9869,C(CC1CCNCC1)C1N(C2CNCCC2)C(C=C)CNN1,,,,,
C9870,CC(C=CC1CCCCC1)C=N,,,,,
C9871,C1C([N+](=O)[O-])CCC(C2CNN(O)C2OC(=O)N)C1,,,,,
C9872,C1NN(C#CC)N(C#C)N1,,,,,
C9873,C(C#C)(C1CCC(C)CC1)c1ccn[nH]1,,,,,
C9874,N1C(N)N(C2NCCNN2)CNN1N,,,,,
C9875,N1(C2NCNCN2)NC(c2ccncc2)CCC1,,,,,
C9876,C1C(OC(=O)N)N(c2ccc3c(c2)cccc3)CN1,,,,,
C9877,N1CN(C2(O)CNNN2)CCC1N=O,,,,,
C9878,CN=O,,,,,
C9879,C(C)C(=N)C1C(On2ccnc2)(C2CNNN2)CCCC1,,,,,
C9880,N1CC(n2cccn2)N(N=[N+]=[N-])CN1,,,,,
C9881,C1NC(N2CNNN2)N(c2c(O)cccc2)N1,,,,,
C9882,N1CCN(CCc2nnn[nH]2)CN1,,,,,
C9883,N1CNCC(O)C1C1NCNC(C=CC)N1,,,,,
C9884,C1CC(c2cnccc2)CC(C(=O)C)C1,,,,,
C9885,C1CC(C2CCC(C)CC2)CCC1c1ccccc1C,,,,,
C9886,C(C#C)N[N+](=O)[O-],,,,,
C9887,C1NN(C2CNNNC2)NN1OC(=O)N,,,,,
C9888,C1C(c2cc(O)ccc2)CCCC1C1NCCN1,,,,,
C9889,N1C(c2cnncn2)NCCC1,,,,,
C9890,N1CCC(OC2CCC3(c4ncn[nH]4)CCCCC3(C=C)C2)CC1,,,,,
C9891,C1CCC(C2CNNC2)C(C(=O)N)C1OCC=Cc1nc[nH]n1,,,,,
C9892,C(C#CN1CCNC1)N1C(C(=O)C)NNN1,,,,,
C9893,C1C([N+](=O)[O-])N(C2NCNC(N=O)(n3cnnn3)N2)CCN1,,,,,
C9894,C1CNN(N=[N+]=[N-])C1C=C,,,,,
C9895,N1CCN(C#C)CN1C1C(CC=C)NCCC1C1CCCCC1,,,,,
C9896,C1NN(C(CC)N2CNNN2)NN1C=N,,,,,
C9897,C(C1C(C2NCCCC2)(O)CC(C2CNNC2)CC1)c1nccnc1,,,,,
C9898,C(#CC1N(O)NNN1)C(=O)N,,,,,
C9899,C(C#C)(N=NO)n1cncn1,,,,,
C9900,CN1CCCN1N,,,,,
C9901,C(C(C)c1cc[nH]n1)(N)C(=O)N,,,,,
C9902,C1CCC(N2CCNN2)C(c2c[nH]nn2)C1,,,,,
C9903,N1CNCN(C2(c3cnn[nH]3)NNCNN2)C1,,,,,
C9904,C1C(C2NNCC(C3NN(N=NO)NCC3)C2N2CCCN2)NNN1,,,,,
C9905,CC1C(CC2CCCC(C3CCC4C(C3)C(O[N+](=O)[O-])CCC4)C2)(CCC)CCCC1,,,,,
C9906,C(N=N)C1(CC)NCCN1,,,,,
C9907,N1NCCC(C2CC(c3ncncn3)NN2)C1,,,,,
C9908,N1CNCN(C(=N)C)C1,,,,,
C9909,CCCCCC,,,,,
C9910,C(C=Cc1nccnc1)C1NCCNN1,,,,,
C9911,N1NCCCC1c1nncnc1,,,,,
C9912,C1CNNN1c1cc[nH]n1,,,,,
C9913,C=CC(=O)[N+](=O)[O-],,,,,
C9914,CC(C)(O[N+](=O)[O-])c1nncnc1,,,,,
C9915,C1(N)(C(=O)C)NNNN1,,,,,
C9916,C(C(=C)C1CNNN1)O,,,,,
C9917,N1N(C2CCCCC2)NCCC1,,,,,
C9918,N1(C2CCCC(C)C2)CN(C2NNN(C3CC(C#C)C4C(C3)CCCC4)NC2)CNC1,,,,,
C9919,N1CNC(C(=O)O)N(C2N(c3nncnc3)CCNN2)N1,,,,,
C9920,N1CNCN(C2CNNCN2C(=CC)C#CC)C1,,,,,
C9921,C(C(C)C1NC(Cc2ccccc2)NN1)O,,,,,
C9922,C1CCC(NN)CC1,,,,,
C9923,N1NN(C2C(O)CCCC2)CCC1(CC1(c2nnnnc2)CCCCC1)C1NCCNC1,,,,,
C9924,C1(C2CNCN2)CCCCC1(O)c1nc[nH]n1,,,,,
C9925,C1(C(=O)OC2CNNN2)CNCCN1c1ccccc1C,,,,,
C9926,C(=C)c1ccccc1O,,,,,
C9927,C1CN(c2ccc(O)cc2)NN1,,,,,
C9928,N1(C(=O)O)NNN(C2NNN(C3CCNN3)N2)CC1,,,,,
C9929,N1CCNC(N=O)N1,,,,,
C9930,C1C(C2NN(n3ccnc3)CNC2)CC2CCCCC2C1,,,,,
C9931,N1C(C2NCC(N3CNNN3)N2)(c2c(O)cccc2)CNC(C2CNCN2)N1,,,,,
C9932,CC#CC=Cc1ncncn1,,,,,
C9933,C1CNN(C2CC(O)C(CC)CC2)N1,,,,,
C9934,C(=C)(N1CN(C=N)CN1)N=NO,,,,,
C9935,N1CNC(N[N+](=O)[O-])CC1,,,,,
C9936,C(C1(C(=O)[N+](=O)[O-])C(c2ccncc2)CCCC1)C,,,,,
C9937,N1CN(C2CCCCC2)CNN1,,,,,
C9938,C1(C2N(n3cccn3)CCN2)NCNN1,,,,,
C9939,CCN=NOC1CCC(O)(C2CCCCC2)CC1,,,,,
C9940,C(=C)C1CC(O)CCC1C=O,,,,,
C9941,N1CNNC(N[N+](=O)[O-])N1CCC,,,,,
C9942,C1(c2ccncc2)CNCN1,,,,,
C9943,CC1C(O[N+](=O)[O-])CCC(C2CCC3(C4NCC(c5ncccc5)NC4)C(C2)CCCC3)C1,,,,,
C9944,C1(CC=C)C(c2ncn[nH]2)NCN1,,,,,
C9945,N1NN(C2NNCCC2)NCC1n1ccnn1,,,,,
C9946,N1CN(C2(c3cc(O)ccc3)CC(N=O)C(O)CC2)NCN1,,,,,
C9947,N1CCC(C(=O)C)C(O)C1,,,,,
C9948,CC#CCC#Cc1cc[nH]n1,,,,,
C9949,N1CNC(c2ccc3c(c2)cccc3)NN1,,,,,
C9950,C(#Cc1cnncn1)C=O,,,,,
C9951,CC1(C2NCNN2[N+](=O)[O-])CC(C2CNNCC2)CC(C#C)C1,,,,,
C9952,N1NCC(OO)C(N=[N+]=[N-])C1,,,,,
C9953,N1(C2CCNN2)CN(C2NNNNC2)C(C(=O)C)N(C2CNCCC2)C1,,,,,
C9954,C1NNN(C2(N=N)C(O)CCCC2)N1C1C(O)CCCC1C#N,,,,,
C9955,CC1CCC(CC#C)(c2cnncc2)CC1C1N(C#C)NNCN1,,,,,
C9956,Cn1ccnn1,,,,,
C9957,C1NNNN1Cc1ccccc1,,,,,
C9958,C1CCC(N[N+](=O)[O-])CC1,,,,,
C9959,C1C(c2cnccc2)CC2C(C3CCC4CCCCC4C3)CC(N3CNNN3)CC2C1,,,,,
C9960,C1CCCC(c2ccccc2C)C1,,,,,
C9961,C1CN(C2NNNC(c3cnccc3)C2)NC1,,,,,
C9962,N1NNCC(NC(=N)N)C1c1nncnn1,,,,,
C9963,N1CNNC(N2C(CC3CCCCC3)CNN2)N1C#N,,,,,
C9964,N1(C2CC(O)CCC2c2nc[nH]n2)CC(C2CNNCC2)CCC1,,,,,
C9965,C1(N=O)CNC(O)CN1,,,,,
C9966,N1C(CC2CC(c3nccnn3)CCC2C2CCNN2)NCC(N=N)C1,,,,,
C9967,C(C#CC#N)C(=O)NC1(c2c(O)cccc2)CCCC(C)C1,,,,,
C9968,N1(C2CC(O[N+](=O)[O-])CC3C2CC(C2CNCN2)CC3)CNCCC1,,,,,
C9969,C(C=CC(=N)C1CNNN1)C=CC=CC,,,,,
C9970,C1C(C)CC2CCCCC2C1,,,,,
C9971,N1(c2nnccc2)CCNCN1,,,,,
C9972,C1CC(C2C(N)CCC3C2C(O[N+](=O)[O-])CC(n2cncn2)C3)CCC1,,,,,
C9973,C(#CC=N)C=CC,,,,,
C9974,N1N(c2nnncn2)N(OC(=O)N)N(C#CC)CC1,,,,,
C9975,C1CC(C2NCNN2)C2CCCCC2(O)C1C1C(N2CCCN2)CC(C)CC1,,,,,
C9976,C=CC1CCC2C(C1C#N)C([N+](=O)[O-])CCC2C1CNCN1,,,,,
C9977,N1C(C2CCCC(C)C2)C(C2NC(C#CC)C(c3nnncc3)N2)CCC1,,,,,
C9978,C1N(n2cccn2)NNN1,,,,,
C9979,CC1NC(c2cnncn2)NCN1,,,,,
C9980,N1N(O[N+](=O)[O-])NCCC1C1NN(OO)NN1N,,,,,
C9981,N1CNCN(C2CC(C=CC)C(C)CC2)N1,,,,,
C9982,C1([N+](=O)[O-])(c2nccnn2)CNNN1C1NCCN(O)N1,,,,,
C9983,CC1(N2CCNC2)CNN(CC=C)N1N,,,,,
C9984,C(CCC(=O)[N+](=O)[O-])(O[N+](=O)[O-])(N=[N+]=[N-])OO,,,,,
C9985,C1CC(OC(=O)N)C(c2ccc3c(c2)cccc3)CC1,,,,,
C9986,N1(C2CC(c3ccc4ccccc4c3)C3C(C2)CCCC3)CNCCC1C1NCCCC1,,,,,
C9987,CC=CC1CNNCN1c1nncnn1,,,,,
C9988,C1(C2(c3ccc4c(c3)cccc4)CCNCC2)CC(N2CNCN2)CCC1,,,,,
C9989,N1CCC(C)CC1,,,,,
C9990,N1CN(c2ccc(O)cc2)C(N2CCNN2C2CCNN2)NC1,,,,,
C9991,CC1CC(c2ncccc2)CC(C2N(N3CCNC3)CCN2)C1,,,,,
C9992,N1CC(C#C)NCN1,,,,,
C9993,C(#C)c1cnncn1,,,,,
C9994,CC1(CC2C(C(=O)[N+](=O)[O-])CCCC2)CCCCC1,,,,,
C9995,CC1(C2CCCCC2)CCC(O)(C2CCCCC2C)CC1,,,,,
C9996,CC1NCN(N(C(=N)N)c2cccc(C)c2)N1,,,,,
C9997,C1CNCN1C1N(N=O)CN(n2ccnc2)N1N,,,,,
C9998,N1CN(N=NO)CN(C=C)N1,,,,,
C9999,C1(N=N)(C=CC)CCCCC1O,,,,,
C10000,N1CNCCC1C1CNC(c2ccncc2)N1,,,,,
